2025-10-03 14:03:37 - Executing: make linux
----------------------------------------
workflows/sysbench/Makefile:67: warning: overriding recipe for target 'monitor-results'
workflows/sysbench/Makefile:51: warning: ignoring old recipe for target 'monitor-results'
==> [extend-extra-args-pcie-passthrough]
+ .//scripts/gen_pcie_passthrough_vars.sh
==> [linux]
+ ansible-playbook --limit baseline:dev playbooks/bootlinux.yml '--extra-vars=target_linux_git=/mirror/vfs.git target_linux_tree=vfs target_linux_ref=vfs.blocksize target_linux_config=config-vfs.blocksize target_linux_kernelrelease= target_linux_localversion= target_linux_shallow_depth=1 bootlinux_9p_host_path='\''/data1-xfs/dagomez/kdevops/linux'\'' bootlinux_9p_msize='\''131072'\'' bootlinux_9p_fsdev='\''kdevops_9p_fsdev'\'' bootlinux_9p_security_model='\''none'\'' bootlinux_9p_driver='\''virtio-9p-pci'\'' bootlinux_9p_mount_tag='\''kdevops_9p_bootlinux'\'' bootlinux_cxl_test='
[WARNING]: Collection community.general does not support Ansible version
2.14.18
[WARNING]: Collection ansible.posix does not support Ansible version 2.14.18
PLAY: BOOTLINUX
TASK: Gathering Facts [kci-18051236464-20-xfs-reflink-4k,kci-18051236464-20-xfs-reflink-4k-dev]
⠀⠀✓ [kci-18051236464-20-xfs-reflink-4k-dev]
⠀⠀✓ [kci-18051236464-20-xfs-reflink-4k]
TASK:  [kci-18051236464-20-xfs-reflink-4k,kci-18051236464-20-xfs-reflink-4k-dev]
[WARNING]: While constructing a mapping from
/data1-xfs/dagomez/kdevops/extra_vars.yaml, line 2, column 1, found a duplicate
dict key (qemu_bin_path). Using last defined value only.
[WARNING]: While constructing a mapping from
/data1-xfs/dagomez/kdevops/extra_vars.yaml, line 2, column 1, found a duplicate
dict key (qemu_bin_path). Using last defined value only.
⠀⠀✓ [host]
⠀⠀✓ [host]
TASK: Select the .config file for building the test kernel [kci-18051236464-20-xfs-reflink-4k,kci-18051236464-20-xfs-reflink-4k-dev]
⠀⠀✓ [kci-18051236464-20-xfs-reflink-4k]
⠀⠀✓ [kci-18051236464-20-xfs-reflink-4k-dev]
included: /data1-xfs/dagomez/kdevops/playbooks/roles/bootlinux/tasks/config.yml for kci-18051236464-20-xfs-reflink-4k, kci-18051236464-20-xfs-reflink-4k-dev
TASK: Initialize the kernel config file names search list [kci-18051236464-20-xfs-reflink-4k,kci-18051236464-20-xfs-reflink-4k-dev]
⠀⠀✓ [kci-18051236464-20-xfs-reflink-4k]
⠀⠀✓ [kci-18051236464-20-xfs-reflink-4k-dev]
TASK: Find all linux-next kernel config files [kci-18051236464-20-xfs-reflink-4k,kci-18051236464-20-xfs-reflink-4k-dev]
⠀⠀✓ [kci-18051236464-20-xfs-reflink-4k]
TASK:  [kci-18051236464-20-xfs-reflink-4k,kci-18051236464-20-xfs-reflink-4k-dev]
⠀⠀✓ [host]
⠀⠀✓ [host]
TASK:  [kci-18051236464-20-xfs-reflink-4k,kci-18051236464-20-xfs-reflink-4k-dev]
⠀⠀✓ [kci-18051236464-20-xfs-reflink-4k]
⠀⠀✓ [kci-18051236464-20-xfs-reflink-4k-dev]
TASK: Clean kernel source before configuration (make mrproper) for non-9P builds [kci-18051236464-20-xfs-reflink-4k,kci-18051236464-20-xfs-reflink-4k-dev]
⠀⠀⊘ [kci-18051236464-20-xfs-reflink-4k]
⠀⠀⊘ [kci-18051236464-20-xfs-reflink-4k-dev]
TASK:  [kci-18051236464-20-xfs-reflink-4k,kci-18051236464-20-xfs-reflink-4k-dev]
⠀⠀✓ [host]
⠀⠀✓ [host]
TASK: Update apt cache [kci-18051236464-20-xfs-reflink-4k,kci-18051236464-20-xfs-reflink-4k-dev]
⠀⠀⊘ [kci-18051236464-20-xfs-reflink-4k]
⠀⠀⊘ [kci-18051236464-20-xfs-reflink-4k-dev]
TASK: Install Linux kernel build dependencies [kci-18051236464-20-xfs-reflink-4k,kci-18051236464-20-xfs-reflink-4k-dev]
⠀⠀⊘ [kci-18051236464-20-xfs-reflink-4k]
⠀⠀⊘ [kci-18051236464-20-xfs-reflink-4k-dev]
TASK: Install Linux kernel build dependencies for SUSE sources [kci-18051236464-20-xfs-reflink-4k,kci-18051236464-20-xfs-reflink-4k-dev]
⠀⠀⊘ [kci-18051236464-20-xfs-reflink-4k]
⠀⠀⊘ [kci-18051236464-20-xfs-reflink-4k-dev]
TASK: Enable installation of packages from EPEL [kci-18051236464-20-xfs-reflink-4k,kci-18051236464-20-xfs-reflink-4k-dev]
⠀⠀⊘ [kci-18051236464-20-xfs-reflink-4k]
⠀⠀⊘ [kci-18051236464-20-xfs-reflink-4k-dev]
TASK: Install packages we care about [kci-18051236464-20-xfs-reflink-4k,kci-18051236464-20-xfs-reflink-4k-dev]
⠀⠀⊘ [kci-18051236464-20-xfs-reflink-4k]
⠀⠀⊘ [kci-18051236464-20-xfs-reflink-4k-dev]
TASK: Install btrfs-progs [kci-18051236464-20-xfs-reflink-4k,kci-18051236464-20-xfs-reflink-4k-dev]
⠀⠀⊘ [kci-18051236464-20-xfs-reflink-4k]
⠀⠀⊘ [kci-18051236464-20-xfs-reflink-4k-dev]
TASK: Install clang [kci-18051236464-20-xfs-reflink-4k,kci-18051236464-20-xfs-reflink-4k-dev]
⠀⠀⊘ [kci-18051236464-20-xfs-reflink-4k]
⠀⠀⊘ [kci-18051236464-20-xfs-reflink-4k-dev]
TASK: Install rpmbuild [kci-18051236464-20-xfs-reflink-4k,kci-18051236464-20-xfs-reflink-4k-dev]
⠀⠀⊘ [kci-18051236464-20-xfs-reflink-4k]
⠀⠀⊘ [kci-18051236464-20-xfs-reflink-4k-dev]
TASK: Remove packages that mess with initramfs [kci-18051236464-20-xfs-reflink-4k,kci-18051236464-20-xfs-reflink-4k-dev]
⠀⠀⊘ [kci-18051236464-20-xfs-reflink-4k]
⠀⠀⊘ [kci-18051236464-20-xfs-reflink-4k-dev]
TASK: Update apt cache accepting release info changes [kci-18051236464-20-xfs-reflink-4k,kci-18051236464-20-xfs-reflink-4k-dev]
⠀⠀⊘ [kci-18051236464-20-xfs-reflink-4k]
⠀⠀⊘ [kci-18051236464-20-xfs-reflink-4k-dev]
TASK: Update apt cache [kci-18051236464-20-xfs-reflink-4k,kci-18051236464-20-xfs-reflink-4k-dev]
⠀⠀⊘ [kci-18051236464-20-xfs-reflink-4k]
⠀⠀⊘ [kci-18051236464-20-xfs-reflink-4k-dev]
TASK: Install minimal build tools for kernel installation [kci-18051236464-20-xfs-reflink-4k,kci-18051236464-20-xfs-reflink-4k-dev]
⠀⠀⊘ [kci-18051236464-20-xfs-reflink-4k]
⠀⠀⊘ [kci-18051236464-20-xfs-reflink-4k-dev]
TASK: Install minimal build tools for kernel installation [kci-18051236464-20-xfs-reflink-4k,kci-18051236464-20-xfs-reflink-4k-dev]
⠀⠀⊘ [kci-18051236464-20-xfs-reflink-4k]
⠀⠀⊘ [kci-18051236464-20-xfs-reflink-4k-dev]
TASK: Install minimal build tools for kernel installation [kci-18051236464-20-xfs-reflink-4k,kci-18051236464-20-xfs-reflink-4k-dev]
⠀⠀⊘ [kci-18051236464-20-xfs-reflink-4k]
⠀⠀⊘ [kci-18051236464-20-xfs-reflink-4k-dev]
TASK: Install minimal build tools for kernel installation (dnf) [kci-18051236464-20-xfs-reflink-4k,kci-18051236464-20-xfs-reflink-4k-dev]
⠀⠀✓ [kci-18051236464-20-xfs-reflink-4k]
⠀⠀✓ [kci-18051236464-20-xfs-reflink-4k-dev]
TASK:  [kci-18051236464-20-xfs-reflink-4k,kci-18051236464-20-xfs-reflink-4k-dev]
⠀⠀⊘ [host]
⠀⠀⊘ [host]
TASK:  [kci-18051236464-20-xfs-reflink-4k,kci-18051236464-20-xfs-reflink-4k-dev]
⠀⠀⊘ [kci-18051236464-20-xfs-reflink-4k]
⠀⠀⊘ [kci-18051236464-20-xfs-reflink-4k-dev]
TASK: Display ccache configuration info [kci-18051236464-20-xfs-reflink-4k,kci-18051236464-20-xfs-reflink-4k-dev]
ccache enabled: True
ccache mode: system-wide
ccache enabled: True
ccache mode: system-wide
TASK: Install b4 [kci-18051236464-20-xfs-reflink-4k,kci-18051236464-20-xfs-reflink-4k-dev]
⠀⠀⊘ [kci-18051236464-20-xfs-reflink-4k]
⠀⠀⊘ [kci-18051236464-20-xfs-reflink-4k-dev]
TASK:  [kci-18051236464-20-xfs-reflink-4k,kci-18051236464-20-xfs-reflink-4k-dev]
⠀⠀✓ [kci-18051236464-20-xfs-reflink-4k]
⠀⠀✓ [kci-18051236464-20-xfs-reflink-4k-dev]
TASK: Enable b4 am all hosts if not deploying dev and baseline nodes [kci-18051236464-20-xfs-reflink-4k,kci-18051236464-20-xfs-reflink-4k-dev]
⠀⠀⊘ [kci-18051236464-20-xfs-reflink-4k]
⠀⠀⊘ [kci-18051236464-20-xfs-reflink-4k-dev]
TASK:  [kci-18051236464-20-xfs-reflink-4k,kci-18051236464-20-xfs-reflink-4k-dev]
⠀⠀⊘ [kci-18051236464-20-xfs-reflink-4k]
⠀⠀⊘ [kci-18051236464-20-xfs-reflink-4k-dev]
TASK: Set development group full custom kernel release [kci-18051236464-20-xfs-reflink-4k,kci-18051236464-20-xfs-reflink-4k-dev]
⠀⠀⊘ [kci-18051236464-20-xfs-reflink-4k]
⠀⠀⊘ [kci-18051236464-20-xfs-reflink-4k-dev]
TASK: Set development group local append version [kci-18051236464-20-xfs-reflink-4k,kci-18051236464-20-xfs-reflink-4k-dev]
⠀⠀⊘ [kci-18051236464-20-xfs-reflink-4k]
⠀⠀⊘ [kci-18051236464-20-xfs-reflink-4k-dev]
TASK: Set development kernel parameters for dev nodes [kci-18051236464-20-xfs-reflink-4k,kci-18051236464-20-xfs-reflink-4k-dev]
⠀⠀⊘ [kci-18051236464-20-xfs-reflink-4k]
⠀⠀⊘ [kci-18051236464-20-xfs-reflink-4k-dev]
TASK: Determine if we're targeting dev nodes for A/B testing [kci-18051236464-20-xfs-reflink-4k,kci-18051236464-20-xfs-reflink-4k-dev]
⠀⠀⊘ [kci-18051236464-20-xfs-reflink-4k]
TASK: Determine active kernel parameters for A/B testing with 9P [kci-18051236464-20-xfs-reflink-4k,kci-18051236464-20-xfs-reflink-4k-dev]
⠀⠀⊘ [kci-18051236464-20-xfs-reflink-4k]
TASK: Print kernel ref settings for 9P debug (localhost context) [kci-18051236464-20-xfs-reflink-4k,kci-18051236464-20-xfs-reflink-4k-dev]
⠀⠀⊘ [kci-18051236464-20-xfs-reflink-4k]
TASK: End play gracefully for kernel ref debug [kci-18051236464-20-xfs-reflink-4k,kci-18051236464-20-xfs-reflink-4k-dev]
⠀⠀⊘ [kci-18051236464-20-xfs-reflink-4k]
TASK:  [kci-18051236464-20-xfs-reflink-4k,kci-18051236464-20-xfs-reflink-4k-dev]
⠀⠀⊘ [kci-18051236464-20-xfs-reflink-4k]
⠀⠀⊘ [kci-18051236464-20-xfs-reflink-4k-dev]
TASK: End play gracefully for kernel ref debug [kci-18051236464-20-xfs-reflink-4k,kci-18051236464-20-xfs-reflink-4k-dev]
⠀⠀⊘ [kci-18051236464-20-xfs-reflink-4k]
TASK: Create data partition [kci-18051236464-20-xfs-reflink-4k,kci-18051236464-20-xfs-reflink-4k-dev]
⠀⠀✓ [kci-18051236464-20-xfs-reflink-4k]
⠀⠀✓ [kci-18051236464-20-xfs-reflink-4k-dev]
TASK: Include common role [kci-18051236464-20-xfs-reflink-4k,kci-18051236464-20-xfs-reflink-4k-dev]
⠀⠀✓ [kci-18051236464-20-xfs-reflink-4k]
⠀⠀✓ [kci-18051236464-20-xfs-reflink-4k-dev]
TASK:  [kci-18051236464-20-xfs-reflink-4k,kci-18051236464-20-xfs-reflink-4k-dev]
[WARNING]: While constructing a mapping from
/data1-xfs/dagomez/kdevops/extra_vars.yaml, line 2, column 1, found a duplicate
dict key (qemu_bin_path). Using last defined value only.
[WARNING]: While constructing a mapping from
/data1-xfs/dagomez/kdevops/extra_vars.yaml, line 2, column 1, found a duplicate
dict key (qemu_bin_path). Using last defined value only.
⠀⠀✓ [host]
⠀⠀✓ [host]
TASK: Git reset kdevops [kci-18051236464-20-xfs-reflink-4k,kci-18051236464-20-xfs-reflink-4k-dev]
⠀⠀⊘ [kci-18051236464-20-xfs-reflink-4k]
⠀⠀⊘ [kci-18051236464-20-xfs-reflink-4k-dev]
TASK: Get username we are using [kci-18051236464-20-xfs-reflink-4k,kci-18051236464-20-xfs-reflink-4k-dev]
⠀⠀✓ [kci-18051236464-20-xfs-reflink-4k-dev]
⠀⠀✓ [kci-18051236464-20-xfs-reflink-4k]
TASK:  [kci-18051236464-20-xfs-reflink-4k,kci-18051236464-20-xfs-reflink-4k-dev]
⠀⠀✓ [kci-18051236464-20-xfs-reflink-4k]
⠀⠀✓ [kci-18051236464-20-xfs-reflink-4k-dev]
TASK:  [kci-18051236464-20-xfs-reflink-4k,kci-18051236464-20-xfs-reflink-4k-dev]
⠀⠀✓ [kci-18051236464-20-xfs-reflink-4k]
⠀⠀✓ [kci-18051236464-20-xfs-reflink-4k-dev]
TASK:  [kci-18051236464-20-xfs-reflink-4k,kci-18051236464-20-xfs-reflink-4k-dev]
⠀⠀✓ [kci-18051236464-20-xfs-reflink-4k]
⠀⠀✓ [kci-18051236464-20-xfs-reflink-4k-dev]
TASK:  [kci-18051236464-20-xfs-reflink-4k,kci-18051236464-20-xfs-reflink-4k-dev]
⠀⠀✓ [kci-18051236464-20-xfs-reflink-4k]
⠀⠀✓ [kci-18051236464-20-xfs-reflink-4k-dev]
TASK:  [kci-18051236464-20-xfs-reflink-4k,kci-18051236464-20-xfs-reflink-4k-dev]
⠀⠀✓ [kci-18051236464-20-xfs-reflink-4k]
⠀⠀✓ [kci-18051236464-20-xfs-reflink-4k-dev]
TASK:  [kci-18051236464-20-xfs-reflink-4k,kci-18051236464-20-xfs-reflink-4k-dev]
⠀⠀⊘ [kci-18051236464-20-xfs-reflink-4k]
⠀⠀⊘ [kci-18051236464-20-xfs-reflink-4k-dev]
TASK:  [kci-18051236464-20-xfs-reflink-4k,kci-18051236464-20-xfs-reflink-4k-dev]
⠀⠀✓ [kci-18051236464-20-xfs-reflink-4k]
⠀⠀✓ [kci-18051236464-20-xfs-reflink-4k-dev]
TASK:  [kci-18051236464-20-xfs-reflink-4k,kci-18051236464-20-xfs-reflink-4k-dev]
⠀⠀⊘ [kci-18051236464-20-xfs-reflink-4k]
TASK:  [kci-18051236464-20-xfs-reflink-4k,kci-18051236464-20-xfs-reflink-4k-dev]
⠀⠀⊘ [host]
⠀⠀⊘ [host]
TASK:  [kci-18051236464-20-xfs-reflink-4k,kci-18051236464-20-xfs-reflink-4k-dev]
⠀⠀⊘ [host]
⠀⠀⊘ [host]
TASK: Create data partition if not created yet [kci-18051236464-20-xfs-reflink-4k,kci-18051236464-20-xfs-reflink-4k-dev]
⠀⠀✓ [kci-18051236464-20-xfs-reflink-4k]
⠀⠀✓ [kci-18051236464-20-xfs-reflink-4k-dev]
TASK:  [kci-18051236464-20-xfs-reflink-4k,kci-18051236464-20-xfs-reflink-4k-dev]
[WARNING]: While constructing a mapping from
/data1-xfs/dagomez/kdevops/extra_vars.yaml, line 2, column 1, found a duplicate
dict key (qemu_bin_path). Using last defined value only.
[WARNING]: While constructing a mapping from
/data1-xfs/dagomez/kdevops/extra_vars.yaml, line 2, column 1, found a duplicate
dict key (qemu_bin_path). Using last defined value only.
⠀⠀✓ [host]
⠀⠀✓ [host]
TASK: Install partition creation base tools [kci-18051236464-20-xfs-reflink-4k,kci-18051236464-20-xfs-reflink-4k-dev]
⠀⠀⊘ [kci-18051236464-20-xfs-reflink-4k]
⠀⠀⊘ [kci-18051236464-20-xfs-reflink-4k-dev]
TASK:  [kci-18051236464-20-xfs-reflink-4k,kci-18051236464-20-xfs-reflink-4k-dev]
⠀⠀⊘ [kci-18051236464-20-xfs-reflink-4k]
⠀⠀⊘ [kci-18051236464-20-xfs-reflink-4k-dev]
TASK:  [kci-18051236464-20-xfs-reflink-4k,kci-18051236464-20-xfs-reflink-4k-dev]
⠀⠀⊘ [kci-18051236464-20-xfs-reflink-4k]
⠀⠀⊘ [kci-18051236464-20-xfs-reflink-4k-dev]
TASK: Set SLE specific version labels to make checks easier when not SLE [kci-18051236464-20-xfs-reflink-4k,kci-18051236464-20-xfs-reflink-4k-dev]
⠀⠀⊘ [kci-18051236464-20-xfs-reflink-4k]
⠀⠀⊘ [kci-18051236464-20-xfs-reflink-4k-dev]
TASK: By default we assume we have figured out how to add repos on a release [kci-18051236464-20-xfs-reflink-4k,kci-18051236464-20-xfs-reflink-4k-dev]
⠀⠀⊘ [kci-18051236464-20-xfs-reflink-4k]
⠀⠀⊘ [kci-18051236464-20-xfs-reflink-4k-dev]
TASK: Lets us disable things which require a zypper repo present [kci-18051236464-20-xfs-reflink-4k,kci-18051236464-20-xfs-reflink-4k-dev]
⠀⠀⊘ [kci-18051236464-20-xfs-reflink-4k]
⠀⠀⊘ [kci-18051236464-20-xfs-reflink-4k-dev]
TASK: Install partition creation base tools [kci-18051236464-20-xfs-reflink-4k,kci-18051236464-20-xfs-reflink-4k-dev]
⠀⠀⊘ [kci-18051236464-20-xfs-reflink-4k]
⠀⠀⊘ [kci-18051236464-20-xfs-reflink-4k-dev]
TASK: Install partition creation base tools [kci-18051236464-20-xfs-reflink-4k,kci-18051236464-20-xfs-reflink-4k-dev]
⠀⠀✓ [kci-18051236464-20-xfs-reflink-4k]
⠀⠀✓ [kci-18051236464-20-xfs-reflink-4k-dev]
TASK: Install btrfs-progs [kci-18051236464-20-xfs-reflink-4k,kci-18051236464-20-xfs-reflink-4k-dev]
⠀⠀✓ [kci-18051236464-20-xfs-reflink-4k]
⠀⠀✓ [kci-18051236464-20-xfs-reflink-4k-dev]
TASK: Check if /data is mounted [kci-18051236464-20-xfs-reflink-4k,kci-18051236464-20-xfs-reflink-4k-dev]
⠀⠀✓ [kci-18051236464-20-xfs-reflink-4k]
⠀⠀✓ [kci-18051236464-20-xfs-reflink-4k-dev]
TASK: Check if /data is present on /etc/fstab [kci-18051236464-20-xfs-reflink-4k,kci-18051236464-20-xfs-reflink-4k-dev]
⠀⠀✓ [kci-18051236464-20-xfs-reflink-4k]
⠀⠀✓ [kci-18051236464-20-xfs-reflink-4k-dev]
TASK: Partitions | Read all partitions labels and see if they match data [kci-18051236464-20-xfs-reflink-4k,kci-18051236464-20-xfs-reflink-4k-dev]
⠀⠀✓ [kci-18051236464-20-xfs-reflink-4k]
⠀⠀✓ [kci-18051236464-20-xfs-reflink-4k-dev]
TASK: Partitions | Check if block /dev/disk/by-id/nvme-QEMU_NVMe_Ctrl_kdevops0 exists [kci-18051236464-20-xfs-reflink-4k,kci-18051236464-20-xfs-reflink-4k-dev]
⠀⠀✓ [kci-18051236464-20-xfs-reflink-4k-dev]
⠀⠀✓ [kci-18051236464-20-xfs-reflink-4k]
TASK: Wipe old filesystem if /dev/disk/by-id/nvme-QEMU_NVMe_Ctrl_kdevops0 was not on /etc/fstab [kci-18051236464-20-xfs-reflink-4k,kci-18051236464-20-xfs-reflink-4k-dev]
⠀⠀✓ [kci-18051236464-20-xfs-reflink-4k]
⠀⠀✓ [kci-18051236464-20-xfs-reflink-4k-dev]
TASK: Partitions | Read /dev/disk/by-id/nvme-QEMU_NVMe_Ctrl_kdevops0 partitions and mountpoints [kci-18051236464-20-xfs-reflink-4k,kci-18051236464-20-xfs-reflink-4k-dev]
⠀⠀✓ [kci-18051236464-20-xfs-reflink-4k]
⠀⠀✓ [kci-18051236464-20-xfs-reflink-4k-dev]
TASK:  [kci-18051236464-20-xfs-reflink-4k,kci-18051236464-20-xfs-reflink-4k-dev]
⠀⠀✓ [kci-18051236464-20-xfs-reflink-4k]
⠀⠀✓ [kci-18051236464-20-xfs-reflink-4k-dev]
TASK: Create filesystem if /dev/disk/by-id/nvme-QEMU_NVMe_Ctrl_kdevops0 has no partitions and is not mounted [kci-18051236464-20-xfs-reflink-4k,kci-18051236464-20-xfs-reflink-4k-dev]
⠀⠀✓ [kci-18051236464-20-xfs-reflink-4k]
⠀⠀✓ [kci-18051236464-20-xfs-reflink-4k-dev]
TASK: Mount data filesystem if /data is not mounted [kci-18051236464-20-xfs-reflink-4k,kci-18051236464-20-xfs-reflink-4k-dev]
⠀⠀✓ [kci-18051236464-20-xfs-reflink-4k-dev]
⠀⠀✓ [kci-18051236464-20-xfs-reflink-4k]
TASK: Ensure directory /data is created and with correct permissions [kci-18051236464-20-xfs-reflink-4k,kci-18051236464-20-xfs-reflink-4k-dev]
⠀⠀✓ [kci-18051236464-20-xfs-reflink-4k]
⠀⠀✓ [kci-18051236464-20-xfs-reflink-4k-dev]
TASK: Mount bootlinux 9p on each target node [kci-18051236464-20-xfs-reflink-4k,kci-18051236464-20-xfs-reflink-4k-dev]
⠀⠀✓ [kci-18051236464-20-xfs-reflink-4k]
⠀⠀✓ [kci-18051236464-20-xfs-reflink-4k-dev]
TASK:  [kci-18051236464-20-xfs-reflink-4k,kci-18051236464-20-xfs-reflink-4k-dev]
⠀⠀⊘ [kci-18051236464-20-xfs-reflink-4k]
⠀⠀⊘ [kci-18051236464-20-xfs-reflink-4k-dev]
TASK: Build the Linux kernel on the controller host [kci-18051236464-20-xfs-reflink-4k,kci-18051236464-20-xfs-reflink-4k-dev]
⠀⠀✓ [kci-18051236464-20-xfs-reflink-4k]
⠀⠀✓ [kci-18051236464-20-xfs-reflink-4k-dev]
included: /data1-xfs/dagomez/kdevops/playbooks/roles/bootlinux/tasks/build/9p.yml for kci-18051236464-20-xfs-reflink-4k, kci-18051236464-20-xfs-reflink-4k-dev
TASK: Update apt cache [kci-18051236464-20-xfs-reflink-4k,kci-18051236464-20-xfs-reflink-4k-dev]
⠀⠀⊘ [kci-18051236464-20-xfs-reflink-4k]
TASK: Install Linux kernel build dependencies [kci-18051236464-20-xfs-reflink-4k,kci-18051236464-20-xfs-reflink-4k-dev]
⠀⠀⊘ [kci-18051236464-20-xfs-reflink-4k]
TASK: Install Linux kernel build dependencies for SUSE sources [kci-18051236464-20-xfs-reflink-4k,kci-18051236464-20-xfs-reflink-4k-dev]
⠀⠀⊘ [kci-18051236464-20-xfs-reflink-4k]
TASK: Enable installation of packages from EPEL [kci-18051236464-20-xfs-reflink-4k,kci-18051236464-20-xfs-reflink-4k-dev]
⠀⠀⊘ [kci-18051236464-20-xfs-reflink-4k]
TASK: Install packages we care about [kci-18051236464-20-xfs-reflink-4k,kci-18051236464-20-xfs-reflink-4k-dev]
⠀⠀✓ [kci-18051236464-20-xfs-reflink-4k]
TASK: Install btrfs-progs [kci-18051236464-20-xfs-reflink-4k,kci-18051236464-20-xfs-reflink-4k-dev]
⠀⠀✓ [kci-18051236464-20-xfs-reflink-4k]
TASK: Install clang [kci-18051236464-20-xfs-reflink-4k,kci-18051236464-20-xfs-reflink-4k-dev]
⠀⠀⊘ [kci-18051236464-20-xfs-reflink-4k]
TASK: Install rpmbuild [kci-18051236464-20-xfs-reflink-4k,kci-18051236464-20-xfs-reflink-4k-dev]
⠀⠀⊘ [kci-18051236464-20-xfs-reflink-4k]
TASK: Remove packages that mess with initramfs [kci-18051236464-20-xfs-reflink-4k,kci-18051236464-20-xfs-reflink-4k-dev]
⠀⠀✓ [kci-18051236464-20-xfs-reflink-4k]
TASK: Install b4 on host [kci-18051236464-20-xfs-reflink-4k,kci-18051236464-20-xfs-reflink-4k-dev]
⠀⠀⊘ [kci-18051236464-20-xfs-reflink-4k]
TASK: Add safe exception for a clone [kci-18051236464-20-xfs-reflink-4k,kci-18051236464-20-xfs-reflink-4k-dev]
$ git config --global --add safe.directory /mirror/vfs.git
TASK: Check if target directory exists when using 9p and Linux CLI was set [kci-18051236464-20-xfs-reflink-4k,kci-18051236464-20-xfs-reflink-4k-dev]
⠀⠀⊘ [kci-18051236464-20-xfs-reflink-4k]
TASK: Fail if target directory does not exist when using 9p and Linux CLI was set [kci-18051236464-20-xfs-reflink-4k,kci-18051236464-20-xfs-reflink-4k-dev]
⠀⠀⊘ [kci-18051236464-20-xfs-reflink-4k]
TASK: Git clone vfs on the control node [kci-18051236464-20-xfs-reflink-4k,kci-18051236464-20-xfs-reflink-4k-dev]
⠀⠀✓ [kci-18051236464-20-xfs-reflink-4k]
TASK:  [kci-18051236464-20-xfs-reflink-4k,kci-18051236464-20-xfs-reflink-4k-dev]
⠀⠀⊘ [host]
TASK:  [kci-18051236464-20-xfs-reflink-4k,kci-18051236464-20-xfs-reflink-4k-dev]
⠀⠀⊘ [host]
TASK:  [kci-18051236464-20-xfs-reflink-4k,kci-18051236464-20-xfs-reflink-4k-dev]
⠀⠀⊘ [host]
⠀⠀⊘ [host]
TASK:  [kci-18051236464-20-xfs-reflink-4k,kci-18051236464-20-xfs-reflink-4k-dev]
⠀⠀⊘ [host]
TASK: Clean kernel source before configuration (make mrproper) on the control node [kci-18051236464-20-xfs-reflink-4k,kci-18051236464-20-xfs-reflink-4k-dev]
⠀⠀✓ [kci-18051236464-20-xfs-reflink-4k]
TASK:  [kci-18051236464-20-xfs-reflink-4k,kci-18051236464-20-xfs-reflink-4k-dev]
⠀⠀✓ [kci-18051236464-20-xfs-reflink-4k]
TASK: Initialize fragment list [kci-18051236464-20-xfs-reflink-4k,kci-18051236464-20-xfs-reflink-4k-dev]
⠀⠀⊘ [kci-18051236464-20-xfs-reflink-4k]
TASK:  [kci-18051236464-20-xfs-reflink-4k,kci-18051236464-20-xfs-reflink-4k-dev]
⠀⠀⊘ [host]
TASK:  [kci-18051236464-20-xfs-reflink-4k,kci-18051236464-20-xfs-reflink-4k-dev]
⠀⠀⊘ [host]
TASK:  [kci-18051236464-20-xfs-reflink-4k,kci-18051236464-20-xfs-reflink-4k-dev]
⠀⠀⊘ [host]
TASK: Display warning if no fragments selected [kci-18051236464-20-xfs-reflink-4k,kci-18051236464-20-xfs-reflink-4k-dev]
⠀⠀⊘ [kci-18051236464-20-xfs-reflink-4k]
TASK:  [kci-18051236464-20-xfs-reflink-4k,kci-18051236464-20-xfs-reflink-4k-dev]
⠀⠀⊘ [host]
TASK: Set kernel localversion if requested on the control node [kci-18051236464-20-xfs-reflink-4k,kci-18051236464-20-xfs-reflink-4k-dev]
⠀⠀⊘ [kci-18051236464-20-xfs-reflink-4k]
TASK: Configure kernel with oldconfig (9P build - monolithic config only) [kci-18051236464-20-xfs-reflink-4k,kci-18051236464-20-xfs-reflink-4k-dev]
$ s e t   - o   p i p e f a i l 
 y e s   " "   |   m a k e   o l d c o n f i g 

  HOSTCC  scripts/basic/fixdep
  HOSTCC  scripts/kconfig/conf.o
  HOSTCC  scripts/kconfig/confdata.o
  HOSTCC  scripts/kconfig/expr.o
  LEX     scripts/kconfig/lexer.lex.c
  YACC    scripts/kconfig/parser.tab.[ch]
  HOSTCC  scripts/kconfig/lexer.lex.o
  HOSTCC  scripts/kconfig/menu.o
  HOSTCC  scripts/kconfig/parser.tab.o
  HOSTCC  scripts/kconfig/preprocess.o
  HOSTCC  scripts/kconfig/symbol.o
  HOSTCC  scripts/kconfig/util.o
  HOSTLD  scripts/kconfig/conf
*
* Restart config...
*
*
* Control Group support
*
Control Group support (CGROUPS) [Y/?] y
  Favor dynamic modification latency reduction by default (CGROUP_FAVOR_DYNMODS) [N/y/?] n
  Memory controller (MEMCG) [Y/n/?] y
    Legacy cgroup v1 memory controller (MEMCG_V1) [N/y/?] (NEW) 
  IO controller (BLK_CGROUP) [Y/n/?] y
  PIDs controller (CGROUP_PIDS) [Y/n/?] y
  RDMA controller (CGROUP_RDMA) [N/y/?] n
  Freezer controller (CGROUP_FREEZER) [Y/n/?] y
  HugeTLB controller (CGROUP_HUGETLB) [N/y/?] n
  Cpuset controller (CPUSETS) [Y/n/?] y
    Include legacy /proc/<pid>/cpuset file (PROC_PID_CPUSET) [Y/n/?] y
  Device controller (CGROUP_DEVICE) [Y/n/?] y
  Simple CPU accounting controller (CGROUP_CPUACCT) [Y/n/?] y
  Perf controller (CGROUP_PERF) [Y/n/?] y
  Support for eBPF programs attached to cgroups (CGROUP_BPF) [Y/n/?] y
  Misc resource controller (CGROUP_MISC) [N/y/?] n
  Debug controller (CGROUP_DEBUG) [N/y/?] n
*
* Configure standard kernel features (expert users)
*
Configure standard kernel features (expert users) (EXPERT) [Y/n/?] y
  Enable 16-bit UID system calls (UID16) [Y/n/?] y
  Multiple users, groups and capabilities support (MULTIUSER) [Y/n/?] y
  sgetmask/ssetmask syscalls support (SGETMASK_SYSCALL) [Y/n/?] y
  Sysfs syscall support (SYSFS_SYSCALL) [Y/n/?] y
  open by fhandle syscalls (FHANDLE) [Y/n/?] y
  Posix Clocks & timers (POSIX_TIMERS) [Y/n/?] y
  Enable support for printk (PRINTK) [Y/n/?] y
  BUG() support (BUG) [Y/n/?] y
  Enable ELF core dumps (ELF_CORE) [Y/n/?] y
  Enable smaller-sized data structures for core (BASE_SMALL) [N/y/?] (NEW) 
  Enable futex support (FUTEX) [Y/n/?] y
  Enable eventpoll support (EPOLL) [Y/n/?] y
  Enable signalfd() system call (SIGNALFD) [Y/n/?] y
  Enable timerfd() system call (TIMERFD) [Y/n/?] y
  Enable eventfd() system call (EVENTFD) [Y/?] y
  Use full shmem filesystem (SHMEM) [Y/n/?] y
  Enable AIO support (AIO) [Y/n/?] y
  Enable IO uring support (IO_URING) [Y/n/?] y
  Enable madvise/fadvise syscalls (ADVISE_SYSCALLS) [Y/n/?] y
  Enable membarrier() system call (MEMBARRIER) [Y/?] y
  Enable kcmp() system call (KCMP) [Y/?] y
  Enable rseq() system call (RSEQ) [Y/n/?] y
    Enable debugging of rseq() system call (DEBUG_RSEQ) [N/y/?] n
  Enable cachestat() system call (CACHESTAT_SYSCALL) [Y/n/?] y
  PC/104 support (PC104) [N/y/?] n
  Load all symbols for debugging/ksymoops (KALLSYMS) [Y/?] y
    Test the basic functions and performance of kallsyms (KALLSYMS_SELFTEST) [N/y/?] n
    Include all symbols in kallsyms (KALLSYMS_ALL) [Y/n/?] y
*
* Platform selection
*
Actions Semi Platforms (ARCH_ACTIONS) [N/y/?] (NEW) 
Airoha SoC Support (ARCH_AIROHA) [N/y/?] (NEW) 
Allwinner sunxi 64-bit SoC Family (ARCH_SUNXI) [N/y/?] (NEW) 
Annapurna Labs Alpine platform (ARCH_ALPINE) [N/y/?] (NEW) 
Apple Silicon SoC family (ARCH_APPLE) [N/y/?] (NEW) 
*
* Broadcom SoC Support
*
Broadcom SoC Support (ARCH_BCM) [N/y/?] (NEW) 
Marvell Berlin SoC Family (ARCH_BERLIN) [N/y/?] (NEW) 
Bitmain SoC Platforms (ARCH_BITMAIN) [N/y/?] (NEW) 
Samsung Exynos SoC family (ARCH_EXYNOS) [N/y/?] (NEW) 
Microchip Sparx5 SoC family (ARCH_SPARX5) [N/y/?] (NEW) 
Texas Instruments Inc. K3 multicore SoC architecture (ARCH_K3) [N/y/?] (NEW) 
LG Electronics LG1K SoC Family (ARCH_LG1K) [N/y/?] (NEW) 
Hisilicon SoC Family (ARCH_HISI) [N/y/?] (NEW) 
Keem Bay SoC (ARCH_KEEMBAY) [N/y/?] (NEW) 
MediaTek SoC Family (ARCH_MEDIATEK) [N/y/?] (NEW) 
Amlogic Platforms (ARCH_MESON) [N/y/?] (NEW) 
Marvell EBU SoC Family (ARCH_MVEBU) [N/y/?] (NEW) 
*
* NXP SoC support
*
NXP SoC support (ARCH_NXP) [N/y/?] (NEW) 
Nuvoton MA35 Architecture (ARCH_MA35) [N/y/?] (NEW) 
Nuvoton NPCM Architecture (ARCH_NPCM) [N/y/?] (NEW) 
AMD Pensando Platforms (ARCH_PENSANDO) [N/y/?] (NEW) 
Qualcomm Platforms (ARCH_QCOM) [N/y/?] (NEW) 
Realtek Platforms (ARCH_REALTEK) [N/y/?] (NEW) 
Renesas SoC Platforms (ARCH_RENESAS) [N/y/?] (NEW) 
Rockchip Platforms (ARCH_ROCKCHIP) [N/y/?] (NEW) 
AMD Seattle SoC Family (ARCH_SEATTLE) [N/y/?] (NEW) 
Intel's SoCFPGA ARMv8 Families (ARCH_INTEL_SOCFPGA) [N/y/?] (NEW) 
STMicroelectronics STM32 SoC Family (ARCH_STM32) [N/y/?] (NEW) 
Socionext SynQuacer SoC Family (ARCH_SYNQUACER) [N/y/?] (NEW) 
NVIDIA Tegra SoC Family (ARCH_TEGRA) [N/y/?] (NEW) 
Spreadtrum SoC platform (ARCH_SPRD) [N/y/?] (NEW) 
Cavium Inc. Thunder SoC Family (ARCH_THUNDER) [N/y/?] (NEW) 
Cavium ThunderX2 Server Processors (ARCH_THUNDER2) [N/y/?] (NEW) 
Socionext UniPhier SoC Family (ARCH_UNIPHIER) [N/y/?] (NEW) 
ARMv8 software model (Versatile Express) (ARCH_VEXPRESS) [N/y/?] (NEW) 
Toshiba Visconti SoC Family (ARCH_VISCONTI) [N/y/?] (NEW) 
AppliedMicro X-Gene SOC Family (ARCH_XGENE) [N/y/?] (NEW) 
Xilinx ZynqMP Family (ARCH_ZYNQMP) [N/y/?] (NEW) 
*
* ARM errata workarounds via the alternatives framework
*
AmpereOne: AC03_CPU_38: Certain bits in the Virtualization Translation Control Register and Translation Control Registers do not follow RES0 semantics (AMPERE_ERRATUM_AC03_CPU_38) [Y/n/?] (NEW) 
Cortex-A53: 826319: System might deadlock if a write cannot complete until read data is accepted (ARM64_ERRATUM_826319) [Y/n/?] (NEW) 
Cortex-A53: 827319: Data cache clean instructions might cause overlapping transactions to the interconnect (ARM64_ERRATUM_827319) [Y/n/?] (NEW) 
Cortex-A53: 824069: Cache line might not be marked as clean after a CleanShared snoop (ARM64_ERRATUM_824069) [Y/n/?] (NEW) 
Cortex-A53: 819472: Store exclusive instructions might cause data corruption (ARM64_ERRATUM_819472) [Y/n/?] (NEW) 
Cortex-A57: 832075: possible deadlock on mixing exclusive memory accesses with device loads (ARM64_ERRATUM_832075) [Y/n/?] (NEW) 
Cortex-A57/A72: 1742098: ELR recorded incorrectly on interrupt taken between cryptographic instructions in a sequence (ARM64_ERRATUM_1742098) [Y/n/?] (NEW) 
Cortex-A53: 845719: a load might read incorrect data (ARM64_ERRATUM_845719) [Y/n/?] (NEW) 
Cortex-A53: 843419: A load or store might access an incorrect address (ARM64_ERRATUM_843419) [Y/n/?] (NEW) 
Cortex-A55: 1024718: Update of DBM/AP bits without break before make might result in incorrect update (ARM64_ERRATUM_1024718) [Y/n/?] (NEW) 
Cortex-A76/Neoverse-N1: MRC read following MRRC read of specific Generic Timer in AArch32 might give incorrect result (ARM64_ERRATUM_1418040) [Y/n/?] (NEW) 
Cortex-A76: 1165522: Speculative AT instruction using out-of-context translation regime could cause subsequent request to generate an incorrect translation (ARM64_ERRATUM_1165522) [Y/n/?] (NEW) 
Cortex-A57/A72: 1319537: Speculative AT instruction using out-of-context translation regime could cause subsequent request to generate an incorrect translation (ARM64_ERRATUM_1319367) [Y/n/?] (NEW) 
Cortex-A55: 1530923: Speculative AT instruction using out-of-context translation regime could cause subsequent request to generate an incorrect translation (ARM64_ERRATUM_1530923) [Y/n/?] (NEW) 
Cortex-A55: Completion of affected memory accesses might not be guaranteed by completion of a TLBI (rare) (ARM64_ERRATUM_2441007) [N/y/?] (NEW) 
Cortex-A76: Modification of the translation table for a virtual address might lead to read-after-read ordering violation (rare) (ARM64_ERRATUM_1286807) [N/y/?] (NEW) 
Cortex-A76: Software Step might prevent interrupt recognition (ARM64_ERRATUM_1463225) [Y/n/?] (NEW) 
Neoverse-N1: workaround mis-ordering of instruction fetches (rare) (ARM64_ERRATUM_1542419) [N/y/?] (NEW) 
Cortex-A77: 1508412: workaround deadlock on sequence of NC/Device load and store exclusive or PAR read (ARM64_ERRATUM_1508412) [Y/n/?] (NEW) 
Cortex-A510: 2051678: disable Hardware Update of the page table dirty bit (ARM64_ERRATUM_2051678) [Y/n/?] (NEW) 
Cortex-A510: 2077057: workaround software-step corrupting SPSR_EL2 (ARM64_ERRATUM_2077057) [Y/n/?] (NEW) 
Cortex-A510: 2658417: remove BF16 support due to incorrect result (ARM64_ERRATUM_2658417) [Y/n/?] (NEW) 
Cortex-A710: 2054223: workaround TSB instruction failing to flush trace (ARM64_ERRATUM_2054223) [Y/n/?] (NEW) 
Neoverse-N2: 2067961: workaround TSB instruction failing to flush trace (ARM64_ERRATUM_2067961) [Y/n/?] (NEW) 
Cortex-A510: Completion of affected memory accesses might not be guaranteed by completion of a TLBI (rare) (ARM64_ERRATUM_2441009) [N/y/?] (NEW) 
Cortex-A510: 2457168: workaround for AMEVCNTR01 incrementing incorrectly (ARM64_ERRATUM_2457168) [Y/n/?] (NEW) 
Cortex-A715: 2645198: Workaround possible [ESR|FAR]_ELx corruption (ARM64_ERRATUM_2645198) [Y/n/?] (NEW) 
Cortex-A520: 2966298: workaround for speculatively executed unprivileged load (ARM64_ERRATUM_2966298) [Y/n/?] (NEW) 
Cortex-A510: 3117295: workaround for speculatively executed unprivileged load (ARM64_ERRATUM_3117295) [Y/n/?] (NEW) 
Cortex-{A720,X4,X925}/Neoverse-V3: workaround for MSR SSBS not self-synchronizing (ARM64_ERRATUM_3194386) [Y/n/?] (NEW) 
Cavium erratum 22375, 24313 (CAVIUM_ERRATUM_22375) [Y/n/?] (NEW) 
Cavium erratum 23144: ITS SYNC hang on dual socket system (CAVIUM_ERRATUM_23144) [Y/n/?] (NEW) 
Cavium errata 23154 and 38545: GICv3 lacks HW synchronisation (CAVIUM_ERRATUM_23154) [Y/n/?] (NEW) 
Cavium erratum 27456: Broadcast TLBI instructions may cause icache corruption (CAVIUM_ERRATUM_27456) [Y/n/?] (NEW) 
Cavium erratum 30115: Guest may disable interrupts in host (CAVIUM_ERRATUM_30115) [Y/n/?] (NEW) 
Cavium ThunderX2 erratum 219: PRFM between TTBR change and ISB fails (CAVIUM_TX2_ERRATUM_219) [Y/n/?] (NEW) 
Fujitsu-A64FX erratum E#010001: Undefined fault may occur wrongly (FUJITSU_ERRATUM_010001) [Y/n/?] (NEW) 
Hip07 161600802: Erroneous redistributor VLPI base (HISILICON_ERRATUM_161600802) [Y/n/?] (NEW) 
Falkor E1003: Incorrect translation due to ASID change (QCOM_FALKOR_ERRATUM_1003) [Y/n/?] (NEW) 
Falkor E1009: Prematurely complete a DSB after a TLBI (QCOM_FALKOR_ERRATUM_1009) [Y/n/?] (NEW) 
QDF2400 E0065: Incorrect GITS_TYPER.ITT_Entry_size (QCOM_QDF2400_ERRATUM_0065) [Y/n/?] (NEW) 
Falkor E1041: Speculative instruction fetches might cause errant memory access (QCOM_FALKOR_ERRATUM_E1041) [Y/n/?] (NEW) 
NVIDIA Carmel CNP: CNP on Carmel semantically different than ARM cores (NVIDIA_CARMEL_CNP_ERRATUM) [Y/n/?] (NEW) 
Rockchip 3588001: GIC600 can not support shareability attributes (ROCKCHIP_ERRATUM_3588001) [Y/n/?] (NEW) 
Socionext Synquacer: Workaround for GICv3 pre-ITS (SOCIONEXT_SYNQUACER_PREITS) [Y/n/?] (NEW) 
*
* Kernel Features
*
Page size
> 1. 4KB (ARM64_4K_PAGES) (NEW)
  2. 16KB (ARM64_16K_PAGES) (NEW)
  3. 64KB (ARM64_64K_PAGES) (NEW)
choice[1-3?]: 
Virtual address space size
  1. 39-bit (ARM64_VA_BITS_39) (NEW)
  2. 48-bit (ARM64_VA_BITS_48) (NEW)
> 3. 52-bit (ARM64_VA_BITS_52) (NEW)
choice[1-3?]: 
Force 52-bit virtual addresses for userspace (ARM64_FORCE_52BIT) [N/y/?] (NEW) 
Physical address space size
> 1. 52-bit (ARM64_PA_BITS_52) (NEW)
choice[1]: 1
Endianness
  1. Build big-endian kernel (CPU_BIG_ENDIAN) (NEW)
> 2. Build little-endian kernel (CPU_LITTLE_ENDIAN) (NEW)
choice[1-2?]: 
Multi-core scheduler support (SCHED_MC) [Y/n/?] y
Cluster scheduler support (SCHED_CLUSTER) [Y/n/?] y
SMT scheduler support (SCHED_SMT) [Y/n/?] y
Maximum number of CPUs (2-4096) (NR_CPUS) [512] 512
Support for hot-pluggable CPUs (HOTPLUG_CPU) [Y/?] y
NUMA Memory Allocation and Scheduler Support (NUMA) [Y/n/?] y
  Maximum NUMA Nodes (as a power of 2) (NODES_SHIFT) [6] 6
Timer frequency
  1. 100 HZ (HZ_100)
> 2. 250 HZ (HZ_250)
  3. 300 HZ (HZ_300)
  4. 1000 HZ (HZ_1000)
choice[1-4?]: 2
Enable paravirtualization code (PARAVIRT) [Y/?] y
Paravirtual steal time accounting (PARAVIRT_TIME_ACCOUNTING) [N/y/?] n
Xen guest support on ARM64 (XEN) [Y/n/?] y
Unmap kernel when running in userspace (KPTI) (UNMAP_KERNEL_AT_EL0) [Y/n/?] (NEW) 
Mitigate Spectre style attacks against branch history (MITIGATE_SPECTRE_BRANCH_HISTORY) [Y/n/?] (NEW) 
Apply r/o permissions of VM areas also to their linear aliases (RODATA_FULL_DEFAULT_ENABLED) [Y/n/?] (NEW) 
Emulate Privileged Access Never using TTBR0_EL1 switching (ARM64_SW_TTBR0_PAN) [N/y/?] (NEW) 
Enable the tagged user addresses syscall ABI (ARM64_TAGGED_ADDR_ABI) [Y/n/?] (NEW) 
*
* Kernel support for 32-bit EL0
*
Kernel support for 32-bit EL0 (COMPAT) [Y/n/?] y
  Enable kuser helpers page for 32-bit applications (KUSER_HELPERS) [Y/n/?] (NEW) 
  Fix up misaligned multi-word loads and stores in user space (COMPAT_ALIGNMENT_FIXUPS) [N/y/?] (NEW) 
  *
  * Emulate deprecated/obsolete ARMv8 instructions
  *
  Emulate deprecated/obsolete ARMv8 instructions (ARMV8_DEPRECATED) [N/y/?] (NEW) 
*
* ARMv8.1 architectural features
*
Support for hardware updates of the Access and Dirty page flags (ARM64_HW_AFDBM) [Y/n/?] (NEW) 
Enable support for Privileged Access Never (PAN) (ARM64_PAN) [Y/n/?] (NEW) 
Atomic instructions (ARM64_USE_LSE_ATOMICS) [Y/n/?] (NEW) 
*
* ARMv8.2 architectural features
*
Enable support for persistent memory (ARM64_PMEM) [N/y/?] (NEW) 
Enable support for RAS CPU Extensions (ARM64_RAS_EXTN) [Y/n/?] (NEW) 
Enable support for Common Not Private (CNP) translations (ARM64_CNP) [Y/n/?] (NEW) 
*
* ARMv8.3 architectural features
*
Enable support for pointer authentication (ARM64_PTR_AUTH) [Y/n/?] (NEW) 
  Use pointer authentication for kernel (ARM64_PTR_AUTH_KERNEL) [Y/n/?] (NEW) 
*
* ARMv8.4 architectural features
*
Enable support for the Activity Monitors Unit CPU extension (ARM64_AMU_EXTN) [Y/n/?] (NEW) 
Enable support for tlbi range feature (ARM64_TLB_RANGE) [Y/n/?] (NEW) 
*
* ARMv8.5 architectural features
*
Branch Target Identification support (ARM64_BTI) [Y/n/?] (NEW) 
Enable support for E0PD (ARM64_E0PD) [Y/n/?] (NEW) 
Memory Tagging Extension support (ARM64_MTE) [Y/n/?] (NEW) 
*
* ARMv8.7 architectural features
*
Enable support for Enhanced Privileged Access Never (EPAN) (ARM64_EPAN) [Y/n/?] (NEW) 
ARM Scalable Vector Extension support (ARM64_SVE) [Y/n/?] (NEW) 
  ARM Scalable Matrix Extension support (ARM64_SME) [Y/n/?] (NEW) 
Support for NMI-like interrupts (ARM64_PSEUDO_NMI) [N/y/?] (NEW) 
Build a relocatable kernel image (RELOCATABLE) [Y/?] y
Randomize the address of the kernel image (RANDOMIZE_BASE) [Y/n/?] y
  Randomize the module region over a 2 GB range (RANDOMIZE_MODULE_REGION_FULL) [Y/n/?] (NEW) 
Contiguous PTE mappings for user memory (ARM64_CONTPTE) [Y/n/?] (NEW) 
*
* Boot options
*
Enable support for the ARM64 ACPI parking protocol (ARM64_ACPI_PARKING_PROTOCOL) [N/y/?] (NEW) 
Default kernel command string (CMDLINE) [] (NEW) 
UEFI runtime support (EFI) [Y/n/?] y
Install compressed image by default (COMPRESSED_INSTALL) [N/y/?] (NEW) 
Enable support for SMBIOS (DMI) tables (DMI) [Y/n/?] y
*
* ARM CPU Idle Drivers
*
PSCI CPU idle Driver (ARM_PSCI_CPUIDLE) [N/y/?] (NEW) 
*
* CPU Frequency scaling
*
CPU Frequency scaling (CPU_FREQ) [Y/n/?] y
  CPU frequency transition statistics (CPU_FREQ_STAT) [Y/n/?] y
  Default CPUFreq governor
    1. performance (CPU_FREQ_DEFAULT_GOV_PERFORMANCE)
    2. powersave (CPU_FREQ_DEFAULT_GOV_POWERSAVE)
    3. userspace (CPU_FREQ_DEFAULT_GOV_USERSPACE)
    4. ondemand (CPU_FREQ_DEFAULT_GOV_ONDEMAND) (NEW)
    5. conservative (CPU_FREQ_DEFAULT_GOV_CONSERVATIVE) (NEW)
  > 6. schedutil (CPU_FREQ_DEFAULT_GOV_SCHEDUTIL)
  choice[1-6?]: 
  'performance' governor (CPU_FREQ_GOV_PERFORMANCE) [Y/?] y
  'powersave' governor (CPU_FREQ_GOV_POWERSAVE) [N/m/y/?] n
  'userspace' governor for userspace frequency scaling (CPU_FREQ_GOV_USERSPACE) [N/m/y/?] n
  'ondemand' cpufreq policy governor (CPU_FREQ_GOV_ONDEMAND) [Y/n/m/?] y
  'conservative' cpufreq governor (CPU_FREQ_GOV_CONSERVATIVE) [N/m/y/?] n
  'schedutil' cpufreq policy governor (CPU_FREQ_GOV_SCHEDUTIL) [Y/?] y
  *
  * CPU frequency scaling drivers
  *
  Generic DT based cpufreq driver (CPUFREQ_DT) [N/m/y/?] (NEW) 
  Generic DT based cpufreq platdev driver (CPUFREQ_DT_PLATDEV) [N/m/y/?] (NEW) 
CPUFreq driver based on the ACPI CPPC spec (ACPI_CPPC_CPUFREQ) [N/m/y/?] (NEW) 
*
* ACPI (Advanced Configuration and Power Interface) Support
*
ACPI (Advanced Configuration and Power Interface) Support (ACPI) [Y/n/?] y
  AML debugger interface (ACPI_DEBUGGER) [N/y/?] n
  ACPI Serial Port Console Redirection Support (ACPI_SPCR_TABLE) [Y/?] y
  ACPI Firmware Performance Data Table (FPDT) support (ACPI_FPDT) [N/y/?] n
  EC read/write access through /sys/kernel/debug/ec (ACPI_EC_DEBUGFS) [N/m/y/?] n
  AC Adapter (ACPI_AC) [N/m/y/?] n
  Battery (ACPI_BATTERY) [N/m/y/?] n
  Button (ACPI_BUTTON) [M/n/y/?] m
  Tiny Power Button Driver (ACPI_TINY_POWER_BUTTON) [N/m/?] n
  Video (ACPI_VIDEO) [N/m/y/?] (NEW) 
  Fan (ACPI_FAN) [N/m/y/?] n
  ACPI Time and Alarm (TAD) Device Support (ACPI_TAD) [N/m/y/?] n
  Dock (ACPI_DOCK) [Y/n/?] y
  Processor (ACPI_PROCESSOR) [Y/n/m/?] y
  Thermal Zone (ACPI_THERMAL) [N/m/y/?] n
  Allow upgrading ACPI tables via initrd (ACPI_TABLE_UPGRADE) [Y/n/?] y
  Debug Statements (ACPI_DEBUG) [N/y/?] n
  PCI slot detection driver (ACPI_PCI_SLOT) [Y/n/?] y
  Container and Module Devices (ACPI_CONTAINER) [Y/?] y
  Memory Hotplug (ACPI_HOTPLUG_MEMORY) [Y/n/?] y
  Hardware Error Device (ACPI_HED) [Y/?] y
  Boottime Graphics Resource Table support (ACPI_BGRT) [Y/n/?] y
  Hardware-reduced ACPI support only (ACPI_REDUCED_HARDWARE_ONLY) [Y/?] y
  ACPI Heterogeneous Memory Attribute Table Support (ACPI_HMAT) [Y/?] y
  ACPI Platform Error Interface (APEI) (ACPI_APEI) [Y/n/?] y
    APEI Generic Hardware Error Source (ACPI_APEI_GHES) [Y/n/?] y
    APEI PCIe AER logging/recovering support (ACPI_APEI_PCIEAER) [Y/n/?] y
  APEI memory error recovering support (ACPI_APEI_MEMORY_FAILURE) [Y/n/?] y
  APEI Error INJection (EINJ) (ACPI_APEI_EINJ) [N/m/y/?] n
  APEI Error Record Serialization Table (ERST) Debug Support (ACPI_APEI_ERST_DEBUG) [N/m/y/?] n
  ACPI configfs support (ACPI_CONFIGFS) [N/m/y/?] n
  ACPI Platform Firmware Runtime Update and Telemetry (ACPI_PFRUT) [N/m/y/?] n
  ACPI PCC Address Space (ACPI_PCC) [Y/n/?] y
  ACPI FFH Address Space (ACPI_FFH) [N/y/?] n
  Platform Runtime Mechanism Support (ACPI_PRMT) [Y/n/?] y
*
* Kernel-based Virtual Machine (KVM) support
*
Kernel-based Virtual Machine (KVM) support (KVM) [N/y/?] (NEW) 
*
* Slab allocator options
*
Configure for minimal memory footprint (SLUB_TINY) [N/y/?] n
Allow slab caches to be merged (SLAB_MERGE_DEFAULT) [Y/n/?] y
Randomize slab freelist (SLAB_FREELIST_RANDOM) [Y/n/?] y
Harden slab freelist metadata (SLAB_FREELIST_HARDENED) [Y/n/?] y
Support allocation from separate kmalloc buckets (SLAB_BUCKETS) [Y/n/?] (NEW) 
Enable performance statistics (SLUB_STATS) [N/y/?] n
Enable per cpu partial caches (SLUB_CPU_PARTIAL) [Y/n/?] y
Randomize slab caches for normal kmalloc (RANDOM_KMALLOC_CACHES) [N/y/?] n
*
* PCI support
*
PCI support (PCI) [Y/n/?] y
  PCI Express Port Bus support (PCIEPORTBUS) [Y/n/?] y
    PCI Express Hotplug driver (HOTPLUG_PCI_PCIE) [Y/n/?] y
    PCI Express Advanced Error Reporting support (PCIEAER) [Y/n/?] y
      PCI Express error injection support (PCIEAER_INJECT) [N/m/y/?] n
      PCI Express CXL RAS support (PCIEAER_CXL) [Y/n/?] y
      PCI Express ECRC settings control (PCIE_ECRC) [N/y/?] n
  PCI Express ASPM control (PCIEASPM) [Y/n/?] y
    Default ASPM policy
    > 1. BIOS default (PCIEASPM_DEFAULT)
      2. Powersave (PCIEASPM_POWERSAVE)
      3. Power Supersave (PCIEASPM_POWER_SUPERSAVE)
      4. Performance (PCIEASPM_PERFORMANCE)
    choice[1-4?]: 1
  PCI Express Downstream Port Containment support (PCIE_DPC) [Y/n/?] y
  PCI Express Precision Time Measurement support (PCIE_PTM) [Y/n/?] y
  PCI Express Error Disconnect Recover support (PCIE_EDR) [N/y/?] n
  Message Signaled Interrupts (MSI and MSI-X) (PCI_MSI) [Y/?] y
  Enable PCI quirk workarounds (PCI_QUIRKS) [Y/n/?] y
  PCI Debugging (PCI_DEBUG) [N/y/?] n
  Enable PCI resource re-allocation detection (PCI_REALLOC_ENABLE_AUTO) [Y/n/?] y
  PCI Stub driver (PCI_STUB) [N/m/y/?] n
  PCI PF Stub driver (PCI_PF_STUB) [N/m/y/?] n
  PCI IOV support (PCI_IOV) [Y/n/?] y
  PCI PRI support (PCI_PRI) [Y/n/?] y
  PCI PASID support (PCI_PASID) [Y/n/?] y
  PCI peer-to-peer transfer support (PCI_P2PDMA) [N/y/?] n
  Hyper-V PCI Frontend (PCI_HYPERV) [N/m/?] n
  Create Device tree nodes for PCI devices (PCI_DYNAMIC_OF_NODES) [N/y/?] (NEW) 
  PCI Express hierarchy optimization setting
    1. Tune Off (PCIE_BUS_TUNE_OFF)
  > 2. Default (PCIE_BUS_DEFAULT)
    3. Safe (PCIE_BUS_SAFE)
    4. Performance (PCIE_BUS_PERFORMANCE)
    5. Peer2peer (PCIE_BUS_PEER2PEER)
  choice[1-5?]: 2
  VGA Arbitration (VGA_ARB) [Y/n/?] y
    Maximum number of GPUs (VGA_ARB_MAX_GPUS) [16] 16
  *
  * Support for PCI Hotplug
  *
  Support for PCI Hotplug (HOTPLUG_PCI) [Y/n/?] y
    ACPI PCI Hotplug driver (HOTPLUG_PCI_ACPI) [Y/n/?] y
      ACPI PCI Hotplug driver Ampere Altra extensions (HOTPLUG_PCI_ACPI_AMPERE_ALTRA) [N/m/y/?] (NEW) 
      ACPI PCI Hotplug driver IBM extensions (HOTPLUG_PCI_ACPI_IBM) [N/m/y/?] n
    CompactPCI Hotplug driver (HOTPLUG_PCI_CPCI) [Y/n/?] y
    SHPC PCI Hotplug driver (HOTPLUG_PCI_SHPC) [Y/n/?] y
  *
  * PCI controller drivers
  *
  Altera PCIe controller (PCIE_ALTERA) [N/m/y/?] (NEW) 
  Cavium Thunder PCIe controller to off-chip devices (PCI_HOST_THUNDER_PEM) [N/y/?] (NEW) 
  Cavium Thunder ECAM controller to on-chip devices on pass-1.x silicon (PCI_HOST_THUNDER_ECAM) [N/y/?] (NEW) 
  Faraday Technology FTPCI100 PCI controller (PCI_FTPCI100) [N/y/?] (NEW) 
  Generic PCI host controller (PCI_HOST_GENERIC) [N/m/y/?] (NEW) 
  HiSilicon HIP PCIe controller error handling driver (PCIE_HISI_ERR) [N/y/?] (NEW) 
  Microsoft Hyper-V PCI Interface (PCI_HYPERV_INTERFACE) [N/m/?] n
  X-Gene PCIe controller (PCI_XGENE) [N/y/?] (NEW) 
  Xilinx AXI PCIe controller (PCIE_XILINX) [N/y/?] (NEW) 
  *
  * Cadence-based PCIe controllers
  *
  Cadence platform PCIe controller (host mode) (PCIE_CADENCE_PLAT_HOST) [N/y/?] (NEW) 
  *
  * DesignWare-based PCIe controllers
  *
  Amazon Annapurna Labs PCIe controller (PCIE_AL) [N/y/?] (NEW) 
  Amlogic Meson PCIe controller (PCI_MESON) [N/m/y/?] n
  HiSilicon Hip05 and Hip06 SoCs PCIe controller (PCI_HISI) [N/y/?] (NEW) 
  HiSilicon Kirin PCIe controller (PCIE_KIRIN) [N/m/y/?] (NEW) 
  Platform bus based DesignWare PCIe controller (host mode) (PCIE_DW_PLAT_HOST) [N/y/?] n
  *
  * PLDA-based PCIe controllers
  *
  Microchip AXI PCIe controller (PCIE_MICROCHIP_HOST) [N/m/y/?] (NEW) 
*
* Bus devices
*
CZ.NIC Turris Mox module configuration bus (MOXTET) [N/m/y/?] (NEW) 
Versatile Express configuration bus (VEXPRESS_CONFIG) [N/m/y/?] (NEW) 
Modem Host Interface (MHI) bus (MHI_BUS) [N/m/y/?] n
Modem Host Interface (MHI) bus Endpoint implementation (MHI_BUS_EP) [N/m/y/?] n
*
* ARM System Control and Management Interface Protocol
*
ARM System Control and Management Interface (SCMI) Message Protocol (ARM_SCMI_PROTOCOL) [N/m/y/?] (NEW) 
*
* Firmware Drivers
*
ARM System Control and Power Interface (SCPI) Message Protocol (ARM_SCPI_PROTOCOL) [N/m/y/?] (NEW) 
ARM Software Delegated Exception Interface (SDEI) (ARM_SDE_INTERFACE) [N/y/?] (NEW) 
Add firmware-provided memory map to sysfs (FIRMWARE_MEMMAP) [Y/n/?] y
Export DMI identification via sysfs to userspace (DMIID) [Y/n/?] y
DMI table support in sysfs (DMI_SYSFS) [Y/n/m/?] y
iSCSI Boot Firmware Table Attributes module (ISCSI_IBFT) [N/m/?] n
QEMU fw_cfg device support in sysfs (FW_CFG_SYSFS) [N/m/y/?] n
Mark VGA/VBE/EFI FB as generic system framebuffer (SYSFB_SIMPLEFB) [N/y/?] n
Arm Firmware Framework for Armv8-A (ARM_FFA_TRANSPORT) [N/m/y/?] (NEW) 
*
* EFI (Extensible Firmware Interface) Support
*
Register efivars backend for pstore (EFI_VARS_PSTORE) [Y/n/m/?] y
  Disable using efivars as a pstore backend by default (EFI_VARS_PSTORE_DEFAULT_DISABLE) [N/y/?] n
Reserve EFI Specific Purpose Memory (EFI_SOFT_RESERVE) [Y/n/?] y
Enable the generic EFI decompressor (EFI_ZBOOT) [N/y/?] (NEW) 
Enable the DTB loader (EFI_ARMSTUB_DTB_LOADER) [Y/n/?] (NEW) 
EFI Bootloader Control (EFI_BOOTLOADER_CONTROL) [N/m/y/?] n
EFI capsule loader (EFI_CAPSULE_LOADER) [N/m/y/?] n
EFI Runtime Service Tests Support (EFI_TEST) [N/m/y/?] n
Reset memory attack mitigation (RESET_ATTACK_MITIGATION) [N/y/?] n
Clear Busmaster bit on PCI bridges during ExitBootServices() (EFI_DISABLE_PCI_DMA) [N/y/?] n
Load custom ACPI SSDT overlay from an EFI variable (EFI_CUSTOM_SSDT_OVERLAYS) [Y/n/?] y
Disable EFI runtime services support by default (EFI_DISABLE_RUNTIME) [N/y/?] n
EFI Confidential Computing Secret Area Support (EFI_COCO_SECRET) [N/y/?] n
ARM PSCI checker (ARM_PSCI_CHECKER) [N/y/?] (NEW) 
SoC bus device for the ARM SMCCC SOC_ID (ARM_SMCCC_SOC_ID) [Y/n/?] (NEW) 
*
* Device Tree and Open Firmware support
*
Device Tree and Open Firmware support (OF) [Y/?] y
  Device Tree runtime unit tests (OF_UNITTEST) [N/y/?] (NEW) 
  Device Tree overlays (OF_OVERLAY) [N/y/?] (NEW) 
*
* NVME Support
*
NVM Express block device (BLK_DEV_NVME) [M/n/y/?] m
NVMe multipath support (NVME_MULTIPATH) [Y/n/?] y
NVMe verbose error reporting (NVME_VERBOSE_ERRORS) [N/y/?] n
NVMe hardware monitoring (NVME_HWMON) [Y/n/?] y
NVM Express over Fabrics RDMA host driver (NVME_RDMA) [M/n/?] m
NVM Express over Fabrics FC host driver (NVME_FC) [M/n/y/?] m
NVM Express over Fabrics TCP host driver (NVME_TCP) [M/n/y/?] m
  NVMe over Fabrics TCP TLS encryption support (NVME_TCP_TLS) [N/y/?] n
NVMe over Fabrics In-Band Authentication in host side (NVME_HOST_AUTH) [N/y/?] n
NVMe Target support (NVME_TARGET) [M/n/y/?] m
  NVMe Target debugfs support (NVME_TARGET_DEBUGFS) [N/y/?] (NEW) 
  NVMe Target Passthrough support (NVME_TARGET_PASSTHRU) [Y/n/?] y
  NVMe loopback device support (NVME_TARGET_LOOP) [M/n/?] m
  NVMe over Fabrics RDMA target support (NVME_TARGET_RDMA) [M/n/?] m
  NVMe over Fabrics FC target driver (NVME_TARGET_FC) [M/n/?] m
    NVMe over Fabrics FC Transport Loopback Test driver (NVME_TARGET_FCLOOP) [M/n/?] m
  NVMe over Fabrics TCP target support (NVME_TARGET_TCP) [M/n/?] m
    NVMe over Fabrics TCP target TLS encryption support (NVME_TARGET_TCP_TLS) [N/y/?] n
  NVMe over Fabrics In-band Authentication in target side (NVME_TARGET_AUTH) [N/y/?] n
*
* Misc devices
*
Analog Devices Digital Potentiometers (AD525X_DPOT) [N/m/y/?] n
Dummy IRQ handler (DUMMY_IRQ) [N/m/y/?] n
Sensable PHANToM (PCI) (PHANTOM) [N/m/y/?] n
TI Flash Media interface support (TIFM_CORE) [N/m/y/?] n
Integrated Circuits ICS932S401 (ICS932S401) [N/m/y/?] n
Enclosure Services (ENCLOSURE_SERVICES) [N/m/y/?] n
Channel interface driver for the HP iLO processor (HP_ILO) [N/m/y/?] n
Medfield Avago APDS9802 ALS Sensor module (APDS9802ALS) [N/m/y/?] n
Intersil ISL29003 ambient light sensor (ISL29003) [N/m/y/?] n
Intersil ISL29020 ambient light sensor (ISL29020) [N/m/y/?] n
Taos TSL2550 ambient light sensor (SENSORS_TSL2550) [N/m/y/?] n
BH1770GLC / SFH7770 combined ALS - Proximity sensor (SENSORS_BH1770) [N/m/y/?] n
APDS990X combined als and proximity sensors (SENSORS_APDS990X) [N/m/y/?] n
Honeywell HMC6352 compass (HMC6352) [N/m/y/?] n
Dallas DS1682 Total Elapsed Time Recorder with Alarm (DS1682) [N/m/y/?] n
Lattice ECP3 FPGA bitstream configuration via SPI (LATTICE_ECP3_CONFIG) [N/m/y/?] n
Generic on-chip SRAM driver (SRAM) [N/y/?] n
Synopsys DesignWare xData PCIe driver (DW_XDATA_PCIE) [N/m/y/?] n
PCI Endpoint Test driver (PCI_ENDPOINT_TEST) [N/m/y/?] n
Xilinx SDFEC 16 (XILINX_SDFEC) [N/m/y/?] n
Open Profile for DICE driver (OPEN_DICE) [N/m/y/?] (NEW) 
Guest vCPU stall detector (VCPU_STALL_DETECTOR) [N/m/y/?] (NEW) 
Nitro (Enclaves) Security Module support (NSM) [N/m/?] n
ENE CB710/720 Flash memory card reader support (CB710_CORE) [N/m/y/?] n
STMicroeletronics LIS3LV02Dx three-axis digital accelerometer (I2C) (SENSORS_LIS3_I2C) [N/m/y/?] n
Altera FPGA firmware download module (ALTERA_STAPL) [N/m/y/?] n
VMware VMCI Driver (VMWARE_VMCI) [N/m/y/?] n
Line Echo Canceller support (ECHO) [N/m/y/?] n
Support for Broadcom VK Accelerators (BCM_VK) [N/m/y/?] n
Alcor Micro/Alcor Link PCI-E card reader (MISC_ALCOR_PCI) [N/m/y/?] n
Realtek PCI-E card reader (MISC_RTSX_PCI) [N/m/y/?] n
Realtek USB card reader (MISC_RTSX_USB) [N/m/?] n
Accelerator Framework for User Land (UACCE) [N/m/y/?] n
pvpanic device support (PVPANIC) [N/y/?] n
Microchip PCI1XXXX PCIe to GPIO Expander + OTP/EEPROM manager (GP_PCI1XXXX) [N/m/y/?] n
KEBA CP500 system FPGA support (KEBA_CP500) [N/m/y/?] (NEW) 
*
* SCSI low-level drivers
*
SCSI low-level drivers (SCSI_LOWLEVEL) [Y/n/?] y
  iSCSI Initiator over TCP/IP (ISCSI_TCP) [M/n/?] m
  iSCSI Boot Sysfs Interface (ISCSI_BOOT_SYSFS) [N/m/?] n
  Chelsio T3 iSCSI support (SCSI_CXGB3_ISCSI) [N/m/?] n
  Chelsio T4 iSCSI support (SCSI_CXGB4_ISCSI) [N/m/?] n
  QLogic NetXtreme II iSCSI support (SCSI_BNX2_ISCSI) [N/m/?] n
  Emulex 10Gbps iSCSI - BladeEngine 2 (BE2ISCSI) [N/m/?] n
  3ware 5/6/7/8xxx ATA-RAID support (BLK_DEV_3W_XXXX_RAID) [N/m/?] n
  HP Smart Array SCSI driver (SCSI_HPSA) [N/m/?] n
  3ware 9xxx SATA-RAID support (SCSI_3W_9XXX) [N/m/?] n
  3ware 97xx SAS/SATA-RAID support (SCSI_3W_SAS) [N/m/?] n
  ACARD SCSI support (SCSI_ACARD) [N/m/?] n
  Adaptec AACRAID support (SCSI_AACRAID) [N/m/?] n
  Adaptec AIC7xxx Fast -> U160 support (SCSI_AIC7XXX) [N/m/?] n
  Adaptec AIC79xx U320 support (SCSI_AIC79XX) [N/m/?] n
  Adaptec AIC94xx SAS/SATA support (SCSI_AIC94XX) [N/m/?] n
  HiSilicon SAS (SCSI_HISI_SAS) [N/m/?] (NEW) 
  Marvell 88SE64XX/88SE94XX SAS/SATA support (SCSI_MVSAS) [N/m/?] n
  Marvell UMI driver (SCSI_MVUMI) [N/m/?] n
  AdvanSys SCSI support (SCSI_ADVANSYS) [N/m/?] n
  ARECA (ARC11xx/12xx/13xx/16xx) SATA/SAS RAID Host Adapter (SCSI_ARCMSR) [N/m/?] n
  ATTO Technology's ExpressSAS RAID adapter driver (SCSI_ESAS2R) [N/m/?] n
  LSI Logic New Generation RAID Device Drivers (MEGARAID_NEWGEN) [Y/n/?] y
    LSI Logic Management Module (New Driver) (MEGARAID_MM) [N/m/?] n
  LSI Logic Legacy MegaRAID Driver (MEGARAID_LEGACY) [N/m/?] n
  LSI Logic MegaRAID SAS RAID Module (MEGARAID_SAS) [N/m/?] n
  LSI MPT Fusion SAS 3.0 & SAS 2.0 Device Driver (SCSI_MPT3SAS) [N/m/?] n
  Legacy MPT2SAS config option (SCSI_MPT2SAS) [N/m/?] n
  Broadcom MPI3 Storage Controller Device Driver (SCSI_MPI3MR) [N/m/?] n
  Microchip PQI Driver (SCSI_SMARTPQI) [N/m/?] n
  HighPoint RocketRAID 3xxx/4xxx Controller support (SCSI_HPTIOP) [N/m/?] n
  BusLogic SCSI support (SCSI_BUSLOGIC) [N/m/?] n
  Mylex DAC960/DAC1100 PCI RAID Controller (Block Interface) (SCSI_MYRB) [N/m/?] n
  Mylex DAC960/DAC1100 PCI RAID Controller (SCSI Interface) (SCSI_MYRS) [N/m/?] n
  XEN SCSI frontend driver (XEN_SCSI_FRONTEND) [M/n/?] m
  Microsoft Hyper-V virtual storage driver (HYPERV_STORAGE) [M/n/?] m
  LibFC module (LIBFC) [N/m/?] n
  Cisco SNIC Driver (SCSI_SNIC) [N/m/?] n
  DMX3191D SCSI support (SCSI_DMX3191D) [N/m/?] n
  Future Domain TMC-3260/AHA-2920A PCI SCSI support (SCSI_FDOMAIN_PCI) [N/m/?] n
  IBM ServeRAID support (SCSI_IPS) [N/m/?] n
  Initio 9100U(W) support (SCSI_INITIO) [N/m/?] n
  Initio INI-A100U2W support (SCSI_INIA100) [N/m/?] n
  Promise SuperTrak EX Series support (SCSI_STEX) [N/m/?] n
  SYM53C8XX Version 2 SCSI support (SCSI_SYM53C8XX_2) [N/m/?] n
  IBM Power Linux RAID adapter support (SCSI_IPR) [N/m/?] n
  Qlogic QLA 1240/1x80/1x160 SCSI support (SCSI_QLOGIC_1280) [N/m/?] n
  QLogic QLA2XXX Fibre Channel Support (SCSI_QLA_FC) [N/m/?] n
  QLogic ISP4XXX and ISP82XX host adapter family support (SCSI_QLA_ISCSI) [N/m/?] n
  Emulex LightPulse Fibre Channel Support (SCSI_LPFC) [N/m/?] n
  Emulex Fibre Channel Target (SCSI_EFCT) [N/m/?] n
  Tekram DC395(U/UW/F) and DC315(U) SCSI support (SCSI_DC395x) [N/m/?] n
  Tekram DC390(T) and Am53/79C974 SCSI support (new driver) (SCSI_AM53C974) [N/m/?] n
  Western Digital WD7193/7197/7296 support (SCSI_WD719X) [N/m/?] n
  SCSI debugging host and device simulator (SCSI_DEBUG) [M/n/?] m
  PMC SIERRA Linux MaxRAID adapter support (SCSI_PMCRAID) [N/m/?] n
  PMC-Sierra SPC 8001 SAS/SATA Based Host Adapter driver (SCSI_PM8001) [N/m/?] n
  Brocade BFA Fibre Channel Support (SCSI_BFA_FC) [N/m/?] n
  virtio-scsi support (SCSI_VIRTIO) [M/n/?] m
  Chelsio Communications FCoE support (SCSI_CHELSIO_FCOE) [N/m/?] n
*
* Serial ATA and Parallel ATA drivers (libata)
*
Serial ATA and Parallel ATA drivers (libata) (ATA) [M/n/y/?] m
  Verbose ATA error reporting (ATA_VERBOSE_ERROR) [Y/n/?] y
  "libata.force=" kernel parameter support (ATA_FORCE) [Y/n/?] y
  ATA ACPI Support (ATA_ACPI) [Y/n/?] y
    SATA Zero Power Optical Disc Drive (ZPODD) support (SATA_ZPODD) [Y/n/?] y
  SATA Port Multiplier support (SATA_PMP) [Y/n/?] y
  *
  * Controllers with non-SFF native interface
  *
  AHCI SATA support (SATA_AHCI) [N/m/?] n
  Platform AHCI SATA support (SATA_AHCI_PLATFORM) [N/m/?] n
  Synopsys DWC AHCI SATA support (AHCI_DWC) [N/m/?] n
  CEVA AHCI SATA support (AHCI_CEVA) [N/m/?] (NEW) 
  Initio 162x SATA support (Very Experimental) (SATA_INIC162X) [N/m/?] n
  ACard AHCI variant (ATP 8620) (SATA_ACARD_AHCI) [N/m/?] n
  Silicon Image 3124/3132 SATA support (SATA_SIL24) [N/m/?] n
  ATA SFF support (for legacy IDE and PATA) (ATA_SFF) [Y/n/?] y
    *
    * SFF controllers with custom DMA interface
    *
    Pacific Digital ADMA support (PDC_ADMA) [N/m/?] n
    Pacific Digital SATA QStor support (SATA_QSTOR) [N/m/?] n
    Promise SATA SX4 support (Experimental) (SATA_SX4) [N/m/?] n
    ATA BMDMA support (ATA_BMDMA) [Y/n/?] y
      *
      * SATA SFF controllers with BMDMA
      *
      Intel ESB, ICH, PIIX3, PIIX4 PATA/SATA support (ATA_PIIX) [M/n/?] m
      DesignWare Cores SATA support (SATA_DWC) [N/m/?] n
      Marvell SATA support (SATA_MV) [N/m/?] n
      NVIDIA SATA support (SATA_NV) [N/m/?] n
      Promise SATA TX2/TX4 support (SATA_PROMISE) [N/m/?] n
      Silicon Image SATA support (SATA_SIL) [N/m/?] n
      SiS 964/965/966/180 SATA support (SATA_SIS) [N/m/?] n
      ServerWorks Frodo / Apple K2 SATA support (SATA_SVW) [N/m/?] n
      ULi Electronics SATA support (SATA_ULI) [N/m/?] n
      VIA SATA support (SATA_VIA) [N/m/?] n
      VITESSE VSC-7174 / INTEL 31244 SATA support (SATA_VITESSE) [N/m/?] n
      *
      * PATA SFF controllers with BMDMA
      *
      ALi PATA support (PATA_ALI) [N/m/?] n
      AMD/NVidia PATA support (PATA_AMD) [N/m/?] n
      ARTOP 6210/6260 PATA support (PATA_ARTOP) [N/m/?] n
      ATI PATA support (PATA_ATIIXP) [N/m/?] n
      ARTOP/Acard ATP867X PATA support (PATA_ATP867X) [N/m/?] n
      CMD64x PATA support (PATA_CMD64X) [N/m/?] n
      Cypress CY82C693 PATA support (Very Experimental) (PATA_CYPRESS) [N/m/?] n
      EFAR SLC90E66 support (PATA_EFAR) [N/m/?] n
      HPT 366/368 PATA support (PATA_HPT366) [N/m/?] n
      HPT 370/370A/371/372/374/302 PATA support (PATA_HPT37X) [N/m/?] n
      HPT 371N/372N/302N PATA support (PATA_HPT3X2N) [N/m/?] n
      HPT 343/363 PATA support (PATA_HPT3X3) [N/m/?] n
      IT8213 PATA support (Experimental) (PATA_IT8213) [N/m/?] n
      IT8211/2 PATA support (PATA_IT821X) [N/m/?] n
      JMicron PATA support (PATA_JMICRON) [N/m/?] n
      Marvell PATA support via legacy mode (PATA_MARVELL) [N/m/?] n
      NETCELL Revolution RAID support (PATA_NETCELL) [N/m/?] n
      Ninja32/Delkin Cardbus ATA support (PATA_NINJA32) [N/m/?] n
      Nat Semi NS87415 PATA support (PATA_NS87415) [N/m/?] n
      Intel PATA old PIIX support (PATA_OLDPIIX) [N/m/?] n
      OPTI FireStar PATA support (Very Experimental) (PATA_OPTIDMA) [N/m/?] n
      Promise PATA 2027x support (PATA_PDC2027X) [N/m/?] n
      Older Promise PATA controller support (PATA_PDC_OLD) [N/m/?] n
      RADISYS 82600 PATA support (Experimental) (PATA_RADISYS) [N/m/?] n
      RDC PATA support (PATA_RDC) [N/m/?] n
      Intel SCH PATA support (PATA_SCH) [N/m/?] n
      SERVERWORKS OSB4/CSB5/CSB6/HT1000 PATA support (PATA_SERVERWORKS) [N/m/?] n
      CMD / Silicon Image 680 PATA support (PATA_SIL680) [N/m/?] n
      SiS PATA support (PATA_SIS) [N/m/?] n
      Toshiba Piccolo support (Experimental) (PATA_TOSHIBA) [N/m/?] n
      Compaq Triflex PATA support (PATA_TRIFLEX) [N/m/?] n
      VIA PATA support (PATA_VIA) [N/m/?] n
      Winbond SL82C105 PATA support (PATA_WINBOND) [N/m/?] n
    *
    * PIO-only SFF controllers
    *
    CMD640 PCI PATA support (Experimental) (PATA_CMD640_PCI) [N/m/?] n
    Intel PATA MPIIX support (PATA_MPIIX) [N/m/?] n
    Nat Semi NS87410 PATA support (PATA_NS87410) [N/m/?] n
    OPTI621/6215 PATA support (Very Experimental) (PATA_OPTI) [N/m/?] n
    OpenFirmware platform device PATA support (PATA_OF_PLATFORM) [N/m/?] (NEW) 
    PC Tech RZ1000 PATA support (PATA_RZ1000) [N/m/?] n
    *
    * Generic fallback / legacy drivers
    *
    ACPI firmware driver for PATA (PATA_ACPI) [N/m/?] n
    Generic ATA support (ATA_GENERIC) [M/n/?] m
    Legacy ISA PATA support (Experimental) (PATA_LEGACY) [N/m/?] n
*
* Ethernet driver support
*
Ethernet driver support (ETHERNET) [Y/n/?] y
  3Com devices (NET_VENDOR_3COM) [Y/n/?] y
    3c590/3c900 series (592/595/597) "Vortex/Boomerang" support (VORTEX) [N/m/y/?] n
    3cr990 series "Typhoon" support (TYPHOON) [N/m/y/?] n
  Adaptec devices (NET_VENDOR_ADAPTEC) [Y/n/?] y
    Adaptec Starfire/DuraLAN support (ADAPTEC_STARFIRE) [N/m/y/?] n
  Agere devices (NET_VENDOR_AGERE) [Y/n/?] y
    Agere ET-1310 Gigabit Ethernet support (ET131X) [N/m/y/?] n
  Alacritech devices (NET_VENDOR_ALACRITECH) [Y/n/?] y
    Alacritech Slicoss support (SLICOSS) [N/m/y/?] n
  Alteon devices (NET_VENDOR_ALTEON) [Y/n/?] y
    Alteon AceNIC/3Com 3C985/NetGear GA620 Gigabit support (ACENIC) [N/m/y/?] n
  Altera Triple-Speed Ethernet MAC support (ALTERA_TSE) [N/m/y/?] n
  Amazon Devices (NET_VENDOR_AMAZON) [Y/n/?] y
    Elastic Network Adapter (ENA) support (ENA_ETHERNET) [M/n/y/?] m
  AMD devices (NET_VENDOR_AMD) [Y/n/?] y
    AMD 8111 (new PCI LANCE) support (AMD8111_ETH) [N/m/y/?] n
    AMD PCnet32 PCI support (PCNET32) [N/m/y/?] n
    AMD 10GbE Ethernet driver (AMD_XGBE) [N/m/y/?] n
    AMD/Pensando Data Systems Core Device Support (PDS_CORE) [N/m/y/?] n
  aQuantia devices (NET_VENDOR_AQUANTIA) [Y/n/?] y
    aQuantia AQtion(tm) Support (AQTION) [N/m/y/?] n
  ARC devices (NET_VENDOR_ARC) [N/y/?] n
  Asix devices (NET_VENDOR_ASIX) [Y/n/?] y
    Asix AX88796C-SPI support (SPI_AX88796C) [N/m/y/?] n
  Atheros devices (NET_VENDOR_ATHEROS) [Y/n/?] y
    Atheros L2 Fast Ethernet support (ATL2) [N/m/y/?] n
    Atheros/Attansic L1 Gigabit Ethernet support (ATL1) [N/m/y/?] n
    Atheros L1E Gigabit Ethernet support (ATL1E) [N/m/y/?] n
    Atheros L1C Gigabit Ethernet support (ATL1C) [N/m/y/?] n
    Qualcomm Atheros AR816x/AR817x support (ALX) [N/m/y/?] n
  Broadcom devices (NET_VENDOR_BROADCOM) [Y/n/?] y
    Broadcom 440x/47xx ethernet support (B44) [N/m/y/?] n
    Broadcom GENET internal MAC support (BCMGENET) [N/m/y/?] n
    QLogic bnx2 support (BNX2) [N/m/y/?] n
    QLogic CNIC support (CNIC) [N/m/y/?] n
    Broadcom Tigon3 support (TIGON3) [N/m/y/?] n
    Broadcom NetXtremeII 10Gb support (BNX2X) [N/m/y/?] n
    Broadcom SYSTEMPORT internal MAC support (SYSTEMPORT) [N/m/y/?] n
    Broadcom NetXtreme-C/E support (BNXT) [N/m/y/?] n
  Cadence devices (NET_VENDOR_CADENCE) [Y/n/?] y
    Cadence MACB/GEM support (MACB) [N/m/y/?] n
  Cavium ethernet drivers (NET_VENDOR_CAVIUM) [Y/n/?] y
    Thunder Physical function driver (THUNDER_NIC_PF) [N/m/y/?] n
    Thunder Virtual function driver (THUNDER_NIC_VF) [N/m/y/?] n
    Thunder MAC interface driver (BGX) (THUNDER_NIC_BGX) [N/m/y/?] n
    Thunder MAC interface driver (RGX) (THUNDER_NIC_RGX) [N/m/y/?] n
    Cavium PTP coprocessor as PTP clock (CAVIUM_PTP) [Y/n/m/?] y
    Cavium LiquidIO support (LIQUIDIO) [N/m/y/?] n
    Cavium LiquidIO VF support (LIQUIDIO_VF) [N/m/y/?] n
  Chelsio devices (NET_VENDOR_CHELSIO) [Y/n/?] y
    Chelsio 10Gb Ethernet support (CHELSIO_T1) [N/m/y/?] n
    Chelsio Communications T3 10Gb Ethernet support (CHELSIO_T3) [N/m/y/?] n
    Chelsio Communications T4/T5/T6 Ethernet support (CHELSIO_T4) [N/m/y/?] n
    Chelsio Communications T4/T5/T6 Virtual Function Ethernet support (CHELSIO_T4VF) [N/m/y/?] n
  Cisco devices (NET_VENDOR_CISCO) [Y/n/?] y
    Cisco VIC Ethernet NIC Support (ENIC) [M/n/y/?] m
  Cortina Gemini devices (NET_VENDOR_CORTINA) [Y/n/?] y
    Gemini Gigabit Ethernet support (GEMINI_ETHERNET) [N/m/y/?] (NEW) 
  Davicom devices (NET_VENDOR_DAVICOM) [Y/n/?] y
    DM9051 SPI support (DM9051) [N/m/y/?] n
  Dave ethernet support (DNET) (DNET) [N/m/y/?] n
  Digital Equipment devices (NET_VENDOR_DEC) [Y/n/?] y
    DEC - Tulip devices (NET_TULIP) [Y/n/?] y
      Early DECchip Tulip (dc2104x) PCI support (DE2104X) [N/m/y/?] n
      DECchip Tulip (dc2114x) PCI support (TULIP) [N/m/y/?] n
      Winbond W89c840 Ethernet support (WINBOND_840) [N/m/y/?] n
      Davicom DM910x/DM980x support (DM9102) [N/m/y/?] n
      ULi M526x controller support (ULI526X) [N/m/y/?] n
  D-Link devices (NET_VENDOR_DLINK) [Y/n/?] y
    DL2000/TC902x/IP1000A-based Gigabit Ethernet support (DL2K) [N/m/y/?] n
    Sundance Alta support (SUNDANCE) [N/m/y/?] n
  Emulex devices (NET_VENDOR_EMULEX) [Y/?] y
    ServerEngines' 10Gbps NIC - BladeEngine (BE2NET) [M/y/?] m
      HWMON support for be2net driver (BE2NET_HWMON) [Y/n/?] y
      Support for BE2 chipsets (BE2NET_BE2) [Y/n/?] y
      Support for BE3 chipsets (BE2NET_BE3) [Y/n/?] y
      Support for Lancer chipsets (BE2NET_LANCER) [Y/n/?] y
      Support for Skyhawk chipsets (BE2NET_SKYHAWK) [Y/n/?] y
  Engleder devices (NET_VENDOR_ENGLEDER) [Y/n/?] y
    TSN endpoint support (TSNEP) [N/m/y/?] n
  EZchip devices (NET_VENDOR_EZCHIP) [Y/n/?] y
    EZchip NPS management enet support (EZCHIP_NPS_MANAGEMENT_ENET) [N/m/y/?] (NEW) 
  Fungible devices (NET_VENDOR_FUNGIBLE) [Y/n/?] y
    Fungible Ethernet device driver (FUN_ETH) [N/m/y/?] n
  Google Devices (NET_VENDOR_GOOGLE) [Y/n/?] y
    Google Virtual NIC (gVNIC) support (GVE) [N/m/y/?] n
  Hisilicon devices (NET_VENDOR_HISILICON) [Y/n/?] (NEW) 
    Hisilicon HIX5HD2 Family Network Device Support (HIX5HD2_GMAC) [N/m/y/?] (NEW) 
    Hisilicon Fast Ethernet MAC device support (HISI_FEMAC) [N/m/y/?] (NEW) 
    HISILICON P04 Ethernet support (HIP04_ETH) [N/m/y/?] (NEW) 
    Hisilicon HNS DSAF device Support (HNS_DSAF) [N/m/y/?] (NEW) 
    Hisilicon HNS Ethernet Device Support (HNS_ENET) [N/m/y/?] (NEW) 
    Hisilicon Network Subsystem Support HNS3 (Framework) (HNS3) [N/m/y/?] (NEW) 
  Huawei devices (NET_VENDOR_HUAWEI) [Y/n/?] y
    Huawei Intelligent PCIE Network Interface Card (HINIC) [N/m/y/?] n
  Intel (82586/82593/82596) devices (NET_VENDOR_I825XX) [Y/n/?] y
  Intel devices (NET_VENDOR_INTEL) [Y/n/?] y
    Intel(R) PRO/100+ support (E100) [N/m/y/?] n
    Intel(R) PRO/1000 Gigabit Ethernet support (E1000) [N/m/y/?] n
    Intel(R) PRO/1000 PCI-Express Gigabit Ethernet support (E1000E) [N/m/y/?] n
    Intel(R) 82575/82576 PCI-Express Gigabit Ethernet support (IGB) [N/m/y/?] n
    Intel(R) 82576 Virtual Function Ethernet support (IGBVF) [N/m/y/?] n
    Intel(R) 10GbE PCI Express adapters support (IXGBE) [N/m/y/?] n
    Intel(R) 10GbE PCI Express Virtual Function Ethernet support (IXGBEVF) [N/m/y/?] n
    Intel(R) Ethernet Controller XL710 Family support (I40E) [N/m/y/?] n
    Intel(R) Ethernet Adaptive Virtual Function support (I40EVF) [N/m/y/?] n
    Intel(R) Ethernet Connection E800 Series Support (ICE) [N/m/y/?] n
    Intel(R) FM10000 Ethernet Switch Host Interface Support (FM10K) [N/m/y/?] n
    Intel(R) Ethernet Controller I225-LM/I225-V support (IGC) [N/m/y/?] n
    Intel(R) Infrastructure Data Path Function Support (IDPF) [N/m/y/?] n
  JMicron(R) PCI-Express Gigabit Ethernet support (JME) [N/m/y/?] n
  Analog Devices devices (NET_VENDOR_ADI) [Y/n/?] y
  LiteX devices (NET_VENDOR_LITEX) [Y/n/?] y
    LiteX Ethernet support (LITEX_LITEETH) [N/m/y/?] (NEW) 
  Marvell devices (NET_VENDOR_MARVELL) [Y/n/?] y
    Marvell MDIO interface support (MVMDIO) [N/m/y/?] n
    Marvell Yukon Gigabit Ethernet support (SKGE) [N/m/y/?] n
    Marvell Yukon 2 support (SKY2) [N/m/y/?] n
    Marvell OcteonTX2 RVU Admin Function driver (OCTEONTX2_AF) [N/m/y/?] (NEW) 
    Marvell OcteonTX2 NIC Physical Function driver (OCTEONTX2_PF) [N/m/y/?] (NEW) 
    Marvell Octeon PCI Endpoint NIC Driver (OCTEON_EP) [N/m/y/?] n
    Marvell Octeon PCI Endpoint NIC VF Driver (OCTEON_EP_VF) [N/m/y/?] n
  Mellanox devices (NET_VENDOR_MELLANOX) [Y/?] y
    Mellanox Technologies 1/10/40Gbit Ethernet support (MLX4_EN) [N/m/y/?] n
    Verbose debugging output (MLX4_DEBUG) [Y/n/?] y
    Support for old gen2 Mellanox PCI IDs (MLX4_CORE_GEN2) [Y/n/?] y
    Mellanox 5th generation network adapters (ConnectX series) core driver (MLX5_CORE) [N/m/y/?] n
    Mellanox Technologies Switch ASICs support (MLXSW_CORE) [N/m/y/?] n
    Mellanox Technologies firmware flash module (MLXFW) [N/m/y/?] n
    Mellanox Technologies BlueField Gigabit Ethernet support (MLXBF_GIGE) [N/m/y/?] (NEW) 
  Meta Platforms devices (NET_VENDOR_META) [Y/n/?] (NEW) 
  Micrel devices (NET_VENDOR_MICREL) [Y/n/?] y
    Micrel KSZ8841/42 with generic bus interface (KS8842) [N/m/y/?] n
    Micrel KS8851 SPI (KS8851) [N/m/y/?] n
    Micrel KS8851 MLL (KS8851_MLL) [N/m/y/?] n
    Micrel KSZ8841/2 PCI (KSZ884X_PCI) [N/m/y/?] n
  Microchip devices (NET_VENDOR_MICROCHIP) [Y/n/?] y
    ENC28J60 support (ENC28J60) [N/m/y/?] n
    ENCX24J600 support (ENCX24J600) [N/m/y/?] n
    LAN743x support (LAN743X) [N/m/y/?] n
    VCAP (Versatile Content-Aware Processor) library (VCAP) [N/y/?] n
  Microsemi devices (NET_VENDOR_MICROSEMI) [Y/n/?] y
  Microsoft Network Devices (NET_VENDOR_MICROSOFT) [Y/n/?] y
  Myricom devices (NET_VENDOR_MYRI) [Y/n/?] y
    Myricom Myri-10G Ethernet support (MYRI10GE) [N/m/y/?] n
  Myson MTD-8xx PCI Ethernet support (FEALNX) [N/m/y/?] n
  National Instruments Devices (NET_VENDOR_NI) [Y/n/?] y
    National Instruments XGE management enet support (NI_XGE_MANAGEMENT_ENET) [N/m/y/?] n
  National Semiconductor devices (NET_VENDOR_NATSEMI) [Y/n/?] y
    National Semiconductor DP8381x series PCI Ethernet support (NATSEMI) [N/m/y/?] n
    National Semiconductor DP83820 support (NS83820) [N/m/y/?] n
  Neterion (Exar) devices (NET_VENDOR_NETERION) [Y/n/?] y
    Neterion (Exar) Xframe 10Gb Ethernet Adapter (S2IO) [N/m/y/?] n
  Netronome(R) devices (NET_VENDOR_NETRONOME) [Y/n/?] y
    Netronome(R) NFP4000/NFP6000 NIC driver (NFP) [N/m/y/?] n
  National Semiconductor 8390 devices (NET_VENDOR_8390) [Y/n/?] y
    PCI NE2000 and clones support (see help) (NE2K_PCI) [N/m/y/?] n
  NVIDIA devices (NET_VENDOR_NVIDIA) [Y/n/?] y
    nForce Ethernet support (FORCEDETH) [N/m/y/?] n
  OKI Semiconductor devices (NET_VENDOR_OKI) [Y/n/?] y
  OpenCores 10/100 Mbps Ethernet MAC support (ETHOC) [N/m/y/?] n
  Packet Engines devices (NET_VENDOR_PACKET_ENGINES) [Y/n/?] y
    Packet Engines Hamachi GNIC-II support (HAMACHI) [N/m/y/?] n
    Packet Engines Yellowfin Gigabit-NIC support (YELLOWFIN) [N/m/y/?] n
  Pensando devices (NET_VENDOR_PENSANDO) [Y/n/?] y
    Pensando Ethernet IONIC Support (IONIC) [N/m/y/?] n
  QLogic devices (NET_VENDOR_QLOGIC) [Y/n/?] y
    QLogic QLA3XXX Network Driver Support (QLA3XXX) [N/m/y/?] n
    QLOGIC QLCNIC 1/10Gb Converged Ethernet NIC Support (QLCNIC) [N/m/y/?] n
    NetXen Multi port (1/10) Gigabit Ethernet NIC (NETXEN_NIC) [N/m/y/?] n
    QLogic QED 25/40/100Gb core driver (QED) [N/m/y/?] n
  QLogic BR-series devices (NET_VENDOR_BROCADE) [Y/n/?] y
    QLogic BR-series 1010/1020/1860 10Gb Ethernet Driver support (BNA) [N/m/y/?] n
  Qualcomm devices (NET_VENDOR_QUALCOMM) [Y/n/?] y
    Qualcomm Atheros QCA7000 SPI support (QCA7000_SPI) [N/m/y/?] (NEW) 
    Qualcomm Atheros QCA7000 UART support (QCA7000_UART) [N/m/y/?] (NEW) 
    Qualcomm Technologies, Inc. EMAC Gigabit Ethernet support (QCOM_EMAC) [N/m/y/?] n
  RDC devices (NET_VENDOR_RDC) [Y/n/?] y
    RDC R6040 Fast Ethernet Adapter support (R6040) [N/m/y/?] n
  Realtek devices (NET_VENDOR_REALTEK) [Y/n/?] y
    RealTek RTL-8139 C+ PCI Fast Ethernet Adapter support (8139CP) [N/m/y/?] n
    RealTek RTL-8129/8130/8139 PCI Fast Ethernet Adapter support (8139TOO) [N/m/y/?] n
    Realtek 8169/8168/8101/8125 ethernet support (R8169) [N/m/y/?] n
  Renesas devices (NET_VENDOR_RENESAS) [Y/n/?] y
  Rocker devices (NET_VENDOR_ROCKER) [Y/n/?] y
  Samsung Ethernet devices (NET_VENDOR_SAMSUNG) [Y/n/?] y
    Samsung 10G/2.5G/1G SXGBE Ethernet driver (SXGBE_ETH) [N/m/y/?] n
  SEEQ devices (NET_VENDOR_SEEQ) [N/y/?] n
  Silan devices (NET_VENDOR_SILAN) [Y/n/?] y
    Silan SC92031 PCI Fast Ethernet Adapter driver (SC92031) [N/m/y/?] n
  Silicon Integrated Systems (SiS) devices (NET_VENDOR_SIS) [Y/n/?] y
    SiS 900/7016 PCI Fast Ethernet Adapter support (SIS900) [N/m/y/?] n
    SiS190/SiS191 gigabit ethernet support (SIS190) [N/m/y/?] n
  Solarflare devices (NET_VENDOR_SOLARFLARE) [Y/n/?] y
    Solarflare SFC9100/EF100-family support (SFC) [N/m/y/?] n
    Solarflare SFC4000 support (SFC_FALCON) [N/m/y/?] n
    Solarflare SFC9000 support (SFC_SIENA) [N/m/y/?] n
  SMC (SMSC)/Western Digital devices (NET_VENDOR_SMSC) [Y/n/?] y
    SMC 91C9x/91C1xxx support (SMC91X) [N/m/y/?] (NEW) 
    SMC EtherPower II (EPIC100) [N/m/y/?] n
    SMSC LAN911x/LAN921x families embedded ethernet support (SMSC911X) [N/m/y/?] n
    SMSC LAN9420 PCI ethernet adapter support (SMSC9420) [N/m/y/?] n
  Socionext ethernet drivers (NET_VENDOR_SOCIONEXT) [Y/n/?] y
  STMicroelectronics devices (NET_VENDOR_STMICRO) [Y/n/?] y
    STMicroelectronics Multi-Gigabit Ethernet driver (STMMAC_ETH) [N/m/y/?] n
  Sun devices (NET_VENDOR_SUN) [Y/n/?] y
    Sun Happy Meal 10/100baseT support (HAPPYMEAL) [N/m/y/?] n
    Sun GEM support (SUNGEM) [N/m/y/?] n
    Sun Cassini support (CASSINI) [N/m/y/?] n
    Sun Neptune 10Gbit Ethernet support (NIU) [N/m/y/?] n
  Synopsys devices (NET_VENDOR_SYNOPSYS) [Y/n/?] y
    Synopsys DWC Enterprise Ethernet (XLGMAC) driver support (DWC_XLGMAC) [N/m/y/?] n
  Tehuti devices (NET_VENDOR_TEHUTI) [Y/n/?] y
    Tehuti Networks 10G Ethernet (TEHUTI) [N/m/y/?] n
    Tehuti Networks TN40xx 10G Ethernet adapters (TEHUTI_TN40) [N/m/y/?] (NEW) 
  Texas Instruments (TI) devices (NET_VENDOR_TI) [Y/n/?] y
    TI CPSW Phy mode Selection (DEPRECATED) (TI_CPSW_PHY_SEL) [N/y/?] n
    TI ThunderLAN support (TLAN) [N/m/y/?] n
  Vertexcom devices (NET_VENDOR_VERTEXCOM) [Y/n/?] y
    Vertexcom MSE102x SPI (MSE102X) [N/m/y/?] n
  VIA devices (NET_VENDOR_VIA) [Y/n/?] y
    VIA Rhine support (VIA_RHINE) [N/m/y/?] n
    VIA Velocity support (VIA_VELOCITY) [N/m/y/?] n
  Wangxun devices (NET_VENDOR_WANGXUN) [Y/n/?] y
    Wangxun(R) GbE PCI Express adapters support (NGBE) [N/m/y/?] n
    Wangxun(R) 10GbE PCI Express adapters support (TXGBE) [N/m/y/?] n
  WIZnet devices (NET_VENDOR_WIZNET) [Y/n/?] y
    WIZnet W5100 Ethernet support (WIZNET_W5100) [N/m/y/?] n
    WIZnet W5300 Ethernet support (WIZNET_W5300) [N/m/y/?] n
  Xilinx devices (NET_VENDOR_XILINX) [Y/n/?] y
    Xilinx 10/100 Ethernet Lite support (XILINX_EMACLITE) [N/m/y/?] n
    Xilinx LL TEMAC (LocalLink Tri-mode Ethernet MAC) driver (XILINX_LL_TEMAC) [N/m/y/?] n
*
* PCS device drivers
*
Synopsys DesignWare Ethernet XPCS (PCS_XPCS) [N/m/y/?] (NEW) 
*
* Keyboards
*
Keyboards (INPUT_KEYBOARD) [Y/n/?] y
  ADP5588/87 I2C QWERTY Keypad and IO Expander (KEYBOARD_ADP5588) [N/m/y/?] n
  ADP5585/ADP5589 I2C QWERTY Keypad and IO Expander (KEYBOARD_ADP5589) [N/m/y/?] n
  AT keyboard (KEYBOARD_ATKBD) [Y/n/m/?] y
  Microchip AT42QT1050 Touch Sensor Chip (KEYBOARD_QT1050) [N/m/y/?] n
  Atmel AT42QT1070 Touch Sensor Chip (KEYBOARD_QT1070) [N/m/y/?] n
  Atmel AT42QT2160 Touch Sensor Chip (KEYBOARD_QT2160) [N/m/y/?] n
  D-Link DIR-685 touchkeys support (KEYBOARD_DLINK_DIR685) [N/m/y/?] n
  DECstation/VAXstation LK201/LK401 keyboard (KEYBOARD_LKKBD) [N/m/y/?] n
  GPIO Buttons (KEYBOARD_GPIO) [N/m/y/?] n
  Polled GPIO buttons (KEYBOARD_GPIO_POLLED) [N/m/y/?] n
  TCA6416/TCA6408A Keypad Support (KEYBOARD_TCA6416) [N/m/y/?] n
  TCA8418 Keypad Support (KEYBOARD_TCA8418) [N/m/y/?] n
  GPIO driven matrix keypad support (KEYBOARD_MATRIX) [N/m/y/?] n
  LM8323 keypad chip (KEYBOARD_LM8323) [N/m/y/?] n
  LM8333 keypad chip (KEYBOARD_LM8333) [N/m/y/?] n
  Maxim MAX7359 Key Switch Controller (KEYBOARD_MAX7359) [N/m/y/?] n
  MELFAS MCS Touchkey (KEYBOARD_MCS) [N/m/y/?] n
  Freescale MPR121 Touchkey (KEYBOARD_MPR121) [N/m/y/?] n
  Newton keyboard (KEYBOARD_NEWTON) [N/m/y/?] n
  OpenCores Keyboard Controller (KEYBOARD_OPENCORES) [N/m/y/?] n
  Pine64 PinePhone Keyboard (KEYBOARD_PINEPHONE) [N/m/y/?] n
  Samsung keypad support (KEYBOARD_SAMSUNG) [N/m/y/?] n
  Stowaway keyboard (KEYBOARD_STOWAWAY) [N/m/y/?] n
  Sun Type 4 and Type 5 keyboard (KEYBOARD_SUNKBD) [N/m/y/?] n
  TI OMAP4+ keypad support (KEYBOARD_OMAP4) [N/m/y/?] (NEW) 
  TM2 touchkey support (KEYBOARD_TM2_TOUCHKEY) [N/m/y/?] n
  XT keyboard (KEYBOARD_XTKBD) [N/m/y/?] n
  Microchip CAP11XX based touch sensors (KEYBOARD_CAP11XX) [N/m/y/?] (NEW) 
  Broadcom keypad driver (KEYBOARD_BCM) [N/m/y/?] (NEW) 
  Cypress StreetFighter touchkey support (KEYBOARD_CYPRESS_SF) [N/m/y/?] n
*
* Touchscreens
*
Touchscreens (INPUT_TOUCHSCREEN) [Y/n/?] y
  ADS7846/TSC2046/AD7873 and AD(S)7843 based touchscreens (TOUCHSCREEN_ADS7846) [N/m/y/?] n
  AD7877 based touchscreens (TOUCHSCREEN_AD7877) [N/m/y/?] n
  Analog Devices AD7879-1/AD7889-1 touchscreen interface (TOUCHSCREEN_AD7879) [N/m/y/?] n
  Microchip AR1020/1021 i2c touchscreen (TOUCHSCREEN_AR1021_I2C) [N/m/y/?] (NEW) 
  Atmel mXT I2C Touchscreen (TOUCHSCREEN_ATMEL_MXT) [N/m/y/?] n
  AUO in-cell touchscreen using Pixcir ICs (TOUCHSCREEN_AUO_PIXCIR) [N/m/y/?] n
  BU21013 based touch panel controllers (TOUCHSCREEN_BU21013) [N/m/y/?] n
  Rohm BU21029 based touch panel controllers (TOUCHSCREEN_BU21029) [N/m/y/?] n
  chipone icn8318 touchscreen controller (TOUCHSCREEN_CHIPONE_ICN8318) [N/m/y/?] (NEW) 
  chipone icn8505 touchscreen controller (TOUCHSCREEN_CHIPONE_ICN8505) [N/m/y/?] n
  cy8ctma140 touchscreen (TOUCHSCREEN_CY8CTMA140) [N/m/y/?] n
  cy8ctmg110 touchscreen (TOUCHSCREEN_CY8CTMG110) [N/m/y/?] n
  Cypress TTSP touchscreen (TOUCHSCREEN_CYTTSP_CORE) [N/m/y/?] n
  Cypress TrueTouch Gen4 Touchscreen Driver (TOUCHSCREEN_CYTTSP4_CORE) [N/m/y/?] n
  Cypress TrueTouch Gen5 Touchscreen Driver (TOUCHSCREEN_CYTTSP5) [N/m/y/?] n
  Dynapro serial touchscreen (TOUCHSCREEN_DYNAPRO) [N/m/y/?] n
  Hampshire serial touchscreen (TOUCHSCREEN_HAMPSHIRE) [N/m/y/?] n
  EETI touchscreen panel support (TOUCHSCREEN_EETI) [N/m/y/?] n
  EETI eGalax multi-touch panel support (TOUCHSCREEN_EGALAX) [N/m/y/?] (NEW) 
  EETI eGalax serial touchscreen (TOUCHSCREEN_EGALAX_SERIAL) [N/m/y/?] n
  EETI EXC3000 multi-touch panel support (TOUCHSCREEN_EXC3000) [N/m/y/?] n
  Fujitsu serial touchscreen (TOUCHSCREEN_FUJITSU) [N/m/y/?] n
  Goodix I2C touchscreen (TOUCHSCREEN_GOODIX) [N/m/y/?] n
  Goodix Berlin I2C touchscreen (TOUCHSCREEN_GOODIX_BERLIN_I2C) [N/m/y/?] n
  Goodix Berlin SPI touchscreen (TOUCHSCREEN_GOODIX_BERLIN_SPI) [N/m/y/?] n
  HiDeep Touch IC (TOUCHSCREEN_HIDEEP) [N/m/y/?] n
  Hycon hy46xx touchscreen support (TOUCHSCREEN_HYCON_HY46XX) [N/m/y/?] n
  Hynitron touchscreen support (TOUCHSCREEN_HYNITRON_CSTXXX) [N/m/y/?] n
  Ilitek ILI210X based touchscreen (TOUCHSCREEN_ILI210X) [N/m/y/?] n
  Ilitek I2C 213X/23XX/25XX/Lego Series Touch ICs (TOUCHSCREEN_ILITEK) [N/m/y/?] n
  Samsung S6SY761 Touchscreen driver (TOUCHSCREEN_S6SY761) [N/m/y/?] n
  Gunze AHL-51S touchscreen (TOUCHSCREEN_GUNZE) [N/m/y/?] n
  Elan eKTF2127 I2C touchscreen (TOUCHSCREEN_EKTF2127) [N/m/y/?] n
  Elan eKTH I2C touchscreen (TOUCHSCREEN_ELAN) [N/m/y/?] n
  Elo serial touchscreens (TOUCHSCREEN_ELO) [N/m/y/?] n
  Wacom W8001 penabled serial touchscreen (TOUCHSCREEN_WACOM_W8001) [N/m/y/?] n
  Wacom Tablet support (I2C) (TOUCHSCREEN_WACOM_I2C) [N/m/y/?] n
  MAX11801 based touchscreens (TOUCHSCREEN_MAX11801) [N/m/y/?] n
  MELFAS MCS-5000 touchscreen (TOUCHSCREEN_MCS5000) [N/m/y/?] n
  MELFAS MMS114 touchscreen (TOUCHSCREEN_MMS114) [N/m/y/?] n
  MELFAS MIP4 Touchscreen (TOUCHSCREEN_MELFAS_MIP4) [N/m/y/?] n
  MStar msg2638 touchscreen support (TOUCHSCREEN_MSG2638) [N/m/y/?] n
  MicroTouch serial touchscreens (TOUCHSCREEN_MTOUCH) [N/m/y/?] n
  Novatek NT11205 touchscreen support (TOUCHSCREEN_NOVATEK_NVT_TS) [N/m/y/?] n
  Imagis touchscreen support (TOUCHSCREEN_IMAGIS) [N/m/y/?] n
  Freescale i.MX6UL touchscreen controller (TOUCHSCREEN_IMX6UL_TSC) [N/m/y/?] (NEW) 
  iNexio serial touchscreens (TOUCHSCREEN_INEXIO) [N/m/y/?] n
  Penmount serial touchscreen (TOUCHSCREEN_PENMOUNT) [N/m/y/?] n
  EDT FocalTech FT5x06 I2C Touchscreen support (TOUCHSCREEN_EDT_FT5X06) [N/m/y/?] n
  Touchright serial touchscreen (TOUCHSCREEN_TOUCHRIGHT) [N/m/y/?] n
  Touchwin serial touchscreen (TOUCHSCREEN_TOUCHWIN) [N/m/y/?] n
  PIXCIR I2C touchscreens (TOUCHSCREEN_PIXCIR) [N/m/y/?] n
  Weida HiTech I2C touchscreen (TOUCHSCREEN_WDT87XX_I2C) [N/m/y/?] n
  USB Touchscreen Driver (TOUCHSCREEN_USB_COMPOSITE) [N/m/y/?] n
  Sahara TouchIT-213 touchscreen (TOUCHSCREEN_TOUCHIT213) [N/m/y/?] n
  TSC-10/25/40 serial touchscreen support (TOUCHSCREEN_TSC_SERIO) [N/m/y/?] n
  TSC2004 based touchscreens (TOUCHSCREEN_TSC2004) [N/m/y/?] n
  TSC2005 based touchscreens (TOUCHSCREEN_TSC2005) [N/m/y/?] n
  TSC2007 based touchscreens (TOUCHSCREEN_TSC2007) [N/m/y/?] n
  Raydium I2C Touchscreen (TOUCHSCREEN_RM_TS) [N/m/y/?] n
  Silead I2C touchscreen (TOUCHSCREEN_SILEAD) [N/m/y/?] n
  SiS 9200 family I2C touchscreen (TOUCHSCREEN_SIS_I2C) [N/m/y/?] n
  Sitronix ST1232 or ST1633 touchscreen controllers (TOUCHSCREEN_ST1232) [N/m/y/?] n
  STMicroelectronics STMFTS touchscreen (TOUCHSCREEN_STMFTS) [N/m/y/?] n
  Ntrig/Microsoft Surface 3 SPI touchscreen (TOUCHSCREEN_SURFACE3_SPI) [N/m/y/?] n
  Semtech SX8654 touchscreen (TOUCHSCREEN_SX8654) [N/m/y/?] n
  TPS6507x based touchscreens (TOUCHSCREEN_TPS6507X) [N/m/y/?] n
  Zeitec ZET6223 touchscreen driver (TOUCHSCREEN_ZET6223) [N/m/y/?] n
  Neonode zForce infrared touchscreens (TOUCHSCREEN_ZFORCE) [N/m/y/?] n
  ROHM BU21023/24 Dual touch support resistive touchscreens (TOUCHSCREEN_ROHM_BU21023) [N/m/y/?] n
  Azoteq IQS550/572/525 trackpad/touchscreen controller (TOUCHSCREEN_IQS5XX) [N/m/y/?] n
  Azoteq IQS7210A/7211A/E trackpad/touchscreen controller (TOUCHSCREEN_IQS7211) [N/m/y/?] n
  Zinitix touchscreen support (TOUCHSCREEN_ZINITIX) [N/m/y/?] n
  Himax hx83112b touchscreen driver (TOUCHSCREEN_HIMAX_HX83112B) [N/m/y/?] n
*
* Miscellaneous devices
*
Miscellaneous devices (INPUT_MISC) [Y/n/?] y
  Analog Devices AD714x Capacitance Touch Sensor (INPUT_AD714X) [N/m/y/?] n
  Atmel Capacitive Touch Button Driver (INPUT_ATMEL_CAPTOUCH) [N/m/y/?] (NEW) 
  BMA150/SMB380 acceleration sensor support (INPUT_BMA150) [N/m/y/?] n
  NI Ettus Research USRP E3xx Button support. (INPUT_E3X0_BUTTON) [N/m/y/?] n
  MMA8450 - Freescale's 3-Axis, 8/12-bit Digital Accelerometer (INPUT_MMA8450) [N/m/y/?] n
  Generic GPIO Beeper support (INPUT_GPIO_BEEPER) [N/m/y/?] n
  Polled GPIO Decoder Input driver (INPUT_GPIO_DECODER) [N/m/y/?] n
  GPIO vibrator support (INPUT_GPIO_VIBRA) [N/m/y/?] n
  ATI / Philips USB RF remote control (INPUT_ATI_REMOTE2) [N/m/y/?] n
  Keyspan DMR USB remote control (INPUT_KEYSPAN_REMOTE) [N/m/y/?] n
  Kionix KXTJ9 tri-axis digital accelerometer (INPUT_KXTJ9) [N/m/y/?] n
  Griffin PowerMate and Contour Jog support (INPUT_POWERMATE) [N/m/y/?] n
  Yealink usb-p1k voip phone (INPUT_YEALINK) [N/m/y/?] n
  C-Media CM109 USB I/O Controller (INPUT_CM109) [N/m/y/?] n
  Regulator haptics support (INPUT_REGULATOR_HAPTIC) [N/m/y/?] n
  User level driver support (INPUT_UINPUT) [N/m/y/?] n
  PCF8574 Keypad input device (INPUT_PCF8574) [N/m/y/?] n
  PWM beeper support (INPUT_PWM_BEEPER) [N/m/y/?] n
  PWM vibrator support (INPUT_PWM_VIBRA) [N/m/y/?] n
  Rotary encoders connected to GPIO pins (INPUT_GPIO_ROTARY_ENCODER) [N/m/y/?] n
  Dialog Semiconductor DA7280 haptics support (INPUT_DA7280_HAPTICS) [N/m/y/?] n
  Analog Devices ADXL34x Three-Axis Digital Accelerometer (INPUT_ADXL34X) [N/m/y/?] n
  IMS Passenger Control Unit driver (INPUT_IMS_PCU) [N/m/?] n
  Azoteq IQS269A capacitive touch controller (INPUT_IQS269A) [N/m/y/?] n
  Azoteq IQS626A capacitive touch controller (INPUT_IQS626A) [N/m/y/?] n
  Azoteq IQS7222A/B/C/D capacitive touch controller (INPUT_IQS7222) [N/m/y/?] n
  VTI CMA3000 Tri-axis accelerometer (INPUT_CMA3000) [N/m/y/?] n
  Xen virtual keyboard and mouse support (INPUT_XEN_KBDDEV_FRONTEND) [Y/n/m/?] y
  TI DRV260X haptics support (INPUT_DRV260X_HAPTICS) [N/m/y/?] n
  TI DRV2665 haptics support (INPUT_DRV2665_HAPTICS) [N/m/y/?] n
  TI DRV2667 haptics support (INPUT_DRV2667_HAPTICS) [N/m/y/?] n
*
* Hardware I/O ports
*
Serial I/O support (SERIO) [Y/?] y
Serial port line discipline (SERIO_SERPORT) [M/n/y/?] m
Parallel port keyboard adapter (SERIO_PARKBD) [N/m/?] n
AMBA KMI keyboard controller (SERIO_AMBAKMI) [N/m/y/?] (NEW) 
PCI PS/2 keyboard and PS/2 mouse controller (SERIO_PCIPS2) [N/m/y/?] n
PS/2 driver library (SERIO_LIBPS2) [Y/?] y
Raw access to serio ports (SERIO_RAW) [M/n/y/?] m
Altera UP PS/2 controller (SERIO_ALTERA_PS2) [N/m/y/?] n
TQC PS/2 multiplexer (SERIO_PS2MULT) [N/m/y/?] n
ARC PS/2 support (SERIO_ARC_PS2) [N/m/y/?] n
GRLIB APBPS2 PS/2 keyboard/mouse controller (SERIO_APBPS2) [N/m/y/?] (NEW) 
Microsoft Synthetic Keyboard driver (HYPERV_KEYBOARD) [M/n/?] m
GPIO PS/2 bit banging driver (SERIO_GPIO_PS2) [N/m/y/?] n
User space serio port driver support (USERIO) [N/m/y/?] n
Gameport support (GAMEPORT) [N/m/y/?] n
*
* Serial drivers
*
8250/16550 and compatible serial support (SERIAL_8250) [Y/n/m/?] y
  Support 8250_core.* kernel options (DEPRECATED) (SERIAL_8250_DEPRECATED_OPTIONS) [N/y/?] n
  8250/16550 PNP device support (SERIAL_8250_PNP) [Y/n/?] y
  Support for variants of the 16550A serial port (SERIAL_8250_16550A_VARIANTS) [N/y/?] n
  Support for Fintek variants (SERIAL_8250_FINTEK) [Y/n/?] y
  Console on 8250/16550 and compatible serial port (SERIAL_8250_CONSOLE) [Y/n/?] y
  DMA support for 16550 compatible UART controllers (SERIAL_8250_DMA) [Y/n/?] y
8250/16550 PCI device support (SERIAL_8250_PCI) [Y/n/m/?] y
8250/16550 Exar/Commtech PCI/PCIe device support (SERIAL_8250_EXAR) [Y/n/m/?] y
Maximum number of 8250/16550 serial ports (SERIAL_8250_NR_UARTS) [32] 32
Number of 8250/16550 serial ports to register at runtime (SERIAL_8250_RUNTIME_UARTS) [4] 4
Extended 8250/16550 serial driver options (SERIAL_8250_EXTENDED) [Y/n/?] y
  Support more than 4 legacy serial ports (SERIAL_8250_MANY_PORTS) [Y/n/?] y
Microchip 8250 based serial port (SERIAL_8250_PCI1XXXX) [Y/n/m/?] y
Support for sharing serial interrupts (SERIAL_8250_SHARE_IRQ) [Y/n/?] y
Autodetect IRQ on standard ports (unsafe) (SERIAL_8250_DETECT_IRQ) [N/y/?] n
Support RSA serial ports (SERIAL_8250_RSA) [Y/n/?] y
Support for Synopsys DesignWare 8250 quirks (SERIAL_8250_DW) [Y/n/m/?] y
Ralink RT288x/RT305x/RT3662/RT3883 serial port support (SERIAL_8250_RT288X) [N/y/?] n
Support for Pericom and Acces I/O serial ports (SERIAL_8250_PERICOM) [Y/n/m/?] y
Devicetree based probing for 8250 ports (SERIAL_OF_PLATFORM) [N/m/y/?] (NEW) 
*
* Non-8250 serial port support
*
ARM AMBA PL010 serial port support (SERIAL_AMBA_PL010) [N/m/y/?] (NEW) 
ARM AMBA PL011 serial port support (SERIAL_AMBA_PL011) [N/m/y/?] (NEW) 
Early console using Arm compatible semihosting (SERIAL_EARLYCON_SEMIHOST) [N/y/?] (NEW) 
MAX3100/3110/3111/3222 support (SERIAL_MAX3100) [N/m/y/?] n
MAX310X support (SERIAL_MAX310X) [N/m/y/?] n
Xilinx uartlite serial port support (SERIAL_UARTLITE) [N/m/y/?] n
Digi International NEO and Classic PCI Support (SERIAL_JSM) [N/m/y/?] n
SiFive UART support (SERIAL_SIFIVE) [N/m/y/?] (NEW) 
SCCNXP serial port support (SERIAL_SCCNXP) [N/m/y/?] n
NXP SC16IS7xx UART support (SERIAL_SC16IS7XX) [N/m/y/?] (NEW) 
Altera JTAG UART support (SERIAL_ALTERA_JTAGUART) [N/m/y/?] n
Altera UART support (SERIAL_ALTERA_UART) [N/m/y/?] n
Cadence (Xilinx Zynq) UART support (SERIAL_XILINX_PS_UART) [N/m/y/?] (NEW) 
ARC UART driver support (SERIAL_ARC) [N/m/y/?] n
Comtrol RocketPort EXPRESS/INFINITY support (SERIAL_RP2) [N/m/y/?] n
Freescale lpuart serial port support (SERIAL_FSL_LPUART) [N/m/y/?] n
Freescale LINFlexD UART serial port support (SERIAL_FSL_LINFLEXUART) [N/m/y/?] n
Conexant Digicolor CX92xxx USART serial port support (SERIAL_CONEXANT_DIGICOLOR) [N/m/y/?] (NEW) 
Support for Spreadtrum serial (SERIAL_SPRD) [N/m/y/?] n
*
* Character devices
*
Enable TTY (TTY) [Y/n/?] y
  Virtual terminal (VT) [Y/n/?] y
    Enable character translations in console (CONSOLE_TRANSLATIONS) [Y/n/?] y
    Support for console on virtual terminal (VT_CONSOLE) [Y/n/?] y
    Support for binding and unbinding console drivers (VT_HW_CONSOLE_BINDING) [Y/?] y
  Unix98 PTY support (UNIX98_PTYS) [Y/n/?] y
  Legacy (BSD) PTY support (LEGACY_PTYS) [N/y/?] n
  Allow legacy TIOCSTI usage (LEGACY_TIOCSTI) [Y/n/?] y
  Automatically load TTY Line Disciplines (LDISC_AUTOLOAD) [Y/n/?] y
  Non-standard serial port support (SERIAL_NONSTANDARD) [Y/n/?] y
    Moxa Intellio support (MOXA_INTELLIO) [N/m/y/?] n
    Moxa SmartIO support v. 2.0 (MOXA_SMARTIO) [N/m/y/?] n
    HDLC line discipline support (N_HDLC) [N/m/y/?] n
  GSM MUX line discipline support (EXPERIMENTAL) (N_GSM) [N/m/y/?] n
  HSDPA Broadband Wireless Data Card - Globe Trotter (NOZOMI) [N/m/y/?] n
  NULL TTY driver (NULL_TTY) [N/m/y/?] n
  Xen Hypervisor Console support (HVC_XEN) [Y/n/?] y
    Xen Hypervisor Multiple Consoles support (HVC_XEN_FRONTEND) [Y/n/?] y
  ARM JTAG DCC console (HVC_DCC) [N/y/?] (NEW) 
TTY driver to output user messages via printk (TTY_PRINTK) [N/m/y/?] n
Parallel printer support (PRINTER) [N/m/?] n
Support for user-space parallel port device drivers (PPDEV) [N/m/?] n
Virtio console (VIRTIO_CONSOLE) [M/n/y/?] m
Applicom intelligent fieldbus card support (APPLICOM) [N/m/y/?] n
/dev/mem virtual device support (DEVMEM) [Y/n/?] y
/dev/port character device (DEVPORT) [Y/n/?] y
Xillybus generic FPGA interface (XILLYBUS) [N/m/y/?] n
XillyUSB: Xillybus generic FPGA interface for USB (XILLYUSB) [N/m/?] n
*
* I2C Hardware Bus support
*
*
* PC SMBus host controller drivers
*
ALI 1535 (I2C_ALI1535) [N/m/y/?] n
ALI 1563 (I2C_ALI1563) [N/m/y/?] n
ALI 15x3 (I2C_ALI15X3) [N/m/y/?] n
AMD 756/766/768/8111 and nVidia nForce (I2C_AMD756) [N/m/y/?] n
AMD 8111 (I2C_AMD8111) [N/m/y/?] n
AMD MP2 PCIe (I2C_AMD_MP2) [N/m/y/?] n
Intel 82801 (ICH/PCH) (I2C_I801) [N/m/y/?] n
Intel SCH SMBus 1.0 (I2C_ISCH) [N/m/y/?] n
Intel PIIX4 and compatible (ATI/AMD/Serverworks/Broadcom/SMSC) (I2C_PIIX4) [M/n/y/?] m
Nvidia nForce2, nForce3 and nForce4 (I2C_NFORCE2) [N/m/y/?] n
NVIDIA GPU I2C controller (I2C_NVIDIA_GPU) [N/m/y/?] n
SiS 5595 (I2C_SIS5595) [N/m/y/?] n
SiS 630/730/964 (I2C_SIS630) [N/m/y/?] n
SiS 96x (I2C_SIS96X) [N/m/y/?] n
VIA VT82C586B (I2C_VIA) [N/m/y/?] n
VIA VT82C596/82C686/82xx and CX700/VX8xx/VX900 (I2C_VIAPRO) [N/m/y/?] n
Zhaoxin I2C Interface (I2C_ZHAOXIN) [N/m/y/?] (NEW) 
*
* ACPI drivers
*
SMBus Control Method Interface (I2C_SCMI) [N/m/y/?] n
*
* I2C system bus drivers (mostly embedded / system-on-chip)
*
Cadence I2C Controller (I2C_CADENCE) [N/m/y/?] (NEW) 
CBUS I2C driver (I2C_CBUS_GPIO) [N/m/y/?] n
Synopsys DesignWare Slave (I2C_DESIGNWARE_SLAVE) [N/y/?] n
Synopsys DesignWare Platform (I2C_DESIGNWARE_PLATFORM) [Y/n/m/?] y
Synopsys DesignWare PCI (I2C_DESIGNWARE_PCI) [N/m/y/?] n
EMMA Mobile series I2C adapter (I2C_EMEV2) [N/m/y/?] n
GPIO-based bitbanging I2C (I2C_GPIO) [N/m/y/?] n
HiSilicon I2C controller (I2C_HISI) [N/m/y/?] (NEW) 
ST-Ericsson Nomadik/Ux500 I2C Controller (I2C_NOMADIK) [N/m/y/?] (NEW) 
OpenCores I2C Controller (I2C_OCORES) [N/m/y/?] n
PCA9564/PCA9665 as platform device (I2C_PCA_PLATFORM) [N/m/y/?] n
Rockchip RK3xxx I2C adapter (I2C_RK3X) [N/m/y/?] (NEW) 
Simtec Generic I2C interface (I2C_SIMTEC) [N/m/y/?] n
Cavium ThunderX I2C bus support (I2C_THUNDERX) [N/m/y/?] (NEW) 
Xilinx I2C Controller (I2C_XILINX) [N/m/y/?] n
*
* External I2C/SMBus adapter drivers
*
Diolan U2C-12 USB adapter (I2C_DIOLAN_U2C) [N/m/?] n
Silicon Labs CP2615 USB sound card and I2C adapter (I2C_CP2615) [N/m/?] n
Parallel port adapter (I2C_PARPORT) [N/m/?] n
PCI1XXXX I2C Host Adapter (I2C_PCI1XXXX) [N/m/y/?] n
RobotFuzz Open Source InterFace USB adapter (I2C_ROBOTFUZZ_OSIF) [N/m/?] n
TAOS evaluation module (I2C_TAOS_EVM) [N/m/y/?] n
Tiny-USB adapter (I2C_TINY_USB) [N/m/?] n
*
* Other I2C/SMBus bus drivers
*
Mellanox I2C driver (I2C_MLXCPLD) [N/m/y/?] n
Virtio I2C Adapter (I2C_VIRTIO) [N/m/y/?] n
*
* SPI support
*
SPI support (SPI) [Y/n/?] y
  Debug support for SPI drivers (SPI_DEBUG) [N/y/?] n
  SPI memory extension (SPI_MEM) [Y/n/?] y
  *
  * SPI Master Controller Drivers
  *
  Altera SPI Controller platform driver (SPI_ALTERA) [N/m/y/?] n
  Analog Devices AXI SPI Engine controller (SPI_AXI_SPI_ENGINE) [N/m/y/?] n
  Utilities for Bitbanging SPI host controllers (SPI_BITBANG) [N/m/y/?] n
  Parallel port adapter for AVR Butterfly (DEVELOPMENT) (SPI_BUTTERFLY) [N/m/?] n
  Cadence SPI controller (SPI_CADENCE) [N/m/y/?] n
  Cadence Quad SPI controller (SPI_CADENCE_QUADSPI) [N/m/y/?] (NEW) 
  Cadence XSPI controller (SPI_CADENCE_XSPI) [N/m/y/?] (NEW) 
  CH341 USB2SPI adapter (SPI_CH341) [N/m/?] (NEW) 
  DesignWare SPI controller core support (SPI_DESIGNWARE) [N/m/y/?] n
  HiSilicon SPI Controller for Kunpeng SoCs (SPI_HISI_KUNPENG) [N/m/y/?] (NEW) 
  HiSilicon SPI NOR Flash Controller for Hi16XX chipsets (SPI_HISI_SFC_V3XX) [N/m/y/?] (NEW) 
  GPIO-based bitbanging SPI Master (SPI_GPIO) [N/m/y/?] n
  Parallel port adapter for LM70 eval board (DEVELOPMENT) (SPI_LM70_LLP) [N/m/?] n
  Freescale SPI controller and Aeroflex Gaisler GRLIB SPI controller (SPI_FSL_SPI) [N/m/y/?] (NEW) 
  Microchip FPGA SPI controllers (SPI_MICROCHIP_CORE) [N/m/y/?] n
  Microchip FPGA QSPI controllers (SPI_MICROCHIP_CORE_QSPI) [N/m/y/?] n
  OpenCores tiny SPI (SPI_OC_TINY) [N/m/y/?] n
  PCI1XXXX SPI Bus support (SPI_PCI1XXXX) [N/m/y/?] n
  ARM AMBA PL022 SSP controller (SPI_PL022) [N/m/y/?] (NEW) 
  NXP SC18IS602/602B/603 I2C to SPI bridge (SPI_SC18IS602) [N/m/y/?] n
  SiFive SPI controller (SPI_SIFIVE) [N/m/y/?] n
  Socionext F_OSPI SPI flash controller (SPI_SN_F_OSPI) [N/m/y/?] (NEW) 
  Macronix MX25F0A SPI controller (SPI_MXIC) [N/m/y/?] n
  Cavium ThunderX SPI controller (SPI_THUNDERX) [N/m/y/?] (NEW) 
  Analog Devices AD-FMCOMMS1-EBZ SPI-I2C-bridge driver (SPI_XCOMM) [N/m/y/?] n
  Xilinx SPI controller common module (SPI_XILINX) [N/m/y/?] n
  Xilinx ZynqMP GQSPI controller (SPI_ZYNQMP_GQSPI) [N/m/y/?] n
  AMD SPI controller (SPI_AMD) [N/m/y/?] n
  *
  * SPI Multiplexer support
  *
  SPI multiplexer support (SPI_MUX) [N/m/y/?] n
  *
  * SPI Protocol Masters
  *
  User mode SPI device driver support (SPI_SPIDEV) [Y/n/m/?] y
  spi loopback test framework support (SPI_LOOPBACK_TEST) [N/m/?] n
  Infineon TLE62X0 (for power switching) (SPI_TLE62X0) [N/m/y/?] n
  SPI slave protocol handlers (SPI_SLAVE) [N/y/?] n
*
* Pin controllers
*
Pin controllers (PINCTRL) [Y/n/?] y
  Debug PINCTRL calls (DEBUG_PINCTRL) [N/y/?] n
  AMD GPIO pin control (PINCTRL_AMD) [Y/n/?] y
  Awinic AW9523/AW9523B I2C GPIO expander pinctrl driver (PINCTRL_AW9523) [N/m/y/?] (NEW) 
  Cypress CY8C95X0 I2C pinctrl and GPIO driver (PINCTRL_CY8C95X0) [N/m/y/?] n
  Microchip MCP23xxx I/O expander (PINCTRL_MCP23S08) [N/m/y/?] n
  Pinctrl driver for Microsemi/Microchip Serial GPIO (PINCTRL_MICROCHIP_SGPIO) [N/m/y/?] (NEW) 
  Pinctrl driver for the Microsemi Ocelot and Jaguar2 SoCs (PINCTRL_OCELOT) [N/m/y/?] (NEW) 
  One-register-per-pin type device tree based pinctrl driver (PINCTRL_SINGLE) [N/m/y/?] (NEW) 
  STMicroelectronics STMFX GPIO expander pinctrl driver (PINCTRL_STMFX) [N/m/y/?] (NEW) 
  Semtech SX150x I2C GPIO expander pinctrl driver (PINCTRL_SX150X) [N/y/?] n
*
* Memory mapped GPIO drivers
*
GPIO driver for 74xx-ICs with MMIO access (GPIO_74XX_MMIO) [N/m/y/?] (NEW) 
Altera GPIO (GPIO_ALTERA) [N/m/y/?] (NEW) 
AMD Promontory GPIO support (GPIO_AMDPT) [N/m/y/?] n
Cadence GPIO support (GPIO_CADENCE) [N/m/y/?] (NEW) 
Synopsys DesignWare APB GPIO driver (GPIO_DWAPB) [N/m/y/?] n
Support for GPIO pins on XR17V352/354/358 (GPIO_EXAR) [N/m/y/?] n
Faraday FTGPIO010 GPIO (GPIO_FTGPIO010) [N/y/?] (NEW) 
Generic memory-mapped GPIO controller support (MMIO platform device) (GPIO_GENERIC_PLATFORM) [N/m/y/?] n
Aeroflex Gaisler GRGPIO support (GPIO_GRGPIO) [N/m/y/?] (NEW) 
HiSilicon GPIO controller driver (GPIO_HISI) [N/m/y/?] (NEW) 
Nintendo Wii (Hollywood) GPIO (GPIO_HLWD) [N/m/y/?] (NEW) 
GPIO support for Fujitsu MB86S7x Platforms (GPIO_MB86S7X) [N/m/y/?] n
PrimeCell PL061 GPIO support (GPIO_PL061) [N/m/y/?] (NEW) 
SiFive GPIO support (GPIO_SIFIVE) [N/m/y/?] (NEW) 
APM X-Gene GPIO controller support (GPIO_XGENE) [N/y/?] (NEW) 
Xilinx GPIO support (GPIO_XILINX) [N/m/y/?] (NEW) 
GPIO support for AMD Fusion Controller Hub (G-series SOCs) (GPIO_AMD_FCH) [N/m/y/?] n
*
* I2C GPIO expanders
*
Avionic Design N-bit GPIO expander (GPIO_ADNP) [N/m/y/?] (NEW) 
FXL6408 I2C GPIO expander (GPIO_FXL6408) [N/m/y/?] n
DS4520 I2C GPIO expander (GPIO_DS4520) [N/m/y/?] n
Gateworks PLD GPIO Expander (GPIO_GW_PLD) [N/m/y/?] (NEW) 
Maxim MAX7300 GPIO expander (GPIO_MAX7300) [N/m/y/?] n
MAX7319, MAX7320-7327 I2C Port Expanders (GPIO_MAX732X) [N/m/y/?] n
PCA95[357]x, PCA9698, TCA64xx, and MAX7310 I/O ports (GPIO_PCA953X) [N/m/y/?] n
PCA9570 4-Bit I2C GPO expander (GPIO_PCA9570) [N/m/y/?] n
PCF857x, PCA{85,96}7x, and MAX732[89] I2C GPIO expanders (GPIO_PCF857X) [N/m/y/?] n
TPIC2810 8-Bit I2C GPO expander (GPIO_TPIC2810) [N/m/y/?] n
*
* SPI GPIO expanders
*
74x164 serial-in/parallel-out 8-bits shift register (GPIO_74X164) [N/m/y/?] (NEW) 
Maxim MAX3191x industrial serializer (GPIO_MAX3191X) [N/m/y/?] n
Maxim MAX7301 GPIO expander (GPIO_MAX7301) [N/m/y/?] n
Freescale MC33880 high-side/low-side switch (GPIO_MC33880) [N/m/y/?] n
Generic parallel-in/serial-out shift register (GPIO_PISOSR) [N/m/y/?] n
EXAR XRA1403 16-bit GPIO expander (GPIO_XRA1403) [N/m/y/?] n
*
* GPIO Debugging utilities
*
Sloppy GPIO logic analyzer (GPIO_SLOPPY_LOGIC_ANALYZER) [N/m/y/?] (NEW) 
GPIO Virtual User Testing Module (GPIO_VIRTUSER) [N/m/y/?] (NEW) 
*
* Board level reset or power off
*
Board level reset or power off (POWER_RESET) [Y/?] y
  GPIO power-off driver (POWER_RESET_GPIO) [N/y/?] (NEW) 
  GPIO restart driver (POWER_RESET_GPIO_RESTART) [N/y/?] (NEW) 
  LTC2952 PowerPath power-off driver (POWER_RESET_LTC2952) [N/y/?] (NEW) 
  Regulator subsystem power-off driver (POWER_RESET_REGULATOR) [N/y/?] (NEW) 
  Restart power-off driver (POWER_RESET_RESTART) [N/y/?] (NEW) 
  APM SoC X-Gene reset driver (POWER_RESET_XGENE) [N/y/?] (NEW) 
  Generic SYSCON regmap reset driver (POWER_RESET_SYSCON) [N/y/?] (NEW) 
  Generic SYSCON regmap poweroff driver (POWER_RESET_SYSCON_POWEROFF) [N/y/?] (NEW) 
  Generic NVMEM reboot mode driver (NVMEM_REBOOT_MODE) [N/m/y/?] (NEW) 
*
* Power Sequencing support
*
Power Sequencing support (POWER_SEQUENCING) [N/m/y/?] (NEW) 
*
* Power supply class support
*
Power supply class support (POWER_SUPPLY) [Y/?] y
  Power supply debug (POWER_SUPPLY_DEBUG) [N/y/?] n
  Expose power supply sensors as hwmon device (POWER_SUPPLY_HWMON) [Y/n/?] y
  Injoinic IP5xxx power bank IC driver (IP5XXX_POWER) [N/m/y/?] n
  Test power driver (TEST_POWER) [N/m/y/?] n
  ADP5061 battery charger driver (CHARGER_ADP5061) [N/m/y/?] n
  CW2015 Battery driver (BATTERY_CW2015) [N/m/y/?] n
  DS2780 battery driver (BATTERY_DS2780) [N/m/y/?] n
  DS2781 battery driver (BATTERY_DS2781) [N/m/y/?] n
  DS2782/DS2786 standalone gas-gauge (BATTERY_DS2782) [N/m/y/?] n
  Samsung SDI batteries (BATTERY_SAMSUNG_SDI) [N/y/?] n
  SBS Compliant gas gauge (BATTERY_SBS) [N/m/y/?] n
  SBS Compliant charger (CHARGER_SBS) [N/m/y/?] n
  BQ27xxx battery driver (BATTERY_BQ27XXX) [N/m/y/?] n
  Maxim MAX17042/17047/17050/8997/8966 family Fuel Gauge (BATTERY_MAX17042) [N/m/y/?] n
  Maxim MAX17201/MAX17205 Fuel Gauge (BATTERY_MAX1720X) [N/m/y/?] (NEW) 
  MAX8903 Battery DC-DC Charger for USB and Adapter Power (CHARGER_MAX8903) [N/m/y/?] n
  TI/National Semiconductor LP8727 charger driver (CHARGER_LP8727) [N/m/y/?] n
  GPIO charger (CHARGER_GPIO) [N/m/y/?] n
  Battery charger manager for multiple chargers (CHARGER_MANAGER) [N/m/y/?] n
  Analog Devices LT3651 charger (CHARGER_LT3651) [N/m/y/?] n
  LTC4162-L charger (CHARGER_LTC4162L) [N/m/y/?] n
  Maxim MAX14656 USB charger detector (CHARGER_DETECTOR_MAX14656) [N/m/y/?] (NEW) 
  Maxim MAX77976 battery charger driver (CHARGER_MAX77976) [N/m/y/?] n
  TI BQ2415x battery charger driver (CHARGER_BQ2415X) [N/m/y/?] n
  TI BQ24250/24251/24257 battery charger driver (CHARGER_BQ24257) [N/m/y/?] n
  TI BQ24735 battery charger support (CHARGER_BQ24735) [N/m/y/?] n
  TI BQ2515X battery charger family (CHARGER_BQ2515X) [N/m/y/?] n
  TI BQ25890 battery charger driver (CHARGER_BQ25890) [N/m/y/?] n
  TI BQ25980 battery charger driver (CHARGER_BQ25980) [N/m/y/?] n
  TI BQ256XX battery charger driver (CHARGER_BQ256XX) [N/m/y/?] n
  Summit Microelectronics SMB3XX Battery Charger (CHARGER_SMB347) [N/m/y/?] n
  LTC2941/LTC2943 Battery Gauge Driver (BATTERY_GAUGE_LTC2941) [N/m/y/?] n
  Goldfish battery driver (BATTERY_GOLDFISH) [N/m/y/?] n
  RT5033 fuel gauge support (BATTERY_RT5033) [N/m/y/?] n
  Richtek RT9455 battery charger driver (CHARGER_RT9455) [N/m/y/?] n
  Richtek RT9467 Battery Charger Driver (CHARGER_RT9467) [N/m/y/?] n
  Richtek RT9471 battery charger driver (CHARGER_RT9471) [N/m/y/?] n
  Microchip UCS1002 USB Port Power Controller (CHARGER_UCS1002) [N/m/y/?] (NEW) 
  ROHM bd99954 charger driver (CHARGER_BD99954) [N/m/y/?] n
  uPI uG3105 battery monitor driver (BATTERY_UG3105) [N/m/y/?] n
  Mitsumi MM8013 fuel gauge driver (FUEL_GAUGE_MM8013) [N/m/y/?] n
*
* Hardware Monitoring support
*
Hardware Monitoring support (HWMON) [Y/n/m/?] y
  Hardware Monitoring Chip debugging messages (HWMON_DEBUG_CHIP) [N/y/?] n
  *
  * Native drivers
  *
  Analog Devices AD7314 and compatibles (SENSORS_AD7314) [N/m/y/?] n
  Analog Devices AD7414 (SENSORS_AD7414) [N/m/y/?] n
  Analog Devices AD7416, AD7417 and AD7418 (SENSORS_AD7418) [N/m/y/?] n
  Analog Devices ADM1025 and compatibles (SENSORS_ADM1025) [N/m/y/?] n
  Analog Devices ADM1026 and compatibles (SENSORS_ADM1026) [N/m/y/?] n
  Analog Devices ADM1029 (SENSORS_ADM1029) [N/m/y/?] n
  Analog Devices ADM1031 and compatibles (SENSORS_ADM1031) [N/m/y/?] n
  Analog Devices ADM1177 and compatibles (SENSORS_ADM1177) [N/m/y/?] n
  Analog Devices ADM9240 and compatibles (SENSORS_ADM9240) [N/m/y/?] n
  Analog Devices ADT7310/ADT7320 (SENSORS_ADT7310) [N/m/y/?] n
  Analog Devices ADT7410/ADT7420 (SENSORS_ADT7410) [N/m/y/?] n
  Analog Devices ADT7411 (SENSORS_ADT7411) [N/m/y/?] n
  Analog Devices ADT7462 (SENSORS_ADT7462) [N/m/y/?] n
  Analog Devices ADT7470 (SENSORS_ADT7470) [N/m/y/?] n
  Analog Devices ADT7473, ADT7475, ADT7476 and ADT7490 (SENSORS_ADT7475) [N/m/y/?] n
  Aosong AHT10, AHT20 (SENSORS_AHT10) [N/m/y/?] n
  Synaptics AS370 SoC hardware monitoring driver (SENSORS_AS370) [N/m/y/?] n
  Andigilog aSC7621 (SENSORS_ASC7621) [N/m/y/?] n
  Analog Devices FAN Control HDL Core driver (SENSORS_AXI_FAN_CONTROL) [N/m/y/?] n
  Attansic ATXP1 VID controller (SENSORS_ATXP1) [N/m/y/?] n
  Amphenol ChipCap 2 relative humidity and temperature sensor (SENSORS_CHIPCAP2) [N/m/y/?] n
  Hard disk drives with temperature sensors (SENSORS_DRIVETEMP) [N/m/?] n
  Dallas Semiconductor DS620 (SENSORS_DS620) [N/m/y/?] n
  Dallas Semiconductor DS1621 and compatibles (SENSORS_DS1621) [N/m/y/?] n
  FB-DIMM AMB temperature sensor on Intel 5000 series chipsets (SENSORS_I5K_AMB) [N/m/y/?] n
  Fintek F71805F/FG, F71806F/FG and F71872F/FG (SENSORS_F71805F) [N/m/y/?] n
  Fintek F71882FG and compatibles (SENSORS_F71882FG) [N/m/y/?] n
  Fintek F75375S/SP, F75373 and F75387 (SENSORS_F75375S) [N/m/y/?] n
  Fujitsu Technology Solutions sensor chip Teutates (SENSORS_FTSTEUTATES) [N/m/y/?] n
  Genesys Logic GL518SM (SENSORS_GL518SM) [N/m/y/?] n
  Genesys Logic GL520SM (SENSORS_GL520SM) [N/m/y/?] n
  GMT G760A (SENSORS_G760A) [N/m/y/?] n
  GMT G762 and G763 (SENSORS_G762) [N/m/y/?] n
  GPIO fan (SENSORS_GPIO_FAN) [N/m/y/?] (NEW) 
  Honeywell Humidicon HIH-6130 humidity/temperature sensor (SENSORS_HIH6130) [N/m/y/?] n
  Renesas HS3001 humidity and temperature sensors (SENSORS_HS3001) [N/m/y/?] n
  ITE IT87xx and compatibles (SENSORS_IT87) [N/m/y/?] n
  JEDEC JC42.4 compliant memory module temperature sensors (SENSORS_JC42) [N/m/y/?] n
  ChargerLAB POWER-Z USB-C tester (SENSORS_POWERZ) [N/m/?] n
  Lattice POWR1220 Power Monitoring (SENSORS_POWR1220) [N/m/y/?] n
  Lineage Compact Power Line Power Entry Module (SENSORS_LINEAGE) [N/m/y/?] n
  Linear Technology LTC2945 (SENSORS_LTC2945) [N/m/y/?] n
  Analog Devices LTC2947 High Precision Power and Energy Monitor over I2C (SENSORS_LTC2947_I2C) [N/m/y/?] n
  Analog Devices LTC2947 High Precision Power and Energy Monitor over SPI (SENSORS_LTC2947_SPI) [N/m/y/?] n
  Linear Technology LTC2990 (SENSORS_LTC2990) [N/m/y/?] n
  Analog Devices LTC2991 (SENSORS_LTC2991) [N/m/y/?] n
  Linear Technology LTC2992 (SENSORS_LTC2992) [N/m/y/?] n
  Linear Technology LTC4151 (SENSORS_LTC4151) [N/m/y/?] n
  Linear Technology LTC4215 (SENSORS_LTC4215) [N/m/y/?] n
  Linear Technology LTC4222 (SENSORS_LTC4222) [N/m/y/?] n
  Linear Technology LTC4245 (SENSORS_LTC4245) [N/m/y/?] n
  Linear Technology LTC4260 (SENSORS_LTC4260) [N/m/y/?] n
  Linear Technology LTC4261 (SENSORS_LTC4261) [N/m/y/?] n
  Analog Devices LTC4282 (SENSORS_LTC4282) [N/m/y/?] n
  Maxim MAX1111 Serial 8-bit ADC chip and compatibles (SENSORS_MAX1111) [N/m/y/?] n
  Maxim MAX127 12-bit 8-channel Data Acquisition System (SENSORS_MAX127) [N/m/y/?] n
  Maxim MAX16065 System Manager and compatibles (SENSORS_MAX16065) [N/m/y/?] n
  Maxim MAX1619 sensor chip (SENSORS_MAX1619) [N/m/y/?] n
  Maxim MAX1668 and compatibles (SENSORS_MAX1668) [N/m/y/?] n
  Maxim MAX197 and compatibles (SENSORS_MAX197) [N/m/y/?] n
  MAX31722 temperature sensor (SENSORS_MAX31722) [N/m/y/?] n
  MAX31730 temperature sensor (SENSORS_MAX31730) [N/m/y/?] n
  MAX31760 fan speed controller (SENSORS_MAX31760) [N/m/y/?] n
  MAX31827 low-power temperature switch and similar devices (MAX31827) [N/m/y/?] n
  Maxim MAX6620 fan controller (SENSORS_MAX6620) [N/m/y/?] n
  Maxim MAX6621 sensor chip (SENSORS_MAX6621) [N/m/y/?] n
  Maxim MAX6639 sensor chip (SENSORS_MAX6639) [N/m/y/?] n
  Maxim MAX6650 sensor chip (SENSORS_MAX6650) [N/m/y/?] n
  Maxim MAX6697 and compatibles (SENSORS_MAX6697) [N/m/y/?] n
  Maxim MAX31790 sensor chip (SENSORS_MAX31790) [N/m/y/?] n
  NXP MC34VR500 hardware monitoring driver (SENSORS_MC34VR500) [N/m/y/?] n
  Microchip MCP3021 and compatibles (SENSORS_MCP3021) [N/m/y/?] n
  Microchip TC654/TC655 and compatibles (SENSORS_TC654) [N/m/y/?] n
  Texas Instruments TPS23861 PoE PSE (SENSORS_TPS23861) [N/m/y/?] n
  Moortec Semiconductor MR75203 PVT Controller (SENSORS_MR75203) [N/m/y/?] n
  National Semiconductor ADCxxxSxxx (SENSORS_ADCXX) [N/m/y/?] n
  National Semiconductor LM63 and compatibles (SENSORS_LM63) [N/m/y/?] n
  National Semiconductor LM70 and compatibles (SENSORS_LM70) [N/m/y/?] n
  National Semiconductor LM73 (SENSORS_LM73) [N/m/y/?] n
  National Semiconductor LM75 and compatibles (SENSORS_LM75) [N/m/y/?] n
  National Semiconductor LM77 (SENSORS_LM77) [N/m/y/?] n
  National Semiconductor LM78 and compatibles (SENSORS_LM78) [N/m/y/?] n
  National Semiconductor LM80 and LM96080 (SENSORS_LM80) [N/m/y/?] n
  National Semiconductor LM83 and compatibles (SENSORS_LM83) [N/m/y/?] n
  National Semiconductor LM85 and compatibles (SENSORS_LM85) [N/m/y/?] n
  National Semiconductor LM87 and compatibles (SENSORS_LM87) [N/m/y/?] n
  National Semiconductor LM90 and compatibles (SENSORS_LM90) [N/m/y/?] n
  National Semiconductor LM92 and compatibles (SENSORS_LM92) [N/m/y/?] n
  National Semiconductor LM93 and compatibles (SENSORS_LM93) [N/m/y/?] n
  National Semiconductor LM95234 and compatibles (SENSORS_LM95234) [N/m/y/?] n
  National Semiconductor LM95241 and compatibles (SENSORS_LM95241) [N/m/y/?] n
  National Semiconductor LM95245 and compatibles (SENSORS_LM95245) [N/m/y/?] n
  National Semiconductor PC87360 family (SENSORS_PC87360) [N/m/y/?] n
  National Semiconductor PC87427 (SENSORS_PC87427) [N/m/y/?] n
  Nuvoton NCT6683D (SENSORS_NCT6683) [N/m/y/?] n
  Platform driver for Nuvoton NCT6775F and compatibles (SENSORS_NCT6775) [N/m/y/?] n
  I2C driver for Nuvoton NCT6775F and compatibles (SENSORS_NCT6775_I2C) [N/m/y/?] n
  Nuvoton NCT7802Y (SENSORS_NCT7802) [N/m/y/?] n
  Nuvoton NCT7904 (SENSORS_NCT7904) [N/m/y/?] n
  Nuvoton NPCM750 and compatible PWM and Fan controllers (SENSORS_NPCM7XX) [N/m/y/?] n
  POWER8 OCC through I2C (SENSORS_OCC_P8_I2C) [N/m/y/?] n
  Philips PCF8591 ADC/DAC (SENSORS_PCF8591) [N/m/y/?] n
  Astera Labs PT5161L PCIe retimer hardware monitoring (SENSORS_PT5161L) [N/m/y/?] n
  PWM fan (SENSORS_PWM_FAN) [N/m/y/?] n
  Emulated SB-TSI temperature sensor (SENSORS_SBTSI) [N/m/y/?] n
  Emulated SB-RMI sensor (SENSORS_SBRMI) [N/m/y/?] n
  Sensiron humidity and temperature sensors. SHT15 and compat. (SENSORS_SHT15) [N/m/y/?] n
  Sensiron humidity and temperature sensors. SHT21 and compat. (SENSORS_SHT21) [N/m/y/?] n
  Sensiron humidity and temperature sensors. SHT3x and compat. (SENSORS_SHT3x) [N/m/y/?] n
  Sensiron humidity and temperature sensors. SHT4x and compat. (SENSORS_SHT4x) [N/m/y/?] n
  Sensiron humidity and temperature sensors. SHTC1 and compat. (SENSORS_SHTC1) [N/m/y/?] n
  Silicon Integrated Systems Corp. SiS5595 (SENSORS_SIS5595) [N/m/y/?] n
  SMSC DME1737, SCH311x and compatibles (SENSORS_DME1737) [N/m/y/?] n
  SMSC EMC1403/23 thermal sensor (SENSORS_EMC1403) [N/m/y/?] n
  SMSC EMC2103 (SENSORS_EMC2103) [N/m/y/?] n
  Microchip EMC2305 and compatible EMC2301/2/3 (SENSORS_EMC2305) [N/m/y/?] n
  SMSC EMC6W201 (SENSORS_EMC6W201) [N/m/y/?] n
  SMSC LPC47M10x and compatibles (SENSORS_SMSC47M1) [N/m/y/?] n
  SMSC LPC47M192 and compatibles (SENSORS_SMSC47M192) [N/m/y/?] n
  SMSC LPC47B397-NC (SENSORS_SMSC47B397) [N/m/y/?] n
  SMSC SCH5627 (SENSORS_SCH5627) [N/m/y/?] n
  SMSC SCH5636 (SENSORS_SCH5636) [N/m/y/?] n
  ST Microelectronics STTS751 (SENSORS_STTS751) [N/m/y/?] n
  Texas Instruments ADC128D818 (SENSORS_ADC128D818) [N/m/y/?] n
  Texas Instruments ADS7828 and compatibles (SENSORS_ADS7828) [N/m/y/?] n
  Texas Instruments ADS7871 A/D converter (SENSORS_ADS7871) [N/m/y/?] n
  Texas Instruments AMC6821 (SENSORS_AMC6821) [N/m/y/?] n
  TI / Burr Brown INA209 (SENSORS_INA209) [N/m/y/?] n
  Texas Instruments INA219 and compatibles (SENSORS_INA2XX) [N/m/y/?] n
  Texas Instruments INA238 (SENSORS_INA238) [N/m/y/?] n
  Texas Instruments INA3221 Triple Power Monitor (SENSORS_INA3221) [N/m/y/?] n
  SPD5118 Compliant Temperature Sensors (SENSORS_SPD5118) [N/m/y/?] (NEW) 
  Microchip TC74 (SENSORS_TC74) [N/m/y/?] n
  Texas Instruments THMC50 / Analog Devices ADM1022 (SENSORS_THMC50) [N/m/y/?] n
  Texas Instruments TMP102 (SENSORS_TMP102) [N/m/y/?] n
  Texas Instruments TMP103 (SENSORS_TMP103) [N/m/y/?] n
  Texas Instruments TMP108 (SENSORS_TMP108) [N/m/y/?] n
  Texas Instruments TMP401 and compatibles (SENSORS_TMP401) [N/m/y/?] n
  Texas Instruments TMP421 and compatible (SENSORS_TMP421) [N/m/y/?] n
  Texas Instruments TMP464 and compatible (SENSORS_TMP464) [N/m/y/?] n
  Texas Instruments TMP513 and compatibles (SENSORS_TMP513) [N/m/y/?] n
  VIA686A (SENSORS_VIA686A) [N/m/y/?] n
  VIA VT1211 (SENSORS_VT1211) [N/m/y/?] n
  VIA VT8231 (SENSORS_VT8231) [N/m/y/?] n
  Nuvoton W83773G (SENSORS_W83773G) [N/m/y/?] n
  Winbond W83781D, W83782D, W83783S, Asus AS99127F (SENSORS_W83781D) [N/m/y/?] n
  Winbond W83791D (SENSORS_W83791D) [N/m/y/?] n
  Winbond W83792D (SENSORS_W83792D) [N/m/y/?] n
  Winbond W83793 (SENSORS_W83793) [N/m/y/?] n
  Winbond/Nuvoton W83795G/ADG (SENSORS_W83795) [N/m/y/?] n
  Winbond W83L785TS-S (SENSORS_W83L785TS) [N/m/y/?] n
  Winbond W83L786NG, W83L786NR (SENSORS_W83L786NG) [N/m/y/?] n
  Winbond W83627HF, W83627THF, W83637HF, W83687THF, W83697HF (SENSORS_W83627HF) [N/m/y/?] n
  Winbond W83627EHF/EHG/DHG/UHG, W83667HG (SENSORS_W83627EHF) [N/m/y/?] n
  APM X-Gene SoC hardware monitoring driver (SENSORS_XGENE) [N/m/y/?] n
  *
  * ACPI drivers
  *
  ACPI 4.0 power meter (SENSORS_ACPI_POWER) [N/m/y/?] n
*
* Thermal drivers
*
Thermal drivers (THERMAL) [Y/?] y
  Thermal netlink management (THERMAL_NETLINK) [Y/n/?] y
  Thermal state transition statistics (THERMAL_STATISTICS) [N/y/?] n
  Thermal subsystem debug support (THERMAL_DEBUGFS) [N/y/?] n
  Emergency poweroff delay in milli-seconds (THERMAL_EMERGENCY_POWEROFF_DELAY_MS) [0] 0
  Expose thermal sensors as hwmon device (THERMAL_HWMON) [Y/n/?] y
  APIs to parse thermal data out of device tree (THERMAL_OF) [Y/n/?] (NEW) 
  Default Thermal governor
  > 1. step_wise (THERMAL_DEFAULT_GOV_STEP_WISE)
    2. fair_share (THERMAL_DEFAULT_GOV_FAIR_SHARE)
    3. user_space (THERMAL_DEFAULT_GOV_USER_SPACE)
    4. bang_bang (THERMAL_DEFAULT_GOV_BANG_BANG)
  choice[1-4?]: 1
  Fair-share thermal governor (THERMAL_GOV_FAIR_SHARE) [Y/n/?] y
  Step_wise thermal governor (THERMAL_GOV_STEP_WISE) [Y/?] y
  Bang Bang thermal governor (THERMAL_GOV_BANG_BANG) [Y/n/?] y
  User_space thermal governor (THERMAL_GOV_USER_SPACE) [Y/n/?] y
  Generic cpu cooling support (CPU_THERMAL) [N/y/?] (NEW) 
  Generic device cooling support (DEVFREQ_THERMAL) [N/y/?] n
  Thermal emulation mode support (THERMAL_EMULATION) [N/y/?] n
  Generic Thermal MMIO driver (THERMAL_MMIO) [N/m/y/?] (NEW) 
*
* Watchdog Timer Support
*
Watchdog Timer Support (WATCHDOG) [Y/n/?] y
  WatchDog Timer Driver Core (WATCHDOG_CORE) [Y/m/?] y
  Disable watchdog shutdown on close (WATCHDOG_NOWAYOUT) [N/y/?] n
  Update boot-enabled watchdog until userspace takes over (WATCHDOG_HANDLE_BOOT_ENABLED) [Y/n/?] y
  Timeout value for opening watchdog device (WATCHDOG_OPEN_TIMEOUT) [0] 0
  Read different watchdog information through sysfs (WATCHDOG_SYSFS) [Y/n/?] y
  Enable watchdog hrtimer-based pretimeouts (WATCHDOG_HRTIMER_PRETIMEOUT) [N/y/?] n
  *
  * Watchdog Pretimeout Governors
  *
  Enable watchdog pretimeout governors (WATCHDOG_PRETIMEOUT_GOV) [N/y/?] n
  *
  * Watchdog Device Drivers
  *
  Software watchdog (SOFT_WATCHDOG) [N/m/y/?] n
  Watchdog device controlled through GPIO-line (GPIO_WATCHDOG) [N/m/y/?] (NEW) 
  ACPI Watchdog Action Table (WDAT) (WDAT_WDT) [N/m/y/?] n
  Xilinx Watchdog timer (XILINX_WATCHDOG) [N/m/y/?] n
  Xilinx window watchdog timer (XILINX_WINDOW_WATCHDOG) [N/m/y/?] (NEW) 
  Zodiac RAVE Watchdog Timer (ZIIRAVE_WATCHDOG) [N/m/y/?] n
  ARM SP805 Watchdog (ARM_SP805_WATCHDOG) [N/m/y/?] (NEW) 
  ARM SBSA Generic Watchdog (ARM_SBSA_WATCHDOG) [N/m/y/?] (NEW) 
  Cadence Watchdog Timer (CADENCE_WATCHDOG) [N/m/y/?] n
  Synopsys DesignWare watchdog (DW_WATCHDOG) [N/m/y/?] n
  Max63xx watchdog (MAX63XX_WATCHDOG) [N/m/y/?] n
  ARM Secure Monitor Call based watchdog support (ARM_SMC_WATCHDOG) [N/m/y/?] (NEW) 
  ALi M7101 PMU Computer Watchdog (ALIM7101_WDT) [N/m/y/?] n
  Intel 6300ESB Timer/Watchdog (I6300ESB_WDT) [M/n/y/?] m
  HP ProLiant iLO2+ Hardware Watchdog Timer (HP_WATCHDOG) [N/m/y/?] n
  MEN A21 VME CPU Carrier Board Watchdog Timer (MEN_A21_WDT) [N/m/y/?] n
  Xen Watchdog support (XEN_WDT) [N/m/y/?] n
  *
  * PCI-based Watchdog Cards
  *
  Berkshire Products PCI-PC Watchdog (PCIPCWATCHDOG) [N/m/y/?] n
  PCI-WDT500/501 Watchdog timer (WDTPCI) [N/m/y/?] n
  *
  * USB-based Watchdog Cards
  *
  Berkshire Products USB-PC Watchdog (USBPCWATCHDOG) [N/m/?] n
*
* Multifunction device drivers
*
Active-semi ACT8945A (MFD_ACT8945A) [N/m/y/?] (NEW) 
AMS AS3711 (MFD_AS3711) [N/y/?] n
Ampere Computing SMpro core driver (MFD_SMPRO) [N/m/y/?] n
ams AS3722 Power Management IC (MFD_AS3722) [N/m/y/?] (NEW) 
Analog Devices ADP5520/01 MFD PMIC Core Support (PMIC_ADP5520) [N/y/?] n
AnalogicTech AAT2870 (MFD_AAT2870_CORE) [N/y/?] n
Atmel Flexcom (Flexible Serial Communication Unit) (MFD_ATMEL_FLEXCOM) [N/m/y/?] (NEW) 
Atmel HLCDC (High-end LCD Controller) (MFD_ATMEL_HLCDC) [N/m/y/?] (NEW) 
Broadcom BCM590xx PMUs (MFD_BCM590XX) [N/m/y/?] n
ROHM BD9571MWV PMIC (MFD_BD9571MWV) [N/m/y/?] n
X-Powers AXP series PMICs with I2C (MFD_AXP20X_I2C) [N/m/y/?] n
Cirrus Logic CS42L43 (I2C) (MFD_CS42L43_I2C) [N/m/y/?] n
Cirrus Logic Madera codecs (MFD_MADERA) [N/m/y/?] n
Maxim 5970/5978 power switch and monitor (MFD_MAX5970) [N/m/y/?] (NEW) 
Dialog Semiconductor DA9030/DA9034 PMIC Support (PMIC_DA903X) [N/y/?] n
Dialog Semiconductor DA9052/53 PMIC variants with SPI (MFD_DA9052_SPI) [N/y/?] n
Dialog Semiconductor DA9052/53 PMIC variants with I2C (MFD_DA9052_I2C) [N/y/?] n
Dialog Semiconductor DA9055 PMIC Support (MFD_DA9055) [N/y/?] n
Dialog Semiconductor DA9062/61 PMIC Support (MFD_DA9062) [N/m/y/?] n
Dialog Semiconductor DA9063 PMIC Support (MFD_DA9063) [N/m/y/?] n
Dialog Semiconductor DA9150 Charger Fuel-Gauge chip (MFD_DA9150) [N/m/y/?] n
Diolan DLN2 support (MFD_DLN2) [N/m/?] n
Gateworks System Controller (MFD_GATEWORKS_GSC) [N/m/y/?] (NEW) 
Freescale MC13783 and MC13892 SPI interface (MFD_MC13XXX_SPI) [N/m/y/?] n
Freescale MC13892 I2C interface (MFD_MC13XXX_I2C) [N/m/y/?] n
Monolithic Power Systems MP2629 ADC and Battery charger (MFD_MP2629) [N/m/y/?] n
HiSilicon Hi6421 PMU/Codec IC (MFD_HI6421_PMIC) [N/m/y/?] (NEW) 
Intel ICH LPC (LPC_ICH) [N/m/y/?] n
Intel SCH LPC (LPC_SCH) [N/m/y/?] n
Azoteq IQS620A/621/622/624/625 core support (MFD_IQS62X) [N/m/y/?] n
Janz CMOD-IO PCI MODULbus Carrier Board (MFD_JANZ_CMODIO) [N/m/y/?] n
Kontron module PLD device (MFD_KEMPLD) [N/m/y/?] n
Marvell 88PM800 (MFD_88PM800) [N/m/y/?] n
Marvell 88PM805 (MFD_88PM805) [N/m/y/?] n
Marvell 88PM8606/88PM8607 (MFD_88PM860X) [N/y/?] n
Marvell 88PM886 PMIC (MFD_88PM886_PMIC) [N/y/?] (NEW) 
Maxim Semiconductor MAX14577/77836 MUIC + Charger Support (MFD_MAX14577) [N/m/y/?] n
Analog Devices MAX77541/77540 PMIC Support (MFD_MAX77541) [N/m/y/?] n
Maxim Semiconductor MAX77620 and MAX20024 PMIC Support (MFD_MAX77620) [N/y/?] (NEW) 
Maxim MAX77650/77651 PMIC Support (MFD_MAX77650) [N/m/y/?] (NEW) 
Maxim Semiconductor MAX77686/802 PMIC Support (MFD_MAX77686) [N/m/y/?] (NEW) 
Maxim Semiconductor MAX77693 PMIC Support (MFD_MAX77693) [N/m/y/?] n
Maxim Semiconductor MAX77714 PMIC Support (MFD_MAX77714) [N/m/y/?] (NEW) 
Maxim Semiconductor MAX77843 PMIC Support (MFD_MAX77843) [N/y/?] n
Maxim Semiconductor MAX8907 PMIC Support (MFD_MAX8907) [N/m/y/?] n
Maxim Semiconductor MAX8925 PMIC Support (MFD_MAX8925) [N/y/?] n
Maxim Semiconductor MAX8997/8966 PMIC Support (MFD_MAX8997) [N/y/?] n
Maxim Semiconductor MAX8998/National LP3974 PMIC Support (MFD_MAX8998) [N/y/?] n
Mediatek MT6360 SubPMIC (MFD_MT6360) [N/m/y/?] n
MediaTek MT6370 SubPMIC (MFD_MT6370) [N/m/y/?] n
MediaTek MT6397 PMIC Support (MFD_MT6397) [N/m/y/?] n
MEN 14F021P00 Board Management Controller Support (MFD_MENF21BMC) [N/m/y/?] n
Microsemi Ocelot External Control Support (MFD_OCELOT) [N/m/y/?] n
Motorola EZXPCAP Support (EZX_PCAP) [N/y/?] n
Support for Motorola CPCAP (MFD_CPCAP) [N/m/y/?] (NEW) 
Nano River Technologies Viperboard (MFD_VIPERBOARD) [N/m/?] n
Netronix embedded controller (EC) (MFD_NTXEC) [N/m/y/?] (NEW) 
Nokia Retu and Tahvo multi-function device (MFD_RETU) [N/m/y/?] n
NXP PCF50633 (MFD_PCF50633) [N/m/y/?] n
Silergy SY7636A voltage regulator (MFD_SY7636A) [N/m/y/?] n
RDC R-321x southbridge (MFD_RDC321X) [N/m/y/?] n
Richtek RT4831 four channel WLED and Display Bias Voltage (MFD_RT4831) [N/m/y/?] n
Richtek RT5033 Power Management IC (MFD_RT5033) [N/m/y/?] n
Richtek RT5120 Power Management IC (MFD_RT5120) [N/m/y/?] n
Ricoh RC5T583 Power Management system device (MFD_RC5T583) [N/y/?] n
Rockchip RK805/RK808/RK809/RK816/RK817/RK818 Power Management Chip (MFD_RK8XX_I2C) [N/m/y/?] (NEW) 
Rockchip RK806 Power Management Chip (MFD_RK8XX_SPI) [N/m/y/?] (NEW) 
Ricoh RN5T567/618 PMIC (MFD_RN5T618) [N/m/y/?] (NEW) 
Samsung Electronics PMIC Series Support (MFD_SEC_CORE) [N/m/y/?] (NEW) 
Silicon Laboratories 4761/64/68 AM/FM radio. (MFD_SI476X_CORE) [N/m/y/?] n
Silicon Motion SM501 (MFD_SM501) [N/m/y/?] n
Skyworks Solutions SKY81452 (MFD_SKY81452) [N/m/y/?] n
STMicroelectronics STMPE (MFD_STMPE) [N/y/?] (NEW) 
System Controller Register R/W Based on Regmap (MFD_SYSCON) [N/y/?] n
TI/National Semiconductor LP3943 MFD Driver (MFD_LP3943) [N/m/y/?] n
TI LP8788 Power Management Unit Driver (MFD_LP8788) [N/y/?] n
TI Lighting Management Unit driver (MFD_TI_LMU) [N/m/y/?] n
TI Palmas series chips (MFD_PALMAS) [N/m/y/?] n
TI TPS61050/61052 Boost Converters (TPS6105X) [N/m/y/?] n
TI TPS6501x Power Management chips (TPS65010) [N/m/y/?] n
TI TPS6507x Power Management / Touch Screen chips (TPS6507X) [N/m/y/?] n
TI TPS65086 Power Management Integrated Chips (PMICs) (MFD_TPS65086) [N/m/y/?] n
TI TPS65090 Power Management chips (MFD_TPS65090) [N/y/?] n
TI TPS65217 Power Management / White LED chips (MFD_TPS65217) [N/m/y/?] (NEW) 
TI LP873X Power Management IC (MFD_TI_LP873X) [N/m/y/?] n
TI LP87565 Power Management IC (MFD_TI_LP87565) [N/m/y/?] (NEW) 
TI TPS65218 Power Management chips (MFD_TPS65218) [N/m/y/?] (NEW) 
TI TPS65219 Power Management IC (MFD_TPS65219) [N/m/y/?] (NEW) 
TI TPS6586x Power Management chips (MFD_TPS6586X) [N/y/?] n
TI TPS65910 Power Management chip (MFD_TPS65910) [N/y/?] n
TI TPS65912 Power Management chip with I2C (MFD_TPS65912_I2C) [N/m/y/?] n
TI TPS65912 Power Management chip with SPI (MFD_TPS65912_SPI) [N/m/y/?] n
TI TPS6594 Power Management chip with I2C (MFD_TPS6594_I2C) [N/m/y/?] n
TI TPS6594 Power Management chip with SPI (MFD_TPS6594_SPI) [N/m/y/?] n
TI TWL4030/TWL5030/TWL6030/TPS659x0 Support (TWL4030_CORE) [N/y/?] n
TI TWL6040 audio codec (TWL6040_CORE) [N/y/?] n
TI WL1273 FM radio (MFD_WL1273_CORE) [N/m/y/?] n
TI/National Semiconductor LM3533 Lighting Power chip (MFD_LM3533) [N/m/y/?] n
Toshiba TC35892 and variants (MFD_TC3589X) [N/y/?] (NEW) 
TQ-Systems IO controller TQMX86 (MFD_TQMX86) [N/m/y/?] n
VIA VX855/VX875 integrated south bridge (MFD_VX855) [N/m/y/?] n
Cirrus Logic Lochnagar Audio Development Board (MFD_LOCHNAGAR) [N/y/?] (NEW) 
Cirrus Logic/Wolfson Microelectronics Arizona platform with I2C (MFD_ARIZONA_I2C) [N/m/y/?] n
Cirrus Logic/Wolfson Microelectronics Arizona platform with SPI (MFD_ARIZONA_SPI) [N/m/y/?] n
Wolfson Microelectronics WM8400 (MFD_WM8400) [N/y/?] n
Wolfson Microelectronics WM831x/2x PMICs with I2C (MFD_WM831X_I2C) [N/y/?] n
Wolfson Microelectronics WM831x/2x PMICs with SPI (MFD_WM831X_SPI) [N/y/?] n
Wolfson Microelectronics WM8350 with I2C (MFD_WM8350_I2C) [N/y/?] n
Wolfson Microelectronics WM8994 (MFD_WM8994) [N/m/y/?] n
ROHM BD71837 Power Management IC (MFD_ROHM_BD718XX) [N/m/y/?] (NEW) 
ROHM BD71828 and BD71815 Power Management IC (MFD_ROHM_BD71828) [N/m/y/?] (NEW) 
ROHM BD9576MUF and BD9573MUF Power Management ICs (MFD_ROHM_BD957XMUF) [N/m/y/?] (NEW) 
ROHM BD96801 Power Management IC (MFD_ROHM_BD96801) [N/m/y/?] (NEW) 
Support for STPMIC1 PMIC (MFD_STPMIC1) [N/m/y/?] (NEW) 
Support for STMicroelectronics Multi-Function eXpander (STMFX) (MFD_STMFX) [N/m/y/?] (NEW) 
Actions Semi ATC260x PMICs with I2C (MFD_ATC260X_I2C) [N/m/y/?] n
QCOM PM8008 Power Management IC (MFD_QCOM_PM8008) [N/m/y/?] (NEW) 
Cirrus Logic CS40L50 (I2C) (MFD_CS40L50_I2C) [N/m/y/?] (NEW) 
Cirrus Logic CS40L50 (SPI) (MFD_CS40L50_SPI) [N/m/y/?] (NEW) 
RAVE SP MCU core driver (RAVE_SP_CORE) [N/m/y/?] n
Intel MAX 10 Board Management Controller with SPI (MFD_INTEL_M10_BMC_SPI) [N/m/y/?] n
Renesas Synchronization Management Unit with I2C (MFD_RSMU_I2C) [N/m/y/?] (NEW) 
Renesas Synchronization Management Unit with SPI (MFD_RSMU_SPI) [N/m/y/?] (NEW) 
*
* Voltage and Current Regulator Support
*
Voltage and Current Regulator Support (REGULATOR) [Y/n/?] y
  Regulator debug support (REGULATOR_DEBUG) [N/y/?] n
  Fixed voltage regulator support (REGULATOR_FIXED_VOLTAGE) [N/m/y/?] n
  Virtual regulator consumer support (REGULATOR_VIRTUAL_CONSUMER) [N/m/y/?] n
  Userspace regulator consumer support (REGULATOR_USERSPACE_CONSUMER) [N/m/y/?] n
  Enable support for receiving regulator events via netlink (REGULATOR_NETLINK_EVENTS) [N/y/?] n
  Marvell 88PG86X voltage regulators (REGULATOR_88PG86X) [N/m/y/?] n
  Active-semi act8865 voltage regulator (REGULATOR_ACT8865) [N/m/y/?] n
  Analog Devices AD5398/AD5821 regulators (REGULATOR_AD5398) [N/m/y/?] n
  Awinic AW37503 Dual Output Power regulators (REGULATOR_AW37503) [N/m/y/?] n
  Dialog Semiconductor DA9121/DA9122/DA9220/DA9217/DA9130/DA9131/DA9132 regulator (REGULATOR_DA9121) [N/m/y/?] (NEW) 
  Dialog Semiconductor DA9210 regulator (REGULATOR_DA9210) [N/m/y/?] n
  Dialog Semiconductor DA9211/DA9212/DA9213/DA9223/DA9214/DA9224/DA9215/DA9225 regulator (REGULATOR_DA9211) [N/m/y/?] n
  Fairchild FAN53555 Regulator (REGULATOR_FAN53555) [N/m/y/?] n
  Fairchild FAN53880 Regulator (REGULATOR_FAN53880) [N/m/y/?] (NEW) 
  GPIO regulator support (REGULATOR_GPIO) [N/m/y/?] n
  Intersil ISL9305 regulator (REGULATOR_ISL9305) [N/m/y/?] n
  Intersil ISL6271A Power regulator (REGULATOR_ISL6271A) [N/m/y/?] n
  National Semiconductors LP3971 PMIC regulator driver (REGULATOR_LP3971) [N/m/y/?] n
  National Semiconductors LP3972 PMIC regulator driver (REGULATOR_LP3972) [N/m/y/?] n
  TI/National Semiconductor LP8720/LP8725 voltage regulators (REGULATOR_LP872X) [N/m/y/?] n
  TI LP8755 High Performance PMU driver (REGULATOR_LP8755) [N/m/y/?] n
  LTC3589 8-output voltage regulator (REGULATOR_LTC3589) [N/m/y/?] n
  LTC3676 8-output voltage regulator (REGULATOR_LTC3676) [N/m/y/?] n
  Maxim 1586/1587 voltage regulator (REGULATOR_MAX1586) [N/m/y/?] n
  Analog Devices MAX77503 Regulator (REGULATOR_MAX77503) [N/m/y/?] n
  ADI MAX77857/MAX77831 regulator support (REGULATOR_MAX77857) [N/m/y/?] n
  Maxim 8649 voltage regulator (REGULATOR_MAX8649) [N/m/y/?] n
  Maxim 8660/8661 voltage regulator (REGULATOR_MAX8660) [N/m/y/?] n
  Maxim 8893 voltage regulator (REGULATOR_MAX8893) [N/m/y/?] n
  Maxim MAX8952 Power Management IC (REGULATOR_MAX8952) [N/m/y/?] n
  Maxim MAX8973A voltage regulator (REGULATOR_MAX8973) [N/m/y/?] (NEW) 
  Maxim MAX20086-MAX20089 Camera Power Protectors (REGULATOR_MAX20086) [N/m/y/?] n
  Maxim MAX20411 High-Efficiency Single Step-Down Converter (REGULATOR_MAX20411) [N/m/y/?] n
  Maxim 77826 regulator (REGULATOR_MAX77826) [N/m/y/?] n
  Microchip MCP16502 PMIC (REGULATOR_MCP16502) [N/m/y/?] (NEW) 
  Monolithic MP5416 PMIC (REGULATOR_MP5416) [N/m/y/?] (NEW) 
  MPS MP8859 regulator driver (REGULATOR_MP8859) [N/m/y/?] n
  MPS MP8869 regulator driver (REGULATOR_MP886X) [N/m/y/?] (NEW) 
  Monolithic MPQ7920 PMIC (REGULATOR_MPQ7920) [N/m/y/?] (NEW) 
  MediaTek MT6311 PMIC (REGULATOR_MT6311) [N/m/y/?] n
  NXP PCA9450A/PCA9450B/PCA9450C regulator driver (REGULATOR_PCA9450) [N/m/y/?] n
  NXP PF8100/PF8121A/PF8200 regulator driver (REGULATOR_PF8X00) [N/m/y/?] (NEW) 
  Freescale PFUZE100/200/3000/3001 regulator driver (REGULATOR_PFUZE100) [N/m/y/?] (NEW) 
  Powerventure Semiconductor PV88060 regulator (REGULATOR_PV88060) [N/m/y/?] n
  Powerventure Semiconductor PV88080 regulator (REGULATOR_PV88080) [N/m/y/?] n
  Powerventure Semiconductor PV88090 regulator (REGULATOR_PV88090) [N/m/y/?] n
  PWM voltage regulator (REGULATOR_PWM) [N/m/y/?] n
  Renesas RAA215300 driver (REGULATOR_RAA215300) [N/m/y/?] n
  Raspberry Pi 7-inch touchscreen panel ATTINY regulator (REGULATOR_RASPBERRYPI_TOUCHSCREEN_ATTINY) [N/m/y/?] (NEW) 
  Richtek RT4801 Regulators (REGULATOR_RT4801) [N/m/y/?] n
  Richtek RT4803 boost regualtor (REGULATOR_RT4803) [N/m/y/?] n
  Richtek RT5190A PMIC (REGULATOR_RT5190A) [N/m/y/?] n
  Richtek RT5739 Regulator (REGULATOR_RT5739) [N/m/y/?] n
  Richtek RT5759 Regulator (REGULATOR_RT5759) [N/m/y/?] n
  Richtek RT6160 BuckBoost voltage regulator (REGULATOR_RT6160) [N/m/y/?] n
  Richtek RT6190 4-Switch BuckBoost controller (REGULATOR_RT6190) [N/m/y/?] n
  Richtek RT6245 voltage regulator (REGULATOR_RT6245) [N/m/y/?] n
  Richtek RTQ2134 SubPMIC Regulator (REGULATOR_RTQ2134) [N/m/y/?] n
  Richtek RTMV20 Laser Diode Regulator (REGULATOR_RTMV20) [N/m/y/?] n
  Richtek RTQ6752 TFT LCD voltage regulator (REGULATOR_RTQ6752) [N/m/y/?] n
  Richtek RTQ2208 SubPMIC Regulator (REGULATOR_RTQ2208) [N/m/y/?] n
  Dialog Semiconductor SLG51000 regulators (REGULATOR_SLG51000) [N/m/y/?] n
  Silergy SY8106A regulator (REGULATOR_SY8106A) [N/m/y/?] (NEW) 
  Silergy SY8824C/SY8824E regulator (REGULATOR_SY8824X) [N/m/y/?] (NEW) 
  Silergy SY8827N regulator (REGULATOR_SY8827N) [N/m/y/?] (NEW) 
  TI TPS51632 Power Regulator (REGULATOR_TPS51632) [N/m/y/?] n
  TI TPS6236x Power Regulator (REGULATOR_TPS62360) [N/m/y/?] n
  TI TPS6286x Power Regulator (REGULATOR_TPS6286X) [N/m/y/?] (NEW) 
  TI TPS6287x Power Regulator (REGULATOR_TPS6287X) [N/m/y/?] (NEW) 
  TI TPS65023 Power regulators (REGULATOR_TPS65023) [N/m/y/?] n
  TI TPS6507X Power regulators (REGULATOR_TPS6507X) [N/m/y/?] n
  TI TPS65132 Dual Output Power regulators (REGULATOR_TPS65132) [N/m/y/?] n
  TI TPS6524X Power regulators (REGULATOR_TPS6524X) [N/m/y/?] n
  Voltage controlled regulators (REGULATOR_VCTRL) [N/m/y/?] (NEW) 
*
* ARM devices
*
ARM HDLCD (DRM_HDLCD) [N/m/?] (NEW) 
ARM Mali Display Processor (DRM_MALI_DISPLAY) [N/m/?] (NEW) 
ARM Komeda display driver (DRM_KOMEDA) [N/m/?] (NEW) 
*
* Display Panels
*
ABT Y030XX067A 320x480 LCD panel (DRM_PANEL_ABT_Y030XX067A) [N/m/?] (NEW) 
AUO A030JTN01 (DRM_PANEL_AUO_A030JTN01) [N/m/?] n
Generic LVDS panel driver (DRM_PANEL_LVDS) [N/m/?] (NEW) 
Ilitek ILI9322 320x240 QVGA panels (DRM_PANEL_ILITEK_IL9322) [N/m/?] (NEW) 
Ilitek ILI9341 240x320 QVGA panels (DRM_PANEL_ILITEK_ILI9341) [N/m/?] (NEW) 
Innolux EJ030NA 320x480 LCD panel (DRM_PANEL_INNOLUX_EJ030NA) [N/m/?] (NEW) 
LG LB035Q024573 RGB panel (DRM_PANEL_LG_LB035Q02) [N/m/?] (NEW) 
LG4573 RGB/SPI panel (DRM_PANEL_LG_LG4573) [N/m/?] (NEW) 
NEC NL8048HL11 RGB panel (DRM_PANEL_NEC_NL8048HL11) [N/m/?] (NEW) 
NewVision NV3052C RGB/SPI panel (DRM_PANEL_NEWVISION_NV3052C) [N/m/?] (NEW) 
Novatek NT39016 RGB/SPI panel (DRM_PANEL_NOVATEK_NT39016) [N/m/?] (NEW) 
Olimex LCD-OLinuXino panel (DRM_PANEL_OLIMEX_LCD_OLINUXINO) [N/m/?] (NEW) 
Orise Technology ota5601a RGB/SPI panel (DRM_PANEL_ORISETECH_OTA5601A) [N/m/?] n
Samsung AMS452EF01 panel with S6E88A0 DSI video mode controller (DRM_PANEL_SAMSUNG_S6E88A0_AMS452EF01) [N/m/?] (NEW) 
Samsung ATNA33XC20 eDP panel (DRM_PANEL_SAMSUNG_ATNA33XC20) [N/m/?] (NEW) 
Samsung DB7430-based DPI panels (DRM_PANEL_SAMSUNG_DB7430) [N/m/?] (NEW) 
Samsung LD9040 RGB/SPI panel (DRM_PANEL_SAMSUNG_LD9040) [N/m/?] (NEW) 
Samsung S6D27A1 DPI panel driver (DRM_PANEL_SAMSUNG_S6D27A1) [N/m/?] (NEW) 
Samsung S6D7AA0 MIPI-DSI video mode panel controller (DRM_PANEL_SAMSUNG_S6D7AA0) [N/m/?] (NEW) 
Samsung S6E63M0 RGB panel (DRM_PANEL_SAMSUNG_S6E63M0) [N/m/?] (NEW) 
Samsung S6E8AA0 DSI video mode panel (DRM_PANEL_SAMSUNG_S6E8AA0) [N/m/?] (NEW) 
Seiko 43WVF1G panel (DRM_PANEL_SEIKO_43WVF1G) [N/m/?] (NEW) 
Sharp LS037V7DW01 VGA LCD panel (DRM_PANEL_SHARP_LS037V7DW01) [N/m/?] (NEW) 
Sitronix ST7789V panel (DRM_PANEL_SITRONIX_ST7789V) [N/m/?] (NEW) 
Sony ACX565AKM panel (DRM_PANEL_SONY_ACX565AKM) [N/m/?] (NEW) 
support for simple Embedded DisplayPort panels (DRM_PANEL_EDP) [N/m/?] (NEW) 
support for simple panels (other than eDP ones) (DRM_PANEL_SIMPLE) [N/m/?] (NEW) 
Toppoly (TPO) TD028TTEC1 panel driver (DRM_PANEL_TPO_TD028TTEC1) [N/m/?] (NEW) 
Toppoly (TPO) TD043MTEA1 panel driver (DRM_PANEL_TPO_TD043MTEA1) [N/m/?] (NEW) 
TPO TPG 800x400 panel (DRM_PANEL_TPO_TPG110) [N/m/?] (NEW) 
Widechips WS2401 DPI panel driver (DRM_PANEL_WIDECHIPS_WS2401) [N/m/?] n
*
* Display Interface Bridges
*
Chipone ICN6211 MIPI-DSI/RGB Converter bridge (DRM_CHIPONE_ICN6211) [N/m/?] (NEW) 
Chrontel CH7033 Video Encoder (DRM_CHRONTEL_CH7033) [N/m/?] (NEW) 
Display connector support (DRM_DISPLAY_CONNECTOR) [N/m/?] (NEW) 
ITE IT6505 DisplayPort bridge (DRM_ITE_IT6505) [N/m/?] (NEW) 
Lontium LT8912B DSI/HDMI bridge (DRM_LONTIUM_LT8912B) [N/m/?] (NEW) 
Lontium LT9211 DSI/LVDS/DPI bridge (DRM_LONTIUM_LT9211) [N/m/?] (NEW) 
Lontium LT9611 DSI/HDMI bridge (DRM_LONTIUM_LT9611) [N/m/?] (NEW) 
Lontium LT9611UXC DSI/HDMI bridge (DRM_LONTIUM_LT9611UXC) [N/m/?] (NEW) 
ITE IT66121 HDMI bridge (DRM_ITE_IT66121) [N/m/?] (NEW) 
Transparent LVDS encoders and decoders support (DRM_LVDS_CODEC) [N/m/?] (NEW) 
MegaChips stdp4028-ge-b850v3-fw and stdp2690-ge-b850v3-fw (DRM_MEGACHIPS_STDPXXXX_GE_B850V3_FW) [N/m/?] (NEW) 
Northwest Logic MIPI DSI Host controller (DRM_NWL_MIPI_DSI) [N/m/?] (NEW) 
NXP PTN3460 DP/LVDS bridge (DRM_NXP_PTN3460) [N/m/?] (NEW) 
Parade eDP/LVDS bridge (DRM_PARADE_PS8622) [N/m/?] (NEW) 
Parade PS8640 MIPI DSI to eDP Converter (DRM_PARADE_PS8640) [N/m/?] (NEW) 
Samsung MIPI DSIM bridge driver (DRM_SAMSUNG_DSIM) [N/m/?] (NEW) 
Silicon Image SII8620 HDMI/MHL bridge (DRM_SIL_SII8620) [N/m/?] (NEW) 
Silicon Image sii902x RGB/HDMI bridge (DRM_SII902X) [N/m/?] (NEW) 
Silicon Image SII9234 HDMI/MHL bridge (DRM_SII9234) [N/m/?] (NEW) 
Simple DRM bridge support (DRM_SIMPLE_BRIDGE) [N/m/?] (NEW) 
Thine THC63LVD1024 LVDS decoder bridge (DRM_THINE_THC63LVD1024) [N/m/?] (NEW) 
TC358762 DSI/DPI bridge (DRM_TOSHIBA_TC358762) [N/m/?] (NEW) 
TC358764 DSI/LVDS bridge (DRM_TOSHIBA_TC358764) [N/m/?] (NEW) 
Toshiba TC358767 eDP bridge (DRM_TOSHIBA_TC358767) [N/m/?] (NEW) 
Toshiba TC358768 MIPI DSI bridge (DRM_TOSHIBA_TC358768) [N/m/?] (NEW) 
Toshiba TC358775 DSI/LVDS bridge (DRM_TOSHIBA_TC358775) [N/m/?] (NEW) 
TI DLPC3433 Display controller (DRM_TI_DLPC3433) [N/m/?] (NEW) 
TI TFP410 DVI/HDMI bridge (DRM_TI_TFP410) [N/m/?] (NEW) 
TI SN65DSI83 and SN65DSI84 DSI to LVDS bridge (DRM_TI_SN65DSI83) [N/m/?] (NEW) 
TI SN65DSI86 DSI to eDP bridge (DRM_TI_SN65DSI86) [N/m/?] (NEW) 
TI TPD12S015 HDMI level shifter and ESD protection (DRM_TI_TPD12S015) [N/m/?] (NEW) 
Analogix ANX6345 bridge (DRM_ANALOGIX_ANX6345) [N/m/?] (NEW) 
Analogix ANX78XX bridge (DRM_ANALOGIX_ANX78XX) [N/m/?] n
Analogix Anx7625 MIPI to DP interface support (DRM_ANALOGIX_ANX7625) [N/m/?] (NEW) 
ADV7511 encoder (DRM_I2C_ADV7511) [N/m/?] (NEW) 
Cadence DPI/DSI bridge (DRM_CDNS_DSI) [N/m/?] (NEW) 
Cadence DPI/DP bridge (DRM_CDNS_MHDP8546) [N/m/?] (NEW) 
*
* Direct Rendering Manager (XFree86 4.1.0 and higher DRI support)
*
Direct Rendering Manager (XFree86 4.1.0 and higher DRI support) (DRM) [M/n/y/?] m
  Insert extra checks and debug info into the DRM range managers (DRM_DEBUG_MM) [N/y/?] n
  Enable refcount backtrace history in the DP MST helpers (DRM_DEBUG_DP_MST_TOPOLOGY_REFS) [N/y/?] n
  Enable backtrace history for lock contention (DRM_DEBUG_MODESET_LOCK) [N/y/?] n
  Enable legacy fbdev support for your modesetting driver (DRM_FBDEV_EMULATION) [Y/n/?] y
    Overallocation of the fbdev buffer (DRM_FBDEV_OVERALLOC) [100] 100
    Shamelessly allow leaking of fbdev physical address (DANGEROUS) (DRM_FBDEV_LEAK_PHYS_SMEM) [N/y/?] n
  Allow to specify an EDID data set instead of probing for it (DRM_LOAD_EDID_FIRMWARE) [Y/n/?] y
  ATI Radeon (DRM_RADEON) [N/m/?] n
  AMD GPU (DRM_AMDGPU) [N/m/?] n
  Nouveau (NVIDIA) cards (DRM_NOUVEAU) [N/m/?] n
  Intel Xe Graphics (DRM_XE) [N/m/?] n
  Virtual GEM provider (DRM_VGEM) [N/m/?] n
  Virtual KMS (EXPERIMENTAL) (DRM_VKMS) [M/n/?] m
  DRM driver for VMware Virtual GPU (DRM_VMWGFX) [N/m/?] n
  DisplayLink (DRM_UDL) [N/m/?] n
  AST server chips (DRM_AST) [N/m/?] n
  Matrox G200 (DRM_MGAG200) [N/m/?] n
  QXL virtual GPU (DRM_QXL) [M/n/?] m
  Virtio GPU driver (DRM_VIRTIO_GPU) [N/m/?] n
  ETNAVIV (DRM support for Vivante GPU IP cores) (DRM_ETNAVIV) [N/m/?] n
  DRM Support for Hisilicon Hibmc (DRM_HISI_HIBMC) [N/m/?] (NEW) 
  DRM Support for Hisilicon Kirin series SoCs Platform (DRM_HISI_KIRIN) [N/m/?] (NEW) 
  LogiCVC DRM (DRM_LOGICVC) [N/m/?] (NEW) 
  ARC PGU (DRM_ARCPGU) [N/m/?] (NEW) 
  DRM Support for bochs dispi vga interface (qemu stdvga) (DRM_BOCHS) [N/m/?] n
  Cirrus driver for QEMU emulated device (DRM_CIRRUS_QEMU) [M/n/?] m
  GM12U320 driver for USB projectors (DRM_GM12U320) [N/m/?] n
  DRM support for MIPI DBI compatible panels (DRM_PANEL_MIPI_DBI) [N/m/?] n
  Simple framebuffer driver (DRM_SIMPLEDRM) [N/m/?] n
  DRM support for HX8357D display panels (TINYDRM_HX8357D) [N/m/?] n
  DRM support for ILI9163 display panels (TINYDRM_ILI9163) [N/m/?] n
  DRM support for ILI9225 display panels (TINYDRM_ILI9225) [N/m/?] n
  DRM support for ILI9341 display panels (TINYDRM_ILI9341) [N/m/?] n
  DRM support for ILI9486 display panels (TINYDRM_ILI9486) [N/m/?] n
  DRM support for MI0283QT (TINYDRM_MI0283QT) [N/m/?] n
  DRM support for Pervasive Displays RePaper panels (V231) (TINYDRM_REPAPER) [N/m/?] n
  DRM support for Sitronix ST7586 display panels (TINYDRM_ST7586) [N/m/?] n
  DRM support for Sitronix ST7715R/ST7735R display panels (TINYDRM_ST7735R) [N/m/?] n
  DRM Support for PL111 CLCD Controller (DRM_PL111) [N/m/?] (NEW) 
  Para-virtualized frontend driver for Xen guest OS (DRM_XEN_FRONTEND) [N/m/?] n
  LIMA (DRM support for ARM Mali 400/450 GPU) (DRM_LIMA) [N/m/?] (NEW) 
  Panfrost (DRM support for ARM Mali Midgard/Bifrost GPUs) (DRM_PANFROST) [N/m/?] (NEW) 
  Panthor (DRM support for ARM Mali CSF-based GPUs) (DRM_PANTHOR) [N/m/?] (NEW) 
  DRM Support for TI Keystone (DRM_TIDSS) [N/m/?] (NEW) 
  GUD USB Display (DRM_GUD) [N/m/?] n
  DRM support for Solomon SSD13xx OLED displays (DRM_SSD130X) [N/m/?] n
  Imagination Technologies PowerVR (Series 6 and later) & IMG Graphics (DRM_POWERVR) [N/m/?] (NEW) 
  DRM Support for Hyper-V synthetic video device (DRM_HYPERV) [N/m/?] n
  Compile the drm subsystem with warnings as errors (DRM_WERROR) [N/y/?] n
*
* Backlight & LCD device support
*
Lowlevel LCD controls (LCD_CLASS_DEVICE) [N/m/y/?] n
Lowlevel Backlight controls (BACKLIGHT_CLASS_DEVICE) [Y/n/m/?] y
  Backlight Driver for Kinetic KTD253 (BACKLIGHT_KTD253) [N/m/y/?] n
  Backlight Driver for Kinetic KTD2801 (BACKLIGHT_KTD2801) [N/m/y/?] n
  Backlight Driver for Kinetic KTZ8866 (BACKLIGHT_KTZ8866) [N/m/y/?] n
  Generic PWM based Backlight Driver (BACKLIGHT_PWM) [N/m/y/?] n
  Qualcomm PMIC WLED Driver (BACKLIGHT_QCOM_WLED) [N/m/y/?] n
  Backlight Driver for ADP8860/ADP8861/ADP8863 using WLED (BACKLIGHT_ADP8860) [N/m/y/?] n
  Backlight Driver for ADP8870 using WLED (BACKLIGHT_ADP8870) [N/m/y/?] n
  Backlight Driver for LM3509 (BACKLIGHT_LM3509) [N/m/y/?] (NEW) 
  Backlight Driver for LM3630A (BACKLIGHT_LM3630A) [N/m/y/?] n
  Backlight Driver for LM3639 (BACKLIGHT_LM3639) [N/m/y/?] n
  Backlight driver for TI LP855X (BACKLIGHT_LP855X) [N/m/y/?] n
  Backlight Driver for MPS MP3309C (BACKLIGHT_MP3309C) [N/m/y/?] n
  Generic GPIO based Backlight Driver (BACKLIGHT_GPIO) [N/m/y/?] n
  Sanyo LV5207LP Backlight (BACKLIGHT_LV5207LP) [N/m/y/?] n
  Rohm BD6107 Backlight (BACKLIGHT_BD6107) [N/m/y/?] n
  Backlight driver for the Arctic Sands ARCxCnnnn family (BACKLIGHT_ARCXCNN) [N/m/y/?] n
  Generic LED based Backlight Driver (BACKLIGHT_LED) [N/m/y/?] (NEW) 
*
* Generic sound devices
*
Generic sound devices (SND_DRIVERS) [Y/n/?] y
  Dummy (/dev/null) soundcard (SND_DUMMY) [N/m/?] n
  Generic loopback driver (PCM) (SND_ALOOP) [N/m/?] n
  Virtual PCM test driver (SND_PCMTEST) [N/m/?] n
  MOTU MidiTimePiece AV multiport MIDI (SND_MTPAV) [N/m/?] n
  ESI Miditerminal 4140 driver (SND_MTS64) [N/m/?] n
  UART16550 serial MIDI driver (SND_SERIAL_U16550) [N/m/?] n
  Generic serial MIDI driver (SND_SERIAL_GENERIC) [N/m/?] (NEW) 
  Generic MPU-401 UART driver (SND_MPU401) [N/m/?] n
  Portman 2x4 driver (SND_PORTMAN2X4) [N/m/?] n
*
* HD-Audio
*
HD Audio PCI (SND_HDA_INTEL) [M/n/?] m
Build hwdep interface for HD-audio driver (SND_HDA_HWDEP) [Y/n/?] y
Allow dynamic codec reconfiguration (SND_HDA_RECONFIG) [Y/?] y
Support digital beep via input layer (SND_HDA_INPUT_BEEP) [Y/n/?] y
  Digital beep registration mode (0=off, 1=on) (SND_HDA_INPUT_BEEP_MODE) [1] 1
Support initialization patch loading for HD-audio (SND_HDA_PATCH_LOADER) [Y/n/?] y
Build Realtek HD-audio codec support (SND_HDA_CODEC_REALTEK) [N/m/?] n
Build Analog Devices HD-audio codec support (SND_HDA_CODEC_ANALOG) [N/m/?] n
Build IDT/Sigmatel HD-audio codec support (SND_HDA_CODEC_SIGMATEL) [N/m/?] n
Build VIA HD-audio codec support (SND_HDA_CODEC_VIA) [N/m/?] n
Build HDMI/DisplayPort HD-audio codec support (SND_HDA_CODEC_HDMI) [N/m/?] n
Build Cirrus Logic codec support (SND_HDA_CODEC_CIRRUS) [N/m/?] n
Build Cirrus Logic HDA bridge support (SND_HDA_CODEC_CS8409) [N/m/?] n
Build Conexant HD-audio codec support (SND_HDA_CODEC_CONEXANT) [N/m/?] n
Build Senarytech HD-audio codec support (SND_HDA_CODEC_SENARYTECH) [N/m/?] (NEW) 
Build Creative CA0110-IBG codec support (SND_HDA_CODEC_CA0110) [N/m/?] n
Build Creative CA0132 codec support (SND_HDA_CODEC_CA0132) [N/m/?] n
Build C-Media HD-audio codec support (SND_HDA_CODEC_CMEDIA) [N/m/?] n
Build Silicon Labs 3054 HD-modem codec support (SND_HDA_CODEC_SI3054) [N/m/?] n
Enable generic HD-audio codec parser (SND_HDA_GENERIC) [M/n/?] m
Default time-out for HD-audio power-save mode (SND_HDA_POWER_SAVE_DEFAULT) [1] 1
Enable Silent Stream always for HDMI (SND_HDA_INTEL_HDMI_SILENT_STREAM) [N/y/?] n
Use the device identifier field for controls (SND_HDA_CTL_DEV_ID) [N/y/?] n
*
* USB support
*
USB support (USB_SUPPORT) [Y/n/?] y
  USB LED Triggers (USB_LED_TRIG) [Y/n/?] y
  USB ULPI PHY interface support (USB_ULPI_BUS) [N/m/y/?] n
  USB GPIO Based Connection Detection Driver (USB_CONN_GPIO) [N/m/y/?] n
  Support for Host-side USB (USB) [M/n/y/?] m
  PCI based USB host interface (USB_PCI) [Y/n/?] y
    AMD PCI USB host support (USB_PCI_AMD) [Y/n/?] y
  USB announce new devices (USB_ANNOUNCE_NEW_DEVICES) [Y/n/?] y
  *
  * Miscellaneous USB options
  *
  Enable USB persist by default (USB_DEFAULT_PERSIST) [Y/n/?] y
  Limit USB device initialization to only a few retries (USB_FEW_INIT_RETRIES) [N/y/?] n
  Dynamic USB minor allocation (USB_DYNAMIC_MINORS) [Y/n/?] y
  OTG support (USB_OTG) [N/y/?] n
  Rely on OTG and EH Targeted Peripherals List (USB_OTG_PRODUCTLIST) [N/y/?] n
  Disable external hubs (USB_OTG_DISABLE_EXTERNAL_HUB) [N/y/?] n
  USB port LED trigger (USB_LEDS_TRIGGER_USBPORT) [N/m/?] n
  Default autosuspend delay (USB_AUTOSUSPEND_DELAY) [2] 2
  Default authorization mode for USB devices (USB_DEFAULT_AUTHORIZATION_MODE) [1] 1
  USB Monitor (USB_MON) [N/m/?] n
  *
  * USB Host Controller Drivers
  *
  Cypress C67x00 HCD support (USB_C67X00_HCD) [N/m/?] n
  xHCI HCD (USB 3.0) support (USB_XHCI_HCD) [N/m/?] n
  EHCI HCD (USB 2.0) support (USB_EHCI_HCD) [M/n/?] m
    Root Hub Transaction Translators (USB_EHCI_ROOT_HUB_TT) [Y/n/?] y
    Improved Transaction Translator scheduling (USB_EHCI_TT_NEWSCHED) [Y/n/?] y
    Support for Freescale on-chip EHCI USB controller (USB_EHCI_FSL) [N/m/?] n
    Generic EHCI driver for a platform device (USB_EHCI_HCD_PLATFORM) [N/m/?] n
  OXU210HP HCD support (USB_OXU210HP_HCD) [N/m/?] n
  ISP116X HCD support (USB_ISP116X_HCD) [N/m/?] n
  MAX3421 HCD (USB-over-SPI) support (USB_MAX3421_HCD) [N/m/?] n
  OHCI HCD (USB 1.1) support (USB_OHCI_HCD) [N/m/?] n
  UHCI HCD (most Intel and VIA) support (USB_UHCI_HCD) [M/n/?] m
  SL811HS HCD support (USB_SL811_HCD) [N/m/?] n
  R8A66597 HCD support (USB_R8A66597_HCD) [N/m/?] n
  HCD test mode support (USB_HCD_TEST_MODE) [N/y/?] n
  Xen usb virtual host driver (USB_XEN_HCD) [N/m/?] n
  *
  * USB Device Class drivers
  *
  USB Modem (CDC ACM) support (USB_ACM) [N/m/?] n
  USB Printer support (USB_PRINTER) [N/m/?] n
  USB Wireless Device Management support (USB_WDM) [N/m/?] n
  USB Test and Measurement Class support (USB_TMC) [N/m/?] n
  *
  * NOTE: USB_STORAGE depends on SCSI but BLK_DEV_SD may
  *
  *
  * also be needed; see USB_STORAGE Help for more info
  *
  USB Mass Storage support (USB_STORAGE) [N/m/?] n
  *
  * USB Imaging devices
  *
  USB Mustek MDC800 Digital Camera support (USB_MDC800) [N/m/?] n
  Microtek X6USB scanner support (USB_MICROTEK) [N/m/?] n
  USB/IP support (USBIP_CORE) [N/m/?] n
  *
  * USB dual-mode controller drivers
  *
  Cadence USB Support (USB_CDNS_SUPPORT) [N/m/?] n
  Inventra Highspeed Dual Role Controller (USB_MUSB_HDRC) [N/m/?] n
  DesignWare USB3 DRD Core Support (USB_DWC3) [N/m/?] n
  DesignWare USB2 DRD Core Support (USB_DWC2) [N/m/?] n
  ChipIdea Highspeed Dual Role Controller (USB_CHIPIDEA) [N/m/?] n
  NXP ISP 1760/1761/1763 support (USB_ISP1760) [N/m/?] n
  *
  * USB port drivers
  *
  *
  * USB Miscellaneous drivers
  *
  USS720 parport driver (USB_USS720) [N/m/?] n
  EMI 6|2m USB Audio interface support (USB_EMI62) [N/m/?] n
  EMI 2|6 USB Audio interface support (USB_EMI26) [N/m/?] n
  ADU devices from Ontrak Control Systems (USB_ADUTUX) [N/m/?] n
  USB 7-Segment LED Display (USB_SEVSEG) [N/m/?] n
  USB Lego Infrared Tower support (USB_LEGOTOWER) [N/m/?] n
  USB LCD driver support (USB_LCD) [N/m/?] n
  Cypress CY7C63xxx USB driver support (USB_CYPRESS_CY7C63) [N/m/?] n
  Cypress USB thermometer driver support (USB_CYTHERM) [N/m/?] n
  Siemens ID USB Mouse Fingerprint sensor support (USB_IDMOUSE) [N/m/?] n
  Apple Cinema Display support (USB_APPLEDISPLAY) [N/m/?] n
  Fast charge control for iOS devices (APPLE_MFI_FASTCHARGE) [N/m/?] n
  Intel La Jolla Cove Adapter support (USB_LJCA) [N/m/?] n
  USB 2.0 SVGA dongle support (Net2280/SiS315) (USB_SISUSBVGA) [N/m/?] n
  USB LD driver (USB_LD) [N/m/?] n
  PlayStation 2 Trance Vibrator driver support (USB_TRANCEVIBRATOR) [N/m/?] n
  IO Warrior driver support (USB_IOWARRIOR) [N/m/?] n
  USB testing driver (USB_TEST) [N/m/?] n
  USB EHSET Test Fixture driver (USB_EHSET_TEST_FIXTURE) [N/m/?] n
  iSight firmware loading support (USB_ISIGHTFW) [N/m/?] n
  USB YUREX driver support (USB_YUREX) [N/m/?] n
  Functions for loading firmware on EZUSB chips (USB_EZUSB_FX2) [N/m/?] n
  USB251XB Hub Controller Configuration Driver (USB_HUB_USB251XB) [N/m/?] n
  USB3503 HSIC to USB20 Driver (USB_HSIC_USB3503) [N/m/?] n
  USB4604 HSIC to USB20 Driver (USB_HSIC_USB4604) [N/m/?] n
  USB Link Layer Test driver (USB_LINK_LAYER_TEST) [N/m/?] n
  Onboard USB device support (USB_ONBOARD_DEV) [N/m/?] (NEW) 
  *
  * USB Physical Layer drivers
  *
  NOP USB Transceiver Driver (NOP_USB_XCEIV) [N/m/y/?] n
  GPIO based peripheral-only VBUS sensing 'transceiver' (USB_GPIO_VBUS) [N/m/y/?] n
  NXP ISP1301 USB transceiver support (USB_ISP1301) [N/m/?] n
  Generic ULPI Transceiver Driver (USB_ULPI) [N/y/?] (NEW) 
  USB Role Switch Support (USB_ROLE_SWITCH) [N/m/y/?] n
*
* LED Support
*
LED Support (NEW_LEDS) [Y/n/?] y
  LED Class Support (LEDS_CLASS) [Y/n/m/?] y
    LED Flash Class Support (LEDS_CLASS_FLASH) [N/m/y/?] n
    LED Multicolor Class Support (LEDS_CLASS_MULTICOLOR) [N/m/y/?] n
    LED Class brightness_hw_changed attribute support (LEDS_BRIGHTNESS_HW_CHANGED) [Y/n/?] y
  *
  * LED drivers
  *
  LED support for Panasonic AN30259A (LEDS_AN30259A) [N/m/y/?] (NEW) 
  LED support for Awinic AW20036/AW20054/AW20072/AW20108 (LEDS_AW200XX) [N/m/y/?] n
  LED support for Awinic AW2013 (LEDS_AW2013) [N/m/y/?] (NEW) 
  LED Support for Broadcom BCM6328 (LEDS_BCM6328) [N/m/y/?] (NEW) 
  LED Support for Broadcom BCM6358 (LEDS_BCM6358) [N/m/y/?] (NEW) 
  LED Support for Crane CR0014114 (LEDS_CR0014114) [N/m/y/?] (NEW) 
  LED Support for Crane EL15203000 (LEDS_EL15203000) [N/m/y/?] (NEW) 
  LCD Backlight driver for LM3530 (LEDS_LM3530) [N/m/y/?] n
  LCD Backlight driver for LM3532 (LEDS_LM3532) [N/m/y/?] n
  LED support for LM3642 Chip (LEDS_LM3642) [N/m/y/?] n
  LED support for LM3692x Chips (LEDS_LM3692X) [N/m/y/?] (NEW) 
  LED driver for PCA9532 dimmer (LEDS_PCA9532) [N/m/y/?] n
  LED Support for GPIO connected LEDs (LEDS_GPIO) [N/m/y/?] n
  LED Support for N.S. LP3944 (Fun Light) I2C chip (LEDS_LP3944) [N/m/y/?] n
  LED Support for TI LP3952 2 channel LED driver (LEDS_LP3952) [N/m/y/?] n
  LED support for the TI LP8860 4 channel LED driver (LEDS_LP8860) [N/m/y/?] (NEW) 
  LED Support for PCA955x I2C chips (LEDS_PCA955X) [N/m/y/?] n
  LED support for PCA963x I2C chip (LEDS_PCA963X) [N/m/y/?] n
  LED Support for PCA995x I2C chips (LEDS_PCA995X) [N/m/y/?] n
  LED Support for DAC124S085 SPI DAC (LEDS_DAC124S085) [N/m/y/?] n
  PWM driven LED Support (LEDS_PWM) [N/m/y/?] n
  REGULATOR driven LED support (LEDS_REGULATOR) [N/m/y/?] n
  LED driver for BD2606MVV (LEDS_BD2606MVV) [N/m/y/?] n
  LED driver for BD2802 RGB LED (LEDS_BD2802) [N/m/y/?] n
  LED driver for LT3593 controllers (LEDS_LT3593) [N/m/y/?] n
  LED Support for TCA6507 I2C chip (LEDS_TCA6507) [N/m/y/?] n
  LED driver for TLC59108 and TLC59116 controllers (LEDS_TLC591XX) [N/m/y/?] n
  LED support for LM3554 and LM3556 chips (LEDS_LM355x) [N/m/y/?] n
  LED Support for ISSI IS31FL319x I2C LED controller family (LEDS_IS31FL319X) [N/m/y/?] n
  LED support for ISSI IS31FL32XX I2C LED controller family (LEDS_IS31FL32XX) [N/m/y/?] (NEW) 
  *
  * LED driver for blink(1) USB RGB LED is under Special HID drivers (HID_THINGM)
  *
  LED support for the BlinkM I2C RGB LED (LEDS_BLINKM) [N/m/y/?] n
  LED support for the Mellanox switches management control (LEDS_MLXREG) [N/m/y/?] n
  Userspace LED support (LEDS_USER) [N/m/y/?] n
  LED support for SPI LED controller with a single byte (LEDS_SPI_BYTE) [N/m/y/?] (NEW) 
  LED driver for LM3697 (LEDS_LM3697) [N/m/y/?] (NEW) 
  *
  * Flash and Torch LED drivers
  *
  *
  * RGB LED drivers
  *
  *
  * LED Triggers
  *
  *
  * LED Trigger support
  *
  LED Trigger support (LEDS_TRIGGERS) [Y/n/?] y
    LED Timer Trigger (LEDS_TRIGGER_TIMER) [N/m/y/?] n
    LED One-shot Trigger (LEDS_TRIGGER_ONESHOT) [N/m/y/?] n
    LED Disk Trigger (LEDS_TRIGGER_DISK) [Y/n/?] y
    LED Heartbeat Trigger (LEDS_TRIGGER_HEARTBEAT) [N/m/y/?] n
    LED backlight Trigger (LEDS_TRIGGER_BACKLIGHT) [N/m/y/?] n
    LED CPU Trigger (LEDS_TRIGGER_CPU) [Y/n/?] y
    LED activity Trigger (LEDS_TRIGGER_ACTIVITY) [N/m/y/?] n
    LED GPIO Trigger (LEDS_TRIGGER_GPIO) [N/m/y/?] n
    LED Default ON Trigger (LEDS_TRIGGER_DEFAULT_ON) [N/m/y/?] n
    *
    * iptables trigger is under Netfilter config (LED target)
    *
    LED Transient Trigger (LEDS_TRIGGER_TRANSIENT) [N/m/y/?] n
    LED Camera Flash/Torch Trigger (LEDS_TRIGGER_CAMERA) [N/m/y/?] n
    LED Panic Trigger (LEDS_TRIGGER_PANIC) [Y/n/?] y
    LED Netdev Trigger (LEDS_TRIGGER_NETDEV) [N/m/y/?] n
    LED Pattern Trigger (LEDS_TRIGGER_PATTERN) [N/m/y/?] n
    LED Trigger for TTY devices (LEDS_TRIGGER_TTY) [N/m/y/?] n
    LED Input events trigger (LEDS_TRIGGER_INPUT_EVENTS) [N/m/y/?] (NEW) 
  *
  * Simple LED drivers
  *
*
* EDAC (Error Detection And Correction) reporting
*
EDAC (Error Detection And Correction) reporting (EDAC) [Y/n/m/?] y
  EDAC legacy sysfs (EDAC_LEGACY_SYSFS) [Y/n/?] y
  Debugging (EDAC_DEBUG) [N/y/?] n
  Output ACPI APEI/GHES BIOS detected errors via EDAC (EDAC_GHES) [N/m/y/?] n
  Cavium ThunderX EDAC (EDAC_THUNDERX) [N/m/y/?] (NEW) 
  APM X-Gene SoC (EDAC_XGENE) [N/m/y/?] (NEW) 
  ARM DMC-520 ECC (EDAC_DMC520) [N/m/y/?] (NEW) 
*
* Real Time Clock
*
Real Time Clock (RTC_CLASS) [Y/n/?] y
  Set system time from RTC on startup and resume (RTC_HCTOSYS) [Y/n/?] y
    RTC used to set the system time (RTC_HCTOSYS_DEVICE) [rtc0] rtc0
  Set the RTC time based on NTP synchronization (RTC_SYSTOHC) [Y/n/?] y
    RTC used to synchronize NTP adjustment (RTC_SYSTOHC_DEVICE) [rtc0] rtc0
  RTC debug support (RTC_DEBUG) [N/y/?] n
  RTC non volatile storage support (RTC_NVMEM) [Y/n/?] y
  *
  * RTC interfaces
  *
  /sys/class/rtc/rtcN (sysfs) (RTC_INTF_SYSFS) [Y/n/?] y
  /proc/driver/rtc (procfs for rtcN) (RTC_INTF_PROC) [Y/n/?] y
  /dev/rtcN (character devices) (RTC_INTF_DEV) [Y/n/?] y
    RTC UIE emulation on dev interface (RTC_INTF_DEV_UIE_EMUL) [N/y/?] n
  Test driver/device (RTC_DRV_TEST) [N/m/y/?] n
  *
  * I2C RTC drivers
  *
  Abracon AB-RTCMC-32.768kHz-B5ZE-S3 (RTC_DRV_ABB5ZES3) [N/m/y/?] n
  Abracon AB-RTCMC-32.768kHz-EOZ9 (RTC_DRV_ABEOZ9) [N/m/y/?] n
  Abracon ABx80x (RTC_DRV_ABX80X) [N/m/y/?] n
  Dallas/Maxim DS1307/37/38/39/40/41, ST M41T00, EPSON RX-8025, ISL12057 (RTC_DRV_DS1307) [N/m/y/?] n
  Dallas/Maxim DS1374 (RTC_DRV_DS1374) [N/m/y/?] n
  Dallas/Maxim DS1672 (RTC_DRV_DS1672) [N/m/y/?] n
  Haoyu Microelectronics HYM8563 (RTC_DRV_HYM8563) [N/m/y/?] (NEW) 
  Maxim MAX6900 (RTC_DRV_MAX6900) [N/m/y/?] n
  Analog Devices MAX31335 (RTC_DRV_MAX31335) [N/m/y/?] n
  Nuvoton NCT3018Y (RTC_DRV_NCT3018Y) [N/m/y/?] (NEW) 
  Ricoh R2025S/D, RS5C372A/B, RV5C386, RV5C387A (RTC_DRV_RS5C372) [N/m/y/?] n
  Intersil ISL1208 (RTC_DRV_ISL1208) [N/m/y/?] n
  Intersil ISL12022 (RTC_DRV_ISL12022) [N/m/y/?] n
  Intersil ISL12026 (RTC_DRV_ISL12026) [N/m/y/?] (NEW) 
  Xicor/Intersil X1205 (RTC_DRV_X1205) [N/m/y/?] n
  NXP PCF8523 (RTC_DRV_PCF8523) [N/m/y/?] n
  NXP PCF85063 (RTC_DRV_PCF85063) [N/m/y/?] n
  NXP PCF85363 (RTC_DRV_PCF85363) [N/m/y/?] n
  Philips PCF8563/Epson RTC8564 (RTC_DRV_PCF8563) [N/m/y/?] n
  Philips PCF8583 (RTC_DRV_PCF8583) [N/m/y/?] n
  ST M41T62/65/M41T80/81/82/83/84/85/87 and compatible (RTC_DRV_M41T80) [N/m/y/?] n
  TI BQ32000 (RTC_DRV_BQ32K) [N/m/y/?] n
  Seiko Instruments S-35390A (RTC_DRV_S35390A) [N/m/y/?] n
  Ramtron FM3130 (RTC_DRV_FM3130) [N/m/y/?] n
  Epson RX8010SJ (RTC_DRV_RX8010) [N/m/y/?] n
  Epson RX8111 (RTC_DRV_RX8111) [N/m/y/?] n
  Epson RX-8571/RX-8581 (RTC_DRV_RX8581) [N/m/y/?] n
  Epson RX-8025SA/NB (RTC_DRV_RX8025) [N/m/y/?] n
  EM Microelectronic EM3027 (RTC_DRV_EM3027) [N/m/y/?] n
  Micro Crystal RV3028 (RTC_DRV_RV3028) [N/m/y/?] n
  Micro Crystal RV3032 (RTC_DRV_RV3032) [N/m/y/?] n
  Micro Crystal RV8803, Epson RX8900 (RTC_DRV_RV8803) [N/m/y/?] n
  ZXW Shenzhen whwave SD3078 (RTC_DRV_SD3078) [N/m/y/?] n
  *
  * SPI RTC drivers
  *
  ST M41T93 (RTC_DRV_M41T93) [N/m/y/?] n
  ST M41T94 (RTC_DRV_M41T94) [N/m/y/?] n
  Dallas/Maxim DS1302 (RTC_DRV_DS1302) [N/m/y/?] n
  Dallas/Maxim DS1305/DS1306 (RTC_DRV_DS1305) [N/m/y/?] n
  Dallas/Maxim DS1343/DS1344 (RTC_DRV_DS1343) [N/m/y/?] n
  Dallas/Maxim DS1347 (RTC_DRV_DS1347) [N/m/y/?] n
  Dallas/Maxim DS1390/93/94 (RTC_DRV_DS1390) [N/m/y/?] n
  Maxim MAX6916 (RTC_DRV_MAX6916) [N/m/y/?] n
  Epson RTC-9701JE (RTC_DRV_R9701) [N/m/y/?] n
  Epson RX-4581 (RTC_DRV_RX4581) [N/m/y/?] n
  Ricoh RS5C348A/B (RTC_DRV_RS5C348) [N/m/y/?] n
  Maxim MAX6902 (RTC_DRV_MAX6902) [N/m/y/?] n
  NXP PCF2123 (RTC_DRV_PCF2123) [N/m/y/?] n
  Microchip MCP795 (RTC_DRV_MCP795) [N/m/y/?] n
  *
  * SPI and I2C RTC drivers
  *
  Dallas/Maxim DS3232/DS3234 (RTC_DRV_DS3232) [N/m/y/?] n
  NXP PCF2127 (RTC_DRV_PCF2127) [N/m/y/?] n
  Micro Crystal RV3029/3049 (RTC_DRV_RV3029C2) [N/m/y/?] n
  Epson RX-6110 (RTC_DRV_RX6110) [N/m/y/?] n
  *
  * Platform RTC drivers
  *
  Dallas DS1286 (RTC_DRV_DS1286) [N/m/y/?] n
  Dallas DS1511 (RTC_DRV_DS1511) [N/m/y/?] n
  Maxim/Dallas DS1553 (RTC_DRV_DS1553) [N/m/y/?] n
  Dallas/Maxim DS1685 Family (RTC_DRV_DS1685_FAMILY) [N/m/y/?] n
  Maxim/Dallas DS1742/1743 (RTC_DRV_DS1742) [N/m/y/?] n
  Maxim/Dallas DS2404 (RTC_DRV_DS2404) [N/m/y/?] n
  EFI RTC (RTC_DRV_EFI) [N/m/y/?] (NEW) 
  Simtek STK17TA8 (RTC_DRV_STK17TA8) [N/m/y/?] n
  ST M48T86/Dallas DS12887 (RTC_DRV_M48T86) [N/m/y/?] n
  ST M48T35 (RTC_DRV_M48T35) [N/m/y/?] n
  ST M48T59/M48T08/M48T02 (RTC_DRV_M48T59) [N/m/y/?] n
  Oki MSM6242 (RTC_DRV_MSM6242) [N/m/y/?] n
  Ricoh RP5C01 (RTC_DRV_RP5C01) [N/m/y/?] n
  Xilinx Zynq Ultrascale+ MPSoC RTC (RTC_DRV_ZYNQMP) [N/m/y/?] (NEW) 
  *
  * on-CPU RTC drivers
  *
  ARM AMBA PL030 RTC (RTC_DRV_PL030) [N/m/y/?] (NEW) 
  ARM AMBA PL031 RTC (RTC_DRV_PL031) [N/m/y/?] (NEW) 
  Cadence RTC driver (RTC_DRV_CADENCE) [N/m/y/?] (NEW) 
  Faraday Technology FTRTC010 RTC (RTC_DRV_FTRTC010) [N/m/y/?] n
  EPSON TOYOCOM RTC-7301SF/DG (RTC_DRV_R7301) [N/m/y/?] (NEW) 
  *
  * HID Sensor RTC drivers
  *
  Goldfish Real Time Clock (RTC_DRV_GOLDFISH) [N/m/y/?] n
*
* DMA Engine support
*
DMA Engine support (DMADEVICES) [Y/n/?] y
  DMA Engine debugging (DMADEVICES_DEBUG) [N/y/?] n
  *
  * DMA Devices
  *
  Altera / Intel mSGDMA Engine (ALTERA_MSGDMA) [N/m/y/?] n
  ARM PrimeCell PL080 or PL081 support (AMBA_PL08X) [N/y/?] (NEW) 
  Broadcom SBA RAID engine support (BCM_SBA_RAID) [N/m/?] (NEW) 
  Synopsys DesignWare AXI DMA support (DW_AXI_DMAC) [N/m/y/?] (NEW) 
  Freescale eDMA engine support (FSL_EDMA) [N/m/y/?] (NEW) 
  NXP Layerscape qDMA engine support (FSL_QDMA) [N/m/y/?] (NEW) 
  Intel integrated DMA 64-bit support (INTEL_IDMA64) [N/m/y/?] n
  Marvell XOR engine version 2 support  (MV_XOR_V2) [N/y/?] (NEW) 
  DMA API Driver for PL330 (PL330_DMA) [N/m/y/?] (NEW) 
  PLX ExpressLane PEX Switch DMA Engine Support (PLX_DMA) [N/m/y/?] n
  Xilinx AXI DMAS Engine (XILINX_DMA) [N/m/y/?] n
  Xilinx DMA/Bridge Subsystem DMA Engine (XILINX_XDMA) [N/m/y/?] n
  Xilinx ZynqMP DMA Engine (XILINX_ZYNQMP_DMA) [N/m/y/?] (NEW) 
  Xilinx DPDMA Engine (XILINX_ZYNQMP_DPDMA) [N/m/y/?] (NEW) 
  Qualcomm Technologies HIDMA Management support (QCOM_HIDMA_MGMT) [N/m/y/?] n
  Qualcomm Technologies HIDMA Channel support (QCOM_HIDMA) [N/m/y/?] n
  Synopsys DesignWare AHB DMA platform driver (DW_DMAC) [N/m/y/?] n
  Synopsys DesignWare AHB DMA PCI driver (DW_DMAC_PCI) [N/m/y/?] n
  Synopsys DesignWare eDMA controller driver (DW_EDMA) [N/m/y/?] n
  Sifive PDMA controller driver (SF_PDMA) [N/m/y/?] n
  *
  * DMA Clients
  *
  Async_tx: Offload support for the async_tx api (ASYNC_TX_DMA) [Y/n/?] y
  DMA Test client (DMATEST) [N/m/y/?] n
*
* Virtio drivers
*
Virtio drivers (VIRTIO_MENU) [Y/n/?] y
  PCI driver for virtio devices (VIRTIO_PCI) [M/n/y/?] m
    Support for legacy virtio draft 0.9.X and older devices (VIRTIO_PCI_LEGACY) [Y/n/?] y
  Support for virtio pmem driver (VIRTIO_PMEM) [M/n/?] m
  Virtio balloon driver (VIRTIO_BALLOON) [M/n/?] m
  Virtio mem driver (VIRTIO_MEM) [M/n/?] m
  Virtio input driver (VIRTIO_INPUT) [M/n/?] m
  Platform bus driver for memory mapped virtio devices (VIRTIO_MMIO) [M/n/y/?] m
    Memory mapped virtio devices parameter parsing (VIRTIO_MMIO_CMDLINE_DEVICES) [N/y/?] n
  Debug facilities (VIRTIO_DEBUG) [N/y/?] (NEW) 
*
* Xen driver support
*
Xen memory balloon driver (XEN_BALLOON) [Y/n/?] y
  Memory hotplug support for Xen balloon driver (XEN_BALLOON_MEMORY_HOTPLUG) [Y/n/?] y
Scrub pages before returning them to system by default (XEN_SCRUB_PAGES_DEFAULT) [Y/n/?] y
Xen /dev/xen/evtchn device (XEN_DEV_EVTCHN) [M/n/y/?] m
Backend driver support (XEN_BACKEND) [Y/n/?] y
Xen filesystem (XENFS) [M/n/y/?] m
  Create compatibility mount point /proc/xen (XEN_COMPAT_XENFS) [Y/n/?] y
Create xen entries under /sys/hypervisor (XEN_SYS_HYPERVISOR) [Y/n/?] y
userspace grant access device driver (XEN_GNTDEV) [M/n/y/?] m
  Add support for dma-buf grant access device driver extension (XEN_GNTDEV_DMABUF) [N/y/?] n
User-space grant reference allocator driver (XEN_GRANT_DEV_ALLOC) [M/n/y/?] m
Allow allocating DMA capable buffers with grant reference module (XEN_GRANT_DMA_ALLOC) [Y/n/?] y
Xen PCI-device stub driver (XEN_PCIDEV_STUB) [M/n/y/?] (NEW) 
XEN PV Calls frontend driver (XEN_PVCALLS_FRONTEND) [M/n/y/?] m
XEN PV Calls backend driver (XEN_PVCALLS_BACKEND) [Y/n/m/?] y
XEN SCSI backend driver (XEN_SCSI_BACKEND) [N/m/?] n
Xen hypercall passthrough driver (XEN_PRIVCMD) [M/y/?] m
Use unpopulated memory ranges for guest mappings (XEN_UNPOPULATED_ALLOC) [Y/n/?] y
Xen virtio support (XEN_VIRTIO) [N/y/?] n
*
* Staging drivers
*
Staging drivers (STAGING) [Y/n/?] y
  Support for rtllib wireless devices (RTLLIB) [N/m/?] n
  Realtek PCI-E Card Reader RTS5208/5288 support (RTS5208) [N/m/?] n
  Silicon Motion SM750 framebuffer support (FB_SM750) [N/m/y/?] n
  GCT GDM724x LTE support (LTE_GDM724X) [N/m/?] n
  Xilinx AXI-Stream FIFO IP core driver (XIL_AXIS_FIFO) [N/m/y/?] (NEW) 
*
* Platform support for CZ.NIC's Turris hardware
*
Platform support for CZ.NIC's Turris hardware (CZNIC_PLATFORMS) [N/y/?] (NEW) 
*
* ARM64 Platform-Specific Device Drivers
*
ARM64 Platform-Specific Device Drivers (ARM64_PLATFORM_DEVICES) [Y/n/?] (NEW) 
*
* Clock driver for ARM Reference designs
*
Clock driver for ARM Reference designs ICST (CLK_ICST) [N/y/?] (NEW) 
Clock driver for ARM SP810 System Controller (CLK_SP810) [N/y/?] (NEW) 
*
* Common Clock Framework
*
Common Clock Framework (COMMON_CLK) [Y/?] y
  Ti LMK04832 JESD204B Compliant Clock Jitter Cleaner (LMK04832) [N/m/y/?] n
  Maxim 9485 Programmable Clock Generator (COMMON_CLK_MAX9485) [N/m/y/?] n
  Clock driver for SiLabs 5341 and 5340 A/B/C/D devices (COMMON_CLK_SI5341) [N/m/y/?] n
  Clock driver for SiLabs 5351A/B/C (COMMON_CLK_SI5351) [N/m/y/?] n
  Clock driver for SiLabs 514 devices (COMMON_CLK_SI514) [N/m/y/?] (NEW) 
  Clock driver for SiLabs 544 devices (COMMON_CLK_SI544) [N/m/y/?] n
  Clock driver for SiLabs 570 and compatible devices (COMMON_CLK_SI570) [N/m/y/?] (NEW) 
  Clock driver for TI CDCE706 clock synthesizer (COMMON_CLK_CDCE706) [N/m/y/?] n
  Clock driver for TI CDCE913/925/937/949 devices (COMMON_CLK_CDCE925) [N/m/y/?] (NEW) 
  Clock driver for CS2000 Fractional-N Clock Synthesizer & Clock Multiplier (COMMON_CLK_CS2000_CP) [N/m/y/?] n
  AXI clkgen driver (COMMON_CLK_AXI_CLKGEN) [N/m/y/?] (NEW) 
  Clock driver for APM XGene SoC (COMMON_CLK_XGENE) [N/y/?] (NEW) 
  Clock driver for PWMs used as clock outputs (COMMON_CLK_PWM) [N/m/y/?] n
  Clock driver for Renesas 9-series PCIe clock generators (COMMON_CLK_RS9_PCIE) [N/m/y/?] (NEW) 
  Clock driver for SkyWorks Si521xx PCIe clock generators (COMMON_CLK_SI521XX) [N/m/y/?] (NEW) 
  Clock driver for Renesas VersaClock 3 devices (COMMON_CLK_VC3) [N/m/y/?] (NEW) 
  Clock driver for IDT VersaClock 5,6 devices (COMMON_CLK_VC5) [N/m/y/?] (NEW) 
  Clock driver for Renesas Versaclock 7 devices (COMMON_CLK_VC7) [N/m/y/?] (NEW) 
  Clock driver for Memory Mapped Fixed values (COMMON_CLK_FIXED_MMIO) [N/y/?] (NEW) 
  Xilinx VCU logicoreIP Init (XILINX_VCU) [N/m/y/?] n
  Xilinx Clocking Wizard (COMMON_CLK_XLNX_CLKWZRD) [N/m/y/?] (NEW) 
*
* Clock Source drivers
*
Enable ARM architected timer event stream generation by default (ARM_ARCH_TIMER_EVTSTREAM) [Y/n/?] (NEW) 
Workaround for Freescale/NXP Erratum A-008585 (FSL_ERRATUM_A008585) [Y/n/?] (NEW) 
Workaround for Hisilicon Erratum 161010101 (HISILICON_ERRATUM_161010101) [Y/n/?] (NEW) 
Workaround for Cortex-A73 erratum 858921 (ARM64_ERRATUM_858921) [Y/n/?] (NEW) 
*
* Mailbox Hardware Support
*
Mailbox Hardware Support (MAILBOX) [Y/n/?] y
  ARM MHU Mailbox (ARM_MHU) [N/m/y/?] (NEW) 
  ARM MHUv2 Mailbox (ARM_MHU_V2) [N/m/y/?] (NEW) 
  ARM MHUv3 Mailbox (ARM_MHU_V3) [N/m/y/?] (NEW) 
  Platform MHU Mailbox (PLATFORM_MHU) [N/m/y/?] (NEW) 
  ARM PL320 Mailbox (PL320_MBOX) [N/y/?] (NEW) 
  Platform Communication Channel Driver (PCC) [Y/n/?] y
  Altera Mailbox (ALTERA_MBOX) [N/m/y/?] n
  Mailbox Test Client (MAILBOX_TEST) [N/m/y/?] (NEW) 
*
* Generic IOMMU Pagetable Support
*
ARMv7/v8 Long Descriptor Format (IOMMU_IO_PGTABLE_LPAE) [N/y/?] (NEW) 
ARMv7/v8 Short Descriptor Format (IOMMU_IO_PGTABLE_ARMV7S) [N/y/?] (NEW) 
Apple DART Formats (IOMMU_IO_PGTABLE_DART) [N/y/?] (NEW) 
*
* IOMMU Hardware Support
*
IOMMU Hardware Support (IOMMU_SUPPORT) [Y/n/?] y
  Export IOMMU internals in DebugFS (IOMMU_DEBUGFS) [N/y/?] n
  IOMMU default domain type
    1. Translated - Strict (IOMMU_DEFAULT_DMA_STRICT)
  > 2. Translated - Lazy (IOMMU_DEFAULT_DMA_LAZY)
    3. Passthrough (IOMMU_DEFAULT_PASSTHROUGH)
  choice[1-3?]: 2
  IOMMU Userspace API (IOMMUFD) [N/m/y/?] n
  ARM Ltd. System MMU (SMMU) Support (ARM_SMMU) [N/m/y/?] (NEW) 
  ARM Ltd. System MMU Version 3 (SMMUv3) Support (ARM_SMMU_V3) [N/m/y/?] (NEW) 
  Virtio IOMMU driver (VIRTIO_IOMMU) [N/m/?] n
*
* NXP/Freescale QorIQ SoC drivers
*
QUICC Engine (QE) framework support (QUICC_ENGINE) [N/y/?] (NEW) 
Freescale RCPM support (FSL_RCPM) [N/y/?] (NEW) 
*
* fujitsu SoC drivers
*
A64FX diag driver (A64FX_DIAG) [N/y/?] (NEW) 
*
* Enable LiteX SoC Builder specific drivers
*
Enable LiteX SoC Controller driver (LITEX_SOC_CONTROLLER) [N/m/y/?] (NEW) 
*
* Memory Controller drivers
*
Memory Controller drivers (MEMORY) [Y/n/?] y
  ARM PL172 MPMC driver (ARM_PL172_MPMC) [N/m/y/?] (NEW) 
*
* Pulse-Width Modulation (PWM) Support
*
Pulse-Width Modulation (PWM) Support (PWM) [Y/n/?] y
  PWM lowlevel drivers additional checks and debug messages (PWM_DEBUG) [N/y/?] n
  Atmel TC Block PWM support (PWM_ATMEL_TCB) [N/m/y/?] (NEW) 
  Clock based PWM support (PWM_CLK) [N/m/y/?] n
  DesignWare PWM Controller (PCI bus) (PWM_DWC) [N/m/y/?] n
  Freescale FlexTimer Module (FTM) PWM support (PWM_FSL_FTM) [N/m/y/?] (NEW) 
  GPIO PWM support (PWM_GPIO) [N/m/y/?] (NEW) 
  NXP PCA9685 PWM driver (PWM_PCA9685) [N/m/y/?] n
  Xilinx AXI Timer PWM support (PWM_XILINX) [N/m/y/?] (NEW) 
*
* IRQ chip support
*
Amazon's Annapurna Labs Fabric Interrupt Controller (AL_FIC) [N/y/?] (NEW) 
Microchip LAN966x OIC Support (LAN966X_OIC) [N/m/y/?] (NEW) 
Xilinx Interrupt Controller IP (XILINX_INTC) [N/y/?] (NEW) 
*
* PHY Subsystem
*
PHY Core (GENERIC_PHY) [Y/n/?] y
CAN transceiver PHY (PHY_CAN_TRANSCEIVER) [N/m/y/?] n
Cadence Torrent PHY driver (PHY_CADENCE_TORRENT) [N/m/y/?] (NEW) 
Cadence D-PHY Support (PHY_CADENCE_DPHY) [N/m/y/?] (NEW) 
Cadence D-PHY Rx Support (PHY_CADENCE_DPHY_RX) [N/m/y/?] (NEW) 
Cadence Salvo PHY Driver (PHY_CADENCE_SALVO) [N/m/y/?] (NEW) 
Marvell USB HSIC 28nm PHY Driver (PHY_PXA_28NM_HSIC) [N/m/y/?] n
Marvell USB 2.0 28nm PHY Driver (PHY_PXA_28NM_USB2) [N/m/y/?] n
Motorola Mapphone MDM6600 modem USB PHY driver (PHY_MAPPHONE_MDM6600) [N/m/y/?] (NEW) 
*
* Generic powercap sysfs driver
*
Generic powercap sysfs driver (POWERCAP) [Y/n/?] y
  Idle injection framework (IDLE_INJECT) [N/y/?] n
  Power capping for Dynamic Thermal Power Management (EXPERIMENTAL) (DTPM) [N/y/?] (NEW) 
*
* Performance monitor support
*
ARM CCI PMU driver (ARM_CCI_PMU) [N/m/y/?] (NEW) 
ARM CCN driver support (ARM_CCN) [N/m/y/?] (NEW) 
Arm CMN-600 PMU support (ARM_CMN) [N/m/y/?] (NEW) 
ARM PMU framework (ARM_PMU) [Y/n/?] (NEW) 
ARM SMMUv3 Performance Monitors Extension (ARM_SMMU_V3_PMU) [N/m/y/?] (NEW) 
ARM DynamIQ Shared Unit (DSU) PMU (ARM_DSU_PMU) [N/m/y/?] (NEW) 
Enable support for the ARMv8.2 Statistical Profiling Extension (ARM_SPE_PMU) [N/m/y/?] (NEW) 
Enable PMU support for the ARM DMC-620 memory controller (ARM_DMC620_PMU) [N/m/y/?] (NEW) 
Alibaba T-Head Yitian 710 DDR Sub-system Driveway PMU driver (ALIBABA_UNCORE_DRW_PMU) [N/m/y/?] (NEW) 
HiSilicon SoC PMU drivers (HISI_PMU) [N/m/y/?] (NEW) 
HiSilicon PCIE PERF PMU (HISI_PCIE_PMU) [N/m/y/?] (NEW) 
HNS3 PERF PMU (HNS3_PMU) [N/m/y/?] (NEW) 
Synopsys DesignWare PCIe PMU (DWC_PCIE_PMU) [N/m/y/?] n
ARM Coresight Architecture PMU (ARM_CORESIGHT_PMU_ARCH_SYSTEM_PMU) [N/m/y/?] (NEW) 
CXL Performance Monitoring Unit (CXL_PMU) [M/n/?] m
*
* NVDIMM (Non-Volatile Memory Device) Support
*
NVDIMM (Non-Volatile Memory Device) Support (LIBNVDIMM) [M/n/y/?] m
  PMEM: Persistent memory block device support (BLK_DEV_PMEM) [N/m/?] n
  BTT: Block Translation Table (atomic sector updates) (BTT) [Y/n/?] y
  PFN: Map persistent (device) memory (NVDIMM_PFN) [Y/n/?] y
    NVDIMM DAX: Raw access to persistent memory (NVDIMM_DAX) [Y/n/?] y
  Device-tree support for persistent memory regions (OF_PMEM) [M/n/?] (NEW) 
  Enable NVDIMM security unit tests (NVDIMM_SECURITY_TEST) [N/y/?] n
*
* Layout Types
*
Kontron sl28 VPD layout support (NVMEM_LAYOUT_SL28_VPD) [N/m/y/?] (NEW) 
ONIE tlv support (NVMEM_LAYOUT_ONIE_TLV) [N/m/y/?] (NEW) 
*
* HW tracing support
*
System Trace Module devices (STM) [N/m/y/?] n
Intel(R) Trace Hub controller (INTEL_TH) [N/m/y/?] n
HiSilicon PCIe Tune and Trace Device (HISI_PTT) [N/m/y/?] (NEW) 
*
* FSI support
*
FSI support (FSI) [N/m/y/?] (NEW) 
*
* Device Drivers
*
CDX Bus driver (CDX_BUS) [N/y/?] (NEW) 
*
* File systems
*
Validate filesystem parameter description (VALIDATE_FS_PARSER) [N/y/?] n
Second extended fs support (DEPRECATED) (EXT2_FS) [M/n/y/?] m
  Ext2 extended attributes (EXT2_FS_XATTR) [N/y/?] n
The Extended 3 (ext3) filesystem (EXT3_FS) [M/n/y/?] m
  Ext3 POSIX Access Control Lists (EXT3_FS_POSIX_ACL) [N/y/?] n
  Ext3 Security Labels (EXT3_FS_SECURITY) [N/y/?] n
The Extended 4 (ext4) filesystem (EXT4_FS) [M/y/?] m
  Ext4 POSIX Access Control Lists (EXT4_FS_POSIX_ACL) [Y/n/?] y
  Ext4 Security Labels (EXT4_FS_SECURITY) [Y/n/?] y
  Ext4 debugging support (EXT4_DEBUG) [N/y/?] n
JBD2 (ext4) debugging support (JBD2_DEBUG) [N/y/?] n
Reiserfs support (deprecated) (REISERFS_FS) [N/m/y/?] n
JFS filesystem support (JFS_FS) [N/m/y/?] n
XFS filesystem support (XFS_FS) [M/y/?] m
  Support deprecated V4 (crc=0) format (XFS_SUPPORT_V4) [Y/n/?] y
  Support deprecated case-insensitive ascii (ascii-ci=1) format (XFS_SUPPORT_ASCII_CI) [N/y/?] n
  XFS Quota support (XFS_QUOTA) [Y/n/?] y
  XFS POSIX ACL support (XFS_POSIX_ACL) [Y/n/?] y
  XFS Realtime subvolume support (XFS_RT) [Y/n/?] y
XFS online metadata check support (XFS_ONLINE_SCRUB) [Y/n/?] y
  XFS online metadata check usage data collection (XFS_ONLINE_SCRUB_STATS) [Y/n/?] y
  XFS online metadata repair support (XFS_ONLINE_REPAIR) [Y/n/?] y
XFS Debugging support (XFS_DEBUG) [Y/n/?] y
  XFS expensive debugging checks (XFS_DEBUG_EXPENSIVE) [N/y/?] (NEW) 
  XFS fatal asserts (XFS_ASSERT_FATAL) [Y/n/?] y
GFS2 file system support (GFS2_FS) [N/m/y/?] n
OCFS2 file system support (OCFS2_FS) [N/m/y/?] n
Btrfs filesystem support (BTRFS_FS) [M/y/?] m
  Btrfs POSIX Access Control Lists (BTRFS_FS_POSIX_ACL) [N/y/?] n
  Btrfs will run sanity tests upon loading (BTRFS_FS_RUN_SANITY_TESTS) [N/y/?] n
  Btrfs debugging support (BTRFS_DEBUG) [N/y/?] n
  Btrfs assert support (BTRFS_ASSERT) [N/y/?] n
  Btrfs with the ref verify tool compiled in (BTRFS_FS_REF_VERIFY) [N/y/?] n
NILFS2 file system support (NILFS2_FS) [N/m/y/?] n
F2FS filesystem support (F2FS_FS) [M/n/y/?] m
  F2FS Status Information (F2FS_STAT_FS) [Y/n/?] y
  F2FS extended attributes (F2FS_FS_XATTR) [Y/?] y
    F2FS Access Control Lists (F2FS_FS_POSIX_ACL) [Y/n/?] y
    F2FS Security Labels (F2FS_FS_SECURITY) [N/y/?] n
  F2FS consistency checking feature (F2FS_CHECK_FS) [N/y/?] n
  F2FS fault injection facility (F2FS_FAULT_INJECTION) [Y/n/?] y
  F2FS compression feature (F2FS_FS_COMPRESSION) [N/y/?] n
  F2FS IO statistics information (F2FS_IOSTAT) [Y/n/?] y
  F2FS unfair rw_semaphore (F2FS_UNFAIR_RWSEM) [Y/n/?] y
bcachefs filesystem support (EXPERIMENTAL) (BCACHEFS_FS) [N/m/y/?] n
zonefs filesystem support (ZONEFS_FS) [M/n/y/?] m
File system based Direct Access (DAX) support (FS_DAX) [Y/n/?] y
Enable filesystem export operations for block IO (EXPORTFS_BLOCK_OPS) [Y/?] y
Enable POSIX file locking API (FILE_LOCKING) [Y/n/?] y
FS Encryption (Per-file encryption) (FS_ENCRYPTION) [Y/n/?] y
FS Verity (read-only file-based authenticity protection) (FS_VERITY) [N/y/?] n
Dnotify support (DNOTIFY) [Y/n/?] y
Inotify support for userspace (INOTIFY_USER) [Y/n/?] y
Filesystem wide access notification (FANOTIFY) [Y/n/?] y
  fanotify permissions checking (FANOTIFY_ACCESS_PERMISSIONS) [Y/n/?] y
Quota support (QUOTA) [Y/n/?] y
Report quota messages through netlink interface (QUOTA_NETLINK_INTERFACE) [Y/n/?] y
Additional quota sanity checks (QUOTA_DEBUG) [N/y/?] n
Old quota format support (QFMT_V1) [N/m/y/?] n
Quota format vfsv0 and vfsv1 support (QFMT_V2) [N/m/y/?] n
Kernel automounter support (supports v3, v4 and v5) (AUTOFS_FS) [M/n/y/?] m
FUSE (Filesystem in Userspace) support (FUSE_FS) [N/m/y/?] n
Overlay filesystem support (OVERLAY_FS) [N/m/y/?] n
UTF-8 normalization and casefolding support (UNICODE) [N/m/y/?] n
*
* AEAD (authenticated encryption with associated data) ciphers
*
AEGIS-128 (CRYPTO_AEGIS128) [M/n/y/?] m
  AEGIS-128 (arm NEON, arm64 NEON) (CRYPTO_AEGIS128_SIMD) [Y/n/?] (NEW) 
ChaCha20-Poly1305 (CRYPTO_CHACHA20POLY1305) [M/n/y/?] m
CCM (Counter with Cipher Block Chaining-MAC) (CRYPTO_CCM) [M/n/y/?] m
GCM (Galois/Counter Mode) and GMAC (GCM MAC) (CRYPTO_GCM) [M/n/y/?] m
Sequence Number IV Generator (CRYPTO_SEQIV) [M/n/y/?] m
Encrypted Chain IV Generator (CRYPTO_ECHAINIV) [N/m/y/?] n
Encrypted Salt-Sector IV Generator (CRYPTO_ESSIV) [M/y/?] m
*
* Accelerated Cryptographic Algorithms for CPU (arm64)
*
Hash functions: GHASH (ARMv8 Crypto Extensions) (CRYPTO_GHASH_ARM64_CE) [N/m/y/?] (NEW) 
Hash functions: NHPoly1305 (NEON) (CRYPTO_NHPOLY1305_NEON) [N/m/y/?] (NEW) 
Hash functions: Poly1305 (NEON) (CRYPTO_POLY1305_NEON) [M/y/?] (NEW) 
Hash functions: SHA-1 (ARMv8 Crypto Extensions) (CRYPTO_SHA1_ARM64_CE) [N/m/y/?] (NEW) 
Hash functions: SHA-224 and SHA-256 (CRYPTO_SHA256_ARM64) [N/m/y/?] (NEW) 
Hash functions: SHA-224 and SHA-256 (ARMv8 Crypto Extensions) (CRYPTO_SHA2_ARM64_CE) [N/m/y/?] (NEW) 
Hash functions: SHA-384 and SHA-512 (CRYPTO_SHA512_ARM64) [N/m/y/?] (NEW) 
Hash functions: SHA-384 and SHA-512 (ARMv8 Crypto Extensions) (CRYPTO_SHA512_ARM64_CE) [N/m/y/?] (NEW) 
Hash functions: SHA-3 (ARMv8.2 Crypto Extensions) (CRYPTO_SHA3_ARM64) [N/m/y/?] (NEW) 
Hash functions: SM3 (NEON) (CRYPTO_SM3_NEON) [N/m/y/?] (NEW) 
Hash functions: SM3 (ARMv8.2 Crypto Extensions) (CRYPTO_SM3_ARM64_CE) [N/m/y/?] (NEW) 
Hash functions: POLYVAL (ARMv8 Crypto Extensions) (CRYPTO_POLYVAL_ARM64_CE) [N/m/y/?] (NEW) 
Ciphers: AES, modes: ECB, CBC, CTR, CTS, XCTR, XTS (CRYPTO_AES_ARM64) [N/m/y/?] (NEW) 
Ciphers: AES (ARMv8 Crypto Extensions) (CRYPTO_AES_ARM64_CE) [N/m/y/?] (NEW) 
Ciphers: AES, modes: ECB/CBC/CTR/XTS (ARMv8 Crypto Extensions) (CRYPTO_AES_ARM64_CE_BLK) [N/m/y/?] (NEW) 
Ciphers: AES, modes: ECB/CBC/CTR/XTS (NEON) (CRYPTO_AES_ARM64_NEON_BLK) [N/m/y/?] (NEW) 
Ciphers: ChaCha (NEON) (CRYPTO_CHACHA20_NEON) [M/y/?] (NEW) 
Ciphers: AES, modes: ECB/CBC/CTR/XCTR/XTS modes (bit-sliced NEON) (CRYPTO_AES_ARM64_BS) [N/m/y/?] (NEW) 
Ciphers: SM4 (ARMv8.2 Crypto Extensions) (CRYPTO_SM4_ARM64_CE) [N/m/y/?] (NEW) 
Ciphers: SM4, modes: ECB/CBC/CTR/XTS (ARMv8 Crypto Extensions) (CRYPTO_SM4_ARM64_CE_BLK) [N/m/y/?] (NEW) 
Ciphers: SM4, modes: ECB/CBC/CTR (NEON) (CRYPTO_SM4_ARM64_NEON_BLK) [N/m/y/?] (NEW) 
AEAD cipher: AES in CCM mode (ARMv8 Crypto Extensions) (CRYPTO_AES_ARM64_CE_CCM) [N/m/y/?] (NEW) 
AEAD cipher: SM4 in CCM mode (ARMv8 Crypto Extensions) (CRYPTO_SM4_ARM64_CE_CCM) [N/m/y/?] (NEW) 
AEAD cipher: SM4 in GCM mode (ARMv8 Crypto Extensions) (CRYPTO_SM4_ARM64_CE_GCM) [N/m/y/?] (NEW) 
CRCT10DIF (PMULL) (CRYPTO_CRCT10DIF_ARM64_CE) [N/m/y/?] (NEW) 
*
* Hardware crypto devices
*
Hardware crypto devices (CRYPTO_HW) [Y/n/?] y
  Support for Microchip / Atmel ECC hw accelerator (CRYPTO_DEV_ATMEL_ECC) [N/m/y/?] n
  Support for Microchip / Atmel SHA accelerator and RNG (CRYPTO_DEV_ATMEL_SHA204A) [N/m/y/?] n
  Support for AMD Secure Processor (CRYPTO_DEV_CCP) [Y/n/?] y
    Secure Processor device driver (CRYPTO_DEV_CCP_DD) [N/m/y/?] n
  Support for Cavium CNN55XX driver (CRYPTO_DEV_NITROX_CNN55XX) [N/m/y/?] n
  Support for Intel(R) DH895xCC (CRYPTO_DEV_QAT_DH895xCC) [N/m/y/?] n
  Support for Intel(R) C3XXX (CRYPTO_DEV_QAT_C3XXX) [N/m/y/?] n
  Support for Intel(R) C62X (CRYPTO_DEV_QAT_C62X) [N/m/y/?] n
  Support for Intel(R) QAT_4XXX (CRYPTO_DEV_QAT_4XXX) [N/m/y/?] n
  Support for Intel(R) QAT_420XX (CRYPTO_DEV_QAT_420XX) [N/m/y/?] n
  Support for Intel(R) DH895xCC Virtual Function (CRYPTO_DEV_QAT_DH895xCCVF) [N/m/y/?] n
  Support for Intel(R) C3XXX Virtual Function (CRYPTO_DEV_QAT_C3XXXVF) [N/m/y/?] n
  Support for Intel(R) C62X Virtual Function (CRYPTO_DEV_QAT_C62XVF) [N/m/y/?] n
  Cavium ZIP driver (CRYPTO_DEV_CAVIUM_ZIP) [N/m/y/?] (NEW) 
  VirtIO crypto driver (CRYPTO_DEV_VIRTIO) [N/m/?] n
  Inside Secure's SafeXcel cryptographic engine driver (CRYPTO_DEV_SAFEXCEL) [N/m/y/?] n
  Support for ARM TrustZone CryptoCell family of security processors (CRYPTO_DEV_CCREE) [N/m/y/?] (NEW) 
  Support for Hisilicon SEC crypto block cipher accelerator (CRYPTO_DEV_HISI_SEC) [N/m/y/?] (NEW) 
  Support for HiSilicon SEC2 crypto block cipher accelerator (CRYPTO_DEV_HISI_SEC2) [N/m/y/?] (NEW) 
  Support for HiSilicon ZIP accelerator (CRYPTO_DEV_HISI_ZIP) [N/m/y/?] (NEW) 
  Support for HISI HPRE accelerator (CRYPTO_DEV_HISI_HPRE) [N/m/y/?] (NEW) 
  Support for HISI TRNG Driver (CRYPTO_DEV_HISI_TRNG) [N/m/y/?] (NEW) 
  Support for amlogic cryptographic offloader (CRYPTO_DEV_AMLOGIC_GXL) [N/m/y/?] n
*
* Library routines
*
Automatically choose fastest RAID6 PQ functions (RAID6_PQ_BENCHMARK) [Y/n/?] y
Generic bitfield packing and unpacking (PACKING) [N/y/?] n
CORDIC algorithm (CORDIC) [N/m/y/?] n
Simple prime number generator for testing (PRIME_NUMBERS) [N/m/y/?] n
Access I/O in non-MMIO mode (INDIRECT_PIO) [N/y/?] (NEW) 
Register read/write tracing (TRACE_MMIO_ACCESS) [N/y/?] (NEW) 
CRC-CCITT functions (CRC_CCITT) [N/m/y/?] n
CRC16 functions (CRC16) [M/y/?] m
CRC calculation for the T10 Data Integrity Field (CRC_T10DIF) [Y/?] y
CRC calculation for the Rocksoft model CRC64 (CRC64_ROCKSOFT) [Y/?] y
CRC ITU-T V.41 functions (CRC_ITU_T) [M/y/?] m
CRC32/CRC32c functions (CRC32) [Y/?] y
  CRC32 perform self test on init (CRC32_SELFTEST) [N/m/y/?] n
  CRC32 implementation
  > 1. Slice by 8 bytes (CRC32_SLICEBY8)
    2. Slice by 4 bytes (CRC32_SLICEBY4)
    3. Sarwate's Algorithm (one byte at a time) (CRC32_SARWATE)
    4. Classic Algorithm (one bit at a time) (CRC32_BIT)
  choice[1-4?]: 1
CRC64 functions (CRC64) [Y/?] y
CRC4 functions (CRC4) [M/n/y/?] m
CRC7 functions (CRC7) [M/n/y/?] m
CRC32c (Castagnoli, et al) Cyclic Redundancy-Check (LIBCRC32C) [M/y/?] m
CRC8 function (CRC8) [M/n/y/?] m
PRNG perform self test on init (RANDOM32_SELFTEST) [N/y/?] n
XZ decompression support (XZ_DEC) [Y/?] y
  x86 BCJ filter decoder (XZ_DEC_X86) [Y/n/?] y
  PowerPC BCJ filter decoder (XZ_DEC_POWERPC) [N/y/?] n
  ARM BCJ filter decoder (XZ_DEC_ARM) [N/y/?] n
  ARM-Thumb BCJ filter decoder (XZ_DEC_ARMTHUMB) [N/y/?] n
  SPARC BCJ filter decoder (XZ_DEC_SPARC) [N/y/?] n
  MicroLZMA decoder (XZ_DEC_MICROLZMA) [N/y/?] n
XZ decompressor tester (XZ_DEC_TEST) [N/m/y/?] n
Dynamic allocation of DMA bounce buffers (SWIOTLB_DYNAMIC) [N/y/?] n
DMA Restricted Pool (DMA_RESTRICTED_POOL) [N/y/?] (NEW) 
DMA Contiguous Memory Allocator (DMA_CMA) [N/y/?] n
Enable debugging of DMA-API usage (DMA_API_DEBUG) [N/y/?] n
Enable benchmarking of streaming DMA mapping (DMA_MAP_BENCHMARK) [N/y/?] n
glob self-test on init (GLOB_SELFTEST) [N/m/y/?] n
IRQ polling library (IRQ_POLL) [Y/?] y
Select compiled-in fonts (FONTS) [N/y/?] n
Maximum number of frames in trace saved in stack depot (STACKDEPOT_MAX_FRAMES) [64] 64
Boot-time test for lwq queuing (LWQ_TEST) [N/y/?] n
*
* Tracers
*
Tracers (FTRACE) [Y/n/?] y
  Boot-time Tracing support (BOOTTIME_TRACING) [Y/n/?] y
  Kernel Function Tracer (FUNCTION_TRACER) [Y/?] y
    Kernel Function Graph Tracer (FUNCTION_GRAPH_TRACER) [Y/n/?] y
      Kernel Function Graph Return Value (FUNCTION_GRAPH_RETVAL) [N/y/?] n
    enable/disable function tracing dynamically (DYNAMIC_FTRACE) [Y/?] y
  Kernel function profiler (FUNCTION_PROFILER) [N/y/?] n
  Trace max stack (STACK_TRACER) [Y/n/?] y
  Interrupts-off Latency Tracer (IRQSOFF_TRACER) [N/y/?] n
  Preemption-off Latency Tracer (PREEMPT_TRACER) [N/y/?] n
  Scheduling Latency Tracer (SCHED_TRACER) [N/y/?] n
  Tracer to detect hardware latencies (like SMIs) (HWLAT_TRACER) [N/y/?] n
  OS Noise tracer (OSNOISE_TRACER) [N/y/?] n
  Timerlat tracer (TIMERLAT_TRACER) [N/y/?] n
  Trace syscalls (FTRACE_SYSCALLS) [Y/n/?] y
  Create a snapshot trace buffer (TRACER_SNAPSHOT) [Y/n/?] y
    Allow snapshot to swap per CPU (TRACER_SNAPSHOT_PER_CPU_SWAP) [N/y/?] n
  Branch Profiling
  > 1. No branch profiling (BRANCH_PROFILE_NONE)
    2. Trace likely/unlikely profiler (PROFILE_ANNOTATED_BRANCHES)
  choice[1-2?]: 1
  Support for tracing block IO actions (BLK_DEV_IO_TRACE) [Y/n/?] y
  Enable kprobes-based dynamic events (KPROBE_EVENTS) [Y/n/?] y
    Do NOT protect notrace function from kprobe events (KPROBE_EVENTS_ON_NOTRACE) [N/y/?] n
  Enable uprobes-based dynamic events (UPROBE_EVENTS) [Y/n/?] y
  Enable BPF programs to override a kprobed function (BPF_KPROBE_OVERRIDE) [N/y/?] n
  Synthetic trace events (SYNTH_EVENTS) [N/y/?] n
  User trace events (USER_EVENTS) [Y/n/?] y
  Histogram triggers (HIST_TRIGGERS) [N/y/?] n
  Trace event injection (TRACE_EVENT_INJECT) [N/y/?] n
  Add tracepoint that benchmarks tracepoints (TRACEPOINT_BENCHMARK) [N/y/?] n
  Ring buffer benchmark stress tester (RING_BUFFER_BENCHMARK) [N/m/y/?] n
  Show eval mappings for trace events (TRACE_EVAL_MAP_FILE) [N/y/?] n
  Record functions that recurse in function tracing (FTRACE_RECORD_RECURSION) [N/y/?] n
  Validate RCU is on during ftrace execution (FTRACE_VALIDATE_RCU_IS_WATCHING) [N/y/?] (NEW) 
  Perform a startup test on ftrace (FTRACE_STARTUP_TEST) [N/y/?] n
  Ring buffer startup self test (RING_BUFFER_STARTUP_TEST) [N/y/?] n
  Verify ring buffer time stamp deltas (RING_BUFFER_VALIDATE_TIME_DELTAS) [N/y/?] n
  Test module to create a preempt / IRQ disable delay thread to test latency tracers (PREEMPTIRQ_DELAY_TEST) [N/m/?] n
  Test module for in-kernel kprobe event generation (KPROBE_EVENT_GEN_TEST) [N/m/?] n
*
* arm64 Debugging
*
Write the current PID to the CONTEXTIDR register (PID_IN_CONTEXTIDR) [N/y/?] (NEW) 
UEFI debugging (DEBUG_EFI) [N/y/?] (NEW) 
Relocation testing module (ARM64_RELOC_TEST) [N/m/?] (NEW) 
*
* CoreSight Tracing Support
*
CoreSight Tracing Support (CORESIGHT) [N/m/y/?] (NEW) 
#
# configuration written to .config
#
TASK:  [kci-18051236464-20-xfs-reflink-4k,kci-18051236464-20-xfs-reflink-4k-dev]
$ nproc --all
128
TASK:  [kci-18051236464-20-xfs-reflink-4k,kci-18051236464-20-xfs-reflink-4k-dev]
=== KERNEL BUILD COMMAND DEBUG (9P BUILD) ===
build_jobs: 128
bootlinux_make_params: {'CC': 'ccache gcc', 'KBUILD_BUILD_TIMESTAMP': '', 'KBUILD_BUILD_USER': 'kdevops', 'KBUILD_BUILD_HOST': 'kdevops'}
bootlinux_build_environment: {'CC': 'ccache gcc', 'KBUILD_BUILD_TIMESTAMP': '', 'KBUILD_BUILD_USER': 'kdevops', 'KBUILD_BUILD_HOST': 'kdevops'}
bootlinux_ccache: True
bootlinux_compiler_clang: False
bootlinux_reproducible_builds: True
bootlinux_ccache_kdevops_managed: False
TASK: Test CC environment variable is working before build [kci-18051236464-20-xfs-reflink-4k,kci-18051236464-20-xfs-reflink-4k-dev]
CC Environment Test Results:
CC environment test:
CC=ccache gcc
PATH=/home/dagomez/.cargo/bin:/home/dagomez/.local/bin:/home/dagomez/bin:/usr/local/bin:/usr/bin:/usr/local/sbin:/usr/sbin
/usr/bin/gcc
/usr/bin/ccache
CC=ccache gcc
PATH=/home/dagomez/.cargo/bin:/home/dagomez/.local/bin:/home/dagomez/bin:/usr/local/bin:/usr/bin:/usr/local/sbin:/usr/sbin
TASK: Get kernelversion [kci-18051236464-20-xfs-reflink-4k,kci-18051236464-20-xfs-reflink-4k-dev]
⠀⠀⊘ [kci-18051236464-20-xfs-reflink-4k]
TASK:  [kci-18051236464-20-xfs-reflink-4k,kci-18051236464-20-xfs-reflink-4k-dev]
⠀⠀⊘ [host]
TASK:  [kci-18051236464-20-xfs-reflink-4k,kci-18051236464-20-xfs-reflink-4k-dev]
⠀⠀⊘ [host]
TASK:  [kci-18051236464-20-xfs-reflink-4k,kci-18051236464-20-xfs-reflink-4k-dev]
⠀⠀✓ [kci-18051236464-20-xfs-reflink-4k]
TASK:  [kci-18051236464-20-xfs-reflink-4k,kci-18051236464-20-xfs-reflink-4k-dev]
⠀⠀⊘ [kci-18051236464-20-xfs-reflink-4k]
TASK: See if snake-oil cert file is present on host [kci-18051236464-20-xfs-reflink-4k,kci-18051236464-20-xfs-reflink-4k-dev]
⠀⠀✓ [kci-18051236464-20-xfs-reflink-4k]
TASK: Ensure we allow world to read the snake oil in case of NFS or 9p read only usage [kci-18051236464-20-xfs-reflink-4k,kci-18051236464-20-xfs-reflink-4k-dev]
⠀⠀⊘ [kci-18051236464-20-xfs-reflink-4k]
TASK: Build the Linux kernel on the target nodes [kci-18051236464-20-xfs-reflink-4k,kci-18051236464-20-xfs-reflink-4k-dev]
⠀⠀⊘ [kci-18051236464-20-xfs-reflink-4k]
⠀⠀⊘ [kci-18051236464-20-xfs-reflink-4k-dev]
TASK: Build kernel on the builder node [kci-18051236464-20-xfs-reflink-4k,kci-18051236464-20-xfs-reflink-4k-dev]
⠀⠀⊘ [kci-18051236464-20-xfs-reflink-4k]
⠀⠀⊘ [kci-18051236464-20-xfs-reflink-4k-dev]
TASK: Run uname before [kci-18051236464-20-xfs-reflink-4k,kci-18051236464-20-xfs-reflink-4k-dev]
$ uname -r
6.11.8-300.fc41.aarch64
$ uname -r
6.11.8-300.fc41.aarch64
TASK:  [kci-18051236464-20-xfs-reflink-4k,kci-18051236464-20-xfs-reflink-4k-dev]
⠀⠀✓ [kci-18051236464-20-xfs-reflink-4k]
⠀⠀✓ [kci-18051236464-20-xfs-reflink-4k-dev]
TASK:  [kci-18051236464-20-xfs-reflink-4k,kci-18051236464-20-xfs-reflink-4k-dev]
⠀⠀⊘ [kci-18051236464-20-xfs-reflink-4k]
⠀⠀⊘ [kci-18051236464-20-xfs-reflink-4k-dev]
TASK:  [kci-18051236464-20-xfs-reflink-4k,kci-18051236464-20-xfs-reflink-4k-dev]
⠀⠀⊘ [host]
⠀⠀⊘ [host]
TASK:  [kci-18051236464-20-xfs-reflink-4k,kci-18051236464-20-xfs-reflink-4k-dev]
⠀⠀⊘ [host]
⠀⠀⊘ [host]
TASK: Ensure we can get the GRUB prompt on reboot [kci-18051236464-20-xfs-reflink-4k,kci-18051236464-20-xfs-reflink-4k-dev]
⠀⠀✓ [kci-18051236464-20-xfs-reflink-4k-dev]
⠀⠀✓ [kci-18051236464-20-xfs-reflink-4k]
TASK: Run update-grub [kci-18051236464-20-xfs-reflink-4k,kci-18051236464-20-xfs-reflink-4k-dev]
⠀⠀⊘ [kci-18051236464-20-xfs-reflink-4k]
⠀⠀⊘ [kci-18051236464-20-xfs-reflink-4k-dev]
TASK: Run update-grub [kci-18051236464-20-xfs-reflink-4k,kci-18051236464-20-xfs-reflink-4k-dev]
⠀⠀⊘ [kci-18051236464-20-xfs-reflink-4k]
⠀⠀⊘ [kci-18051236464-20-xfs-reflink-4k-dev]
TASK: Disable Grub menu auto-hide [kci-18051236464-20-xfs-reflink-4k,kci-18051236464-20-xfs-reflink-4k-dev]
⠀⠀✓ [kci-18051236464-20-xfs-reflink-4k]
⠀⠀✓ [kci-18051236464-20-xfs-reflink-4k-dev]
TASK: Determine if system was booted using UEFI [kci-18051236464-20-xfs-reflink-4k,kci-18051236464-20-xfs-reflink-4k-dev]
⠀⠀✓ [kci-18051236464-20-xfs-reflink-4k]
⠀⠀✓ [kci-18051236464-20-xfs-reflink-4k-dev]
TASK: Use /etc/grub2.cfg as the grub configuration file [kci-18051236464-20-xfs-reflink-4k,kci-18051236464-20-xfs-reflink-4k-dev]
⠀⠀⊘ [kci-18051236464-20-xfs-reflink-4k]
⠀⠀⊘ [kci-18051236464-20-xfs-reflink-4k-dev]
TASK: Use /etc/grub2-efi.cfg as the configuration file [kci-18051236464-20-xfs-reflink-4k,kci-18051236464-20-xfs-reflink-4k-dev]
⠀⠀✓ [kci-18051236464-20-xfs-reflink-4k]
⠀⠀✓ [kci-18051236464-20-xfs-reflink-4k-dev]
TASK:  [kci-18051236464-20-xfs-reflink-4k,kci-18051236464-20-xfs-reflink-4k-dev]
⠀⠀✓ [kci-18051236464-20-xfs-reflink-4k]
⠀⠀✓ [kci-18051236464-20-xfs-reflink-4k-dev]
TASK: Ensure we have DEFAULTDEBUG set [kci-18051236464-20-xfs-reflink-4k,kci-18051236464-20-xfs-reflink-4k-dev]
⠀⠀✓ [kci-18051236464-20-xfs-reflink-4k]
⠀⠀✓ [kci-18051236464-20-xfs-reflink-4k-dev]
TASK:  [kci-18051236464-20-xfs-reflink-4k,kci-18051236464-20-xfs-reflink-4k-dev]
⠀⠀⊘ [kci-18051236464-20-xfs-reflink-4k]
⠀⠀⊘ [kci-18051236464-20-xfs-reflink-4k-dev]
TASK:  [kci-18051236464-20-xfs-reflink-4k,kci-18051236464-20-xfs-reflink-4k-dev]
⠀⠀⊘ [host]
⠀⠀⊘ [host]
TASK:  [kci-18051236464-20-xfs-reflink-4k,kci-18051236464-20-xfs-reflink-4k-dev]
⠀⠀⊘ [host]
⠀⠀⊘ [host]
TASK:  [kci-18051236464-20-xfs-reflink-4k,kci-18051236464-20-xfs-reflink-4k-dev]
⠀⠀⊘ [host]
⠀⠀⊘ [host]
TASK:  [kci-18051236464-20-xfs-reflink-4k,kci-18051236464-20-xfs-reflink-4k-dev]
$ m a k e   - j 8   m o d u l e s _ i n s t a l l   i n s t a l l
  SYMLINK /lib/modules/6.11.0-rc1+/build
  INSTALL /lib/modules/6.11.0-rc1+/modules.order
  INSTALL /lib/modules/6.11.0-rc1+/modules.builtin
  INSTALL /lib/modules/6.11.0-rc1+/modules.builtin.modinfo
  INSTALL /lib/modules/6.11.0-rc1+/kernel/arch/arm64/crypto/chacha-neon.ko
  INSTALL /lib/modules/6.11.0-rc1+/kernel/arch/arm64/crypto/poly1305-neon.ko
  INSTALL /lib/modules/6.11.0-rc1+/kernel/mm/zsmalloc.ko
  INSTALL /lib/modules/6.11.0-rc1+/kernel/fs/nfs_common/nfs_acl.ko
  INSTALL /lib/modules/6.11.0-rc1+/kernel/fs/nfs_common/grace.ko
  INSTALL /lib/modules/6.11.0-rc1+/kernel/fs/nls/nls_cp437.ko
  INSTALL /lib/modules/6.11.0-rc1+/kernel/fs/nls/nls_cp737.ko
  INSTALL /lib/modules/6.11.0-rc1+/kernel/fs/nls/nls_cp775.ko
  INSTALL /lib/modules/6.11.0-rc1+/kernel/fs/nls/nls_cp850.ko
  INSTALL /lib/modules/6.11.0-rc1+/kernel/fs/nls/nls_cp852.ko
  INSTALL /lib/modules/6.11.0-rc1+/kernel/fs/nls/nls_cp855.ko
  INSTALL /lib/modules/6.11.0-rc1+/kernel/fs/nls/nls_cp857.ko
  INSTALL /lib/modules/6.11.0-rc1+/kernel/fs/nls/nls_cp860.ko
  INSTALL /lib/modules/6.11.0-rc1+/kernel/fs/nls/nls_cp861.ko
  INSTALL /lib/modules/6.11.0-rc1+/kernel/fs/nls/nls_cp862.ko
  INSTALL /lib/modules/6.11.0-rc1+/kernel/fs/nls/nls_cp863.ko
  INSTALL /lib/modules/6.11.0-rc1+/kernel/fs/nls/nls_cp864.ko
  INSTALL /lib/modules/6.11.0-rc1+/kernel/fs/nls/nls_cp865.ko
  INSTALL /lib/modules/6.11.0-rc1+/kernel/fs/nls/nls_cp866.ko
  INSTALL /lib/modules/6.11.0-rc1+/kernel/fs/nls/nls_cp869.ko
  INSTALL /lib/modules/6.11.0-rc1+/kernel/fs/nls/nls_cp874.ko
  INSTALL /lib/modules/6.11.0-rc1+/kernel/fs/nls/nls_cp932.ko
  INSTALL /lib/modules/6.11.0-rc1+/kernel/fs/nls/nls_euc-jp.ko
  INSTALL /lib/modules/6.11.0-rc1+/kernel/fs/nls/nls_cp936.ko
  INSTALL /lib/modules/6.11.0-rc1+/kernel/fs/nls/nls_cp949.ko
  INSTALL /lib/modules/6.11.0-rc1+/kernel/fs/nls/nls_cp950.ko
  INSTALL /lib/modules/6.11.0-rc1+/kernel/fs/nls/nls_cp1250.ko
  INSTALL /lib/modules/6.11.0-rc1+/kernel/fs/nls/nls_cp1251.ko
  INSTALL /lib/modules/6.11.0-rc1+/kernel/fs/nls/nls_ascii.ko
  INSTALL /lib/modules/6.11.0-rc1+/kernel/fs/nls/nls_iso8859-1.ko
  INSTALL /lib/modules/6.11.0-rc1+/kernel/fs/nls/nls_iso8859-2.ko
  INSTALL /lib/modules/6.11.0-rc1+/kernel/fs/nls/nls_iso8859-3.ko
  INSTALL /lib/modules/6.11.0-rc1+/kernel/fs/nls/nls_iso8859-4.ko
  INSTALL /lib/modules/6.11.0-rc1+/kernel/fs/nls/nls_iso8859-5.ko
  INSTALL /lib/modules/6.11.0-rc1+/kernel/fs/nls/nls_iso8859-6.ko
  INSTALL /lib/modules/6.11.0-rc1+/kernel/fs/nls/nls_iso8859-7.ko
  INSTALL /lib/modules/6.11.0-rc1+/kernel/fs/nls/nls_cp1255.ko
  INSTALL /lib/modules/6.11.0-rc1+/kernel/fs/nls/nls_iso8859-9.ko
  INSTALL /lib/modules/6.11.0-rc1+/kernel/fs/nls/nls_iso8859-13.ko
  INSTALL /lib/modules/6.11.0-rc1+/kernel/fs/nls/nls_iso8859-14.ko
  INSTALL /lib/modules/6.11.0-rc1+/kernel/fs/nls/nls_iso8859-15.ko
  INSTALL /lib/modules/6.11.0-rc1+/kernel/fs/nls/nls_koi8-r.ko
  INSTALL /lib/modules/6.11.0-rc1+/kernel/fs/nls/nls_koi8-u.ko
  INSTALL /lib/modules/6.11.0-rc1+/kernel/fs/nls/nls_koi8-ru.ko
  INSTALL /lib/modules/6.11.0-rc1+/kernel/fs/nls/nls_utf8.ko
  INSTALL /lib/modules/6.11.0-rc1+/kernel/fs/nls/mac-celtic.ko
  INSTALL /lib/modules/6.11.0-rc1+/kernel/fs/nls/mac-centeuro.ko
  INSTALL /lib/modules/6.11.0-rc1+/kernel/fs/nls/mac-croatian.ko
  INSTALL /lib/modules/6.11.0-rc1+/kernel/fs/nls/mac-cyrillic.ko
  INSTALL /lib/modules/6.11.0-rc1+/kernel/fs/nls/mac-gaelic.ko
  INSTALL /lib/modules/6.11.0-rc1+/kernel/fs/nls/mac-greek.ko
  INSTALL /lib/modules/6.11.0-rc1+/kernel/fs/nls/mac-iceland.ko
  INSTALL /lib/modules/6.11.0-rc1+/kernel/fs/nls/mac-inuit.ko
  INSTALL /lib/modules/6.11.0-rc1+/kernel/fs/nls/mac-romanian.ko
  INSTALL /lib/modules/6.11.0-rc1+/kernel/fs/nls/mac-roman.ko
  INSTALL /lib/modules/6.11.0-rc1+/kernel/fs/nls/mac-turkish.ko
  INSTALL /lib/modules/6.11.0-rc1+/kernel/fs/mbcache.ko
  INSTALL /lib/modules/6.11.0-rc1+/kernel/fs/ext4/ext4.ko
  INSTALL /lib/modules/6.11.0-rc1+/kernel/fs/ext2/ext2.ko
  INSTALL /lib/modules/6.11.0-rc1+/kernel/fs/jbd2/jbd2.ko
  INSTALL /lib/modules/6.11.0-rc1+/kernel/fs/fat/fat.ko
  INSTALL /lib/modules/6.11.0-rc1+/kernel/fs/fat/vfat.ko
  INSTALL /lib/modules/6.11.0-rc1+/kernel/fs/fat/msdos.ko
  INSTALL /lib/modules/6.11.0-rc1+/kernel/fs/exfat/exfat.ko
  INSTALL /lib/modules/6.11.0-rc1+/kernel/fs/isofs/isofs.ko
  INSTALL /lib/modules/6.11.0-rc1+/kernel/fs/nfs/nfs.ko
  INSTALL /lib/modules/6.11.0-rc1+/kernel/fs/nfs/nfsv3.ko
  INSTALL /lib/modules/6.11.0-rc1+/kernel/fs/nfs/nfsv4.ko
  INSTALL /lib/modules/6.11.0-rc1+/kernel/fs/nfs/filelayout/nfs_layout_nfsv41_files.ko
  INSTALL /lib/modules/6.11.0-rc1+/kernel/fs/nfs/blocklayout/blocklayoutdriver.ko
  INSTALL /lib/modules/6.11.0-rc1+/kernel/fs/nfs/flexfilelayout/nfs_layout_flexfiles.ko
  INSTALL /lib/modules/6.11.0-rc1+/kernel/fs/nfsd/nfsd.ko
  INSTALL /lib/modules/6.11.0-rc1+/kernel/fs/lockd/lockd.ko
  INSTALL /lib/modules/6.11.0-rc1+/kernel/fs/autofs/autofs4.ko
  INSTALL /lib/modules/6.11.0-rc1+/kernel/fs/udf/udf.ko
  INSTALL /lib/modules/6.11.0-rc1+/kernel/fs/xfs/xfs.ko
  INSTALL /lib/modules/6.11.0-rc1+/kernel/fs/9p/9p.ko
  INSTALL /lib/modules/6.11.0-rc1+/kernel/fs/btrfs/btrfs.ko
  INSTALL /lib/modules/6.11.0-rc1+/kernel/fs/f2fs/f2fs.ko
  INSTALL /lib/modules/6.11.0-rc1+/kernel/fs/efivarfs/efivarfs.ko
  INSTALL /lib/modules/6.11.0-rc1+/kernel/fs/zonefs/zonefs.ko
  INSTALL /lib/modules/6.11.0-rc1+/kernel/security/keys/encrypted-keys/encrypted-keys.ko
  INSTALL /lib/modules/6.11.0-rc1+/kernel/crypto/geniv.ko
  INSTALL /lib/modules/6.11.0-rc1+/kernel/crypto/seqiv.ko
  INSTALL /lib/modules/6.11.0-rc1+/kernel/crypto/cmac.ko
  INSTALL /lib/modules/6.11.0-rc1+/kernel/crypto/vmac.ko
  INSTALL /lib/modules/6.11.0-rc1+/kernel/crypto/xcbc.ko
  INSTALL /lib/modules/6.11.0-rc1+/kernel/crypto/crypto_null.ko
  INSTALL /lib/modules/6.11.0-rc1+/kernel/crypto/rmd160.ko
  INSTALL /lib/modules/6.11.0-rc1+/kernel/crypto/sha512_generic.ko
  INSTALL /lib/modules/6.11.0-rc1+/kernel/crypto/sha3_generic.ko
  INSTALL /lib/modules/6.11.0-rc1+/kernel/crypto/streebog_generic.ko
  INSTALL /lib/modules/6.11.0-rc1+/kernel/crypto/wp512.ko
  INSTALL /lib/modules/6.11.0-rc1+/kernel/crypto/blake2b_generic.ko
  INSTALL /lib/modules/6.11.0-rc1+/kernel/crypto/cbc.ko
  INSTALL /lib/modules/6.11.0-rc1+/kernel/crypto/pcbc.ko
  INSTALL /lib/modules/6.11.0-rc1+/kernel/crypto/cts.ko
  INSTALL /lib/modules/6.11.0-rc1+/kernel/crypto/lrw.ko
  INSTALL /lib/modules/6.11.0-rc1+/kernel/crypto/xts.ko
  INSTALL /lib/modules/6.11.0-rc1+/kernel/crypto/ctr.ko
  INSTALL /lib/modules/6.11.0-rc1+/kernel/crypto/keywrap.ko
  INSTALL /lib/modules/6.11.0-rc1+/kernel/crypto/adiantum.ko
  INSTALL /lib/modules/6.11.0-rc1+/kernel/crypto/nhpoly1305.ko
  INSTALL /lib/modules/6.11.0-rc1+/kernel/crypto/gcm.ko
  INSTALL /lib/modules/6.11.0-rc1+/kernel/crypto/ccm.ko
  INSTALL /lib/modules/6.11.0-rc1+/kernel/crypto/chacha20poly1305.ko
  INSTALL /lib/modules/6.11.0-rc1+/kernel/crypto/aegis128.ko
  INSTALL /lib/modules/6.11.0-rc1+/kernel/crypto/cryptd.ko
  INSTALL /lib/modules/6.11.0-rc1+/kernel/crypto/des_generic.ko
  INSTALL /lib/modules/6.11.0-rc1+/kernel/crypto/fcrypt.ko
  INSTALL /lib/modules/6.11.0-rc1+/kernel/crypto/blowfish_generic.ko
  INSTALL /lib/modules/6.11.0-rc1+/kernel/crypto/blowfish_common.ko
  INSTALL /lib/modules/6.11.0-rc1+/kernel/crypto/twofish_generic.ko
  INSTALL /lib/modules/6.11.0-rc1+/kernel/crypto/twofish_common.ko
  INSTALL /lib/modules/6.11.0-rc1+/kernel/crypto/serpent_generic.ko
  INSTALL /lib/modules/6.11.0-rc1+/kernel/crypto/aes_ti.ko
  INSTALL /lib/modules/6.11.0-rc1+/kernel/crypto/camellia_generic.ko
  INSTALL /lib/modules/6.11.0-rc1+/kernel/crypto/cast_common.ko
  INSTALL /lib/modules/6.11.0-rc1+/kernel/crypto/cast5_generic.ko
  INSTALL /lib/modules/6.11.0-rc1+/kernel/crypto/cast6_generic.ko
  INSTALL /lib/modules/6.11.0-rc1+/kernel/crypto/arc4.ko
  INSTALL /lib/modules/6.11.0-rc1+/kernel/crypto/tea.ko
  INSTALL /lib/modules/6.11.0-rc1+/kernel/crypto/khazad.ko
  INSTALL /lib/modules/6.11.0-rc1+/kernel/crypto/anubis.ko
  INSTALL /lib/modules/6.11.0-rc1+/kernel/crypto/seed.ko
  INSTALL /lib/modules/6.11.0-rc1+/kernel/crypto/chacha_generic.ko
  INSTALL /lib/modules/6.11.0-rc1+/kernel/crypto/poly1305_generic.ko
  INSTALL /lib/modules/6.11.0-rc1+/kernel/crypto/michael_mic.ko
  INSTALL /lib/modules/6.11.0-rc1+/kernel/crypto/crc32c_generic.ko
  INSTALL /lib/modules/6.11.0-rc1+/kernel/crypto/crc32_generic.ko
  INSTALL /lib/modules/6.11.0-rc1+/kernel/crypto/authenc.ko
  INSTALL /lib/modules/6.11.0-rc1+/kernel/crypto/authencesn.ko
  INSTALL /lib/modules/6.11.0-rc1+/kernel/crypto/lz4.ko
  INSTALL /lib/modules/6.11.0-rc1+/kernel/crypto/lz4hc.ko
  INSTALL /lib/modules/6.11.0-rc1+/kernel/crypto/xxhash_generic.ko
  INSTALL /lib/modules/6.11.0-rc1+/kernel/crypto/842.ko
  INSTALL /lib/modules/6.11.0-rc1+/kernel/crypto/ansi_cprng.ko
  INSTALL /lib/modules/6.11.0-rc1+/kernel/crypto/drbg.ko
  INSTALL /lib/modules/6.11.0-rc1+/kernel/crypto/jitterentropy_rng.ko
  INSTALL /lib/modules/6.11.0-rc1+/kernel/crypto/ghash-generic.ko
  INSTALL /lib/modules/6.11.0-rc1+/kernel/crypto/af_alg.ko
  INSTALL /lib/modules/6.11.0-rc1+/kernel/crypto/algif_hash.ko
  INSTALL /lib/modules/6.11.0-rc1+/kernel/crypto/algif_skcipher.ko
  INSTALL /lib/modules/6.11.0-rc1+/kernel/crypto/algif_rng.ko
  INSTALL /lib/modules/6.11.0-rc1+/kernel/crypto/algif_aead.ko
  INSTALL /lib/modules/6.11.0-rc1+/kernel/crypto/zstd.ko
  INSTALL /lib/modules/6.11.0-rc1+/kernel/crypto/essiv.ko
  INSTALL /lib/modules/6.11.0-rc1+/kernel/crypto/xor.ko
  INSTALL /lib/modules/6.11.0-rc1+/kernel/crypto/async_tx/async_tx.ko
  INSTALL /lib/modules/6.11.0-rc1+/kernel/crypto/async_tx/async_memcpy.ko
  INSTALL /lib/modules/6.11.0-rc1+/kernel/crypto/async_tx/async_xor.ko
  INSTALL /lib/modules/6.11.0-rc1+/kernel/crypto/async_tx/async_pq.ko
  INSTALL /lib/modules/6.11.0-rc1+/kernel/crypto/async_tx/async_raid6_recov.ko
  INSTALL /lib/modules/6.11.0-rc1+/kernel/arch/arm64/lib/xor-neon.ko
  INSTALL /lib/modules/6.11.0-rc1+/kernel/lib/crypto/libchacha.ko
  INSTALL /lib/modules/6.11.0-rc1+/kernel/lib/crypto/libarc4.ko
  INSTALL /lib/modules/6.11.0-rc1+/kernel/lib/crypto/gf128mul.ko
  INSTALL /lib/modules/6.11.0-rc1+/kernel/lib/crypto/libchacha20poly1305.ko
  INSTALL /lib/modules/6.11.0-rc1+/kernel/lib/crypto/libcurve25519-generic.ko
  INSTALL /lib/modules/6.11.0-rc1+/kernel/lib/crypto/libcurve25519.ko
  INSTALL /lib/modules/6.11.0-rc1+/kernel/lib/crypto/libdes.ko
  INSTALL /lib/modules/6.11.0-rc1+/kernel/lib/crypto/libpoly1305.ko
  INSTALL /lib/modules/6.11.0-rc1+/kernel/lib/lz4/lz4_compress.ko
  INSTALL /lib/modules/6.11.0-rc1+/kernel/lib/lz4/lz4hc_compress.ko
  INSTALL /lib/modules/6.11.0-rc1+/kernel/lib/test_firmware.ko
  INSTALL /lib/modules/6.11.0-rc1+/kernel/lib/test_sysctl.ko
  INSTALL /lib/modules/6.11.0-rc1+/kernel/lib/test_module.ko
  INSTALL /lib/modules/6.11.0-rc1+/kernel/lib/test_xarray.ko
  INSTALL /lib/modules/6.11.0-rc1+/kernel/lib/test_maple_tree.ko
  INSTALL /lib/modules/6.11.0-rc1+/kernel/lib/test_kmod.ko
  INSTALL /lib/modules/6.11.0-rc1+/kernel/lib/crc16.ko
  INSTALL /lib/modules/6.11.0-rc1+/kernel/lib/crc-itu-t.ko
  INSTALL /lib/modules/6.11.0-rc1+/kernel/lib/crc4.ko
  INSTALL /lib/modules/6.11.0-rc1+/kernel/lib/crc7.ko
  INSTALL /lib/modules/6.11.0-rc1+/kernel/lib/libcrc32c.ko
  INSTALL /lib/modules/6.11.0-rc1+/kernel/lib/crc8.ko
  INSTALL /lib/modules/6.11.0-rc1+/kernel/lib/842/842_compress.ko
  INSTALL /lib/modules/6.11.0-rc1+/kernel/lib/842/842_decompress.ko
  INSTALL /lib/modules/6.11.0-rc1+/kernel/lib/raid6/raid6_pq.ko
  INSTALL /lib/modules/6.11.0-rc1+/kernel/lib/ts_kmp.ko
  INSTALL /lib/modules/6.11.0-rc1+/kernel/lib/ts_bm.ko
  INSTALL /lib/modules/6.11.0-rc1+/kernel/lib/ts_fsm.ko
  INSTALL /lib/modules/6.11.0-rc1+/kernel/lib/lru_cache.ko
  INSTALL /lib/modules/6.11.0-rc1+/kernel/lib/rbtree_test.ko
  INSTALL /lib/modules/6.11.0-rc1+/kernel/drivers/acpi/button.ko
  INSTALL /lib/modules/6.11.0-rc1+/kernel/drivers/virtio/virtio.ko
  INSTALL /lib/modules/6.11.0-rc1+/kernel/drivers/virtio/virtio_ring.ko
  INSTALL /lib/modules/6.11.0-rc1+/kernel/drivers/virtio/virtio_pci_modern_dev.ko
  INSTALL /lib/modules/6.11.0-rc1+/kernel/drivers/virtio/virtio_pci_legacy_dev.ko
  INSTALL /lib/modules/6.11.0-rc1+/kernel/drivers/virtio/virtio_mmio.ko
  INSTALL /lib/modules/6.11.0-rc1+/kernel/drivers/virtio/virtio_pci.ko
  INSTALL /lib/modules/6.11.0-rc1+/kernel/drivers/virtio/virtio_balloon.ko
  INSTALL /lib/modules/6.11.0-rc1+/kernel/drivers/virtio/virtio_input.ko
  INSTALL /lib/modules/6.11.0-rc1+/kernel/drivers/virtio/virtio_mem.ko
  INSTALL /lib/modules/6.11.0-rc1+/kernel/drivers/xen/xen-pciback/xen-pciback.ko
  INSTALL /lib/modules/6.11.0-rc1+/kernel/drivers/xen/xen-evtchn.ko
  INSTALL /lib/modules/6.11.0-rc1+/kernel/drivers/xen/xen-gntdev.ko
  INSTALL /lib/modules/6.11.0-rc1+/kernel/drivers/xen/xen-gntalloc.ko
  INSTALL /lib/modules/6.11.0-rc1+/kernel/drivers/xen/xenfs/xenfs.ko
  INSTALL /lib/modules/6.11.0-rc1+/kernel/drivers/xen/xen-privcmd.ko
  INSTALL /lib/modules/6.11.0-rc1+/kernel/drivers/xen/pvcalls-front.ko
  INSTALL /lib/modules/6.11.0-rc1+/kernel/drivers/char/virtio_console.ko
  INSTALL /lib/modules/6.11.0-rc1+/kernel/drivers/gpu/drm/tiny/cirrus.ko
  INSTALL /lib/modules/6.11.0-rc1+/kernel/drivers/gpu/drm/drm.ko
  INSTALL /lib/modules/6.11.0-rc1+/kernel/drivers/gpu/drm/drm_shmem_helper.ko
  INSTALL /lib/modules/6.11.0-rc1+/kernel/drivers/gpu/drm/drm_ttm_helper.ko
  INSTALL /lib/modules/6.11.0-rc1+/kernel/drivers/gpu/drm/drm_kms_helper.ko
  INSTALL /lib/modules/6.11.0-rc1+/kernel/drivers/gpu/drm/ttm/ttm.ko
  INSTALL /lib/modules/6.11.0-rc1+/kernel/drivers/gpu/drm/vkms/vkms.ko
  INSTALL /lib/modules/6.11.0-rc1+/kernel/drivers/gpu/drm/qxl/qxl.ko
  INSTALL /lib/modules/6.11.0-rc1+/kernel/drivers/block/brd.ko
  INSTALL /lib/modules/6.11.0-rc1+/kernel/drivers/block/loop.ko
  INSTALL /lib/modules/6.11.0-rc1+/kernel/drivers/block/nbd.ko
  INSTALL /lib/modules/6.11.0-rc1+/kernel/drivers/block/virtio_blk.ko
  INSTALL /lib/modules/6.11.0-rc1+/kernel/drivers/block/drbd/drbd.ko
  INSTALL /lib/modules/6.11.0-rc1+/kernel/drivers/block/zram/zram.ko
  INSTALL /lib/modules/6.11.0-rc1+/kernel/drivers/block/null_blk/null_blk.ko
  INSTALL /lib/modules/6.11.0-rc1+/kernel/drivers/cxl/core/cxl_core.ko
  INSTALL /lib/modules/6.11.0-rc1+/kernel/drivers/cxl/cxl_pci.ko
  INSTALL /lib/modules/6.11.0-rc1+/kernel/drivers/cxl/cxl_mem.ko
  INSTALL /lib/modules/6.11.0-rc1+/kernel/drivers/cxl/cxl_acpi.ko
  INSTALL /lib/modules/6.11.0-rc1+/kernel/drivers/cxl/cxl_pmem.ko
  INSTALL /lib/modules/6.11.0-rc1+/kernel/drivers/cxl/cxl_port.ko
  INSTALL /lib/modules/6.11.0-rc1+/kernel/drivers/scsi/device_handler/scsi_dh_rdac.ko
  INSTALL /lib/modules/6.11.0-rc1+/kernel/drivers/scsi/device_handler/scsi_dh_hp_sw.ko
  INSTALL /lib/modules/6.11.0-rc1+/kernel/drivers/scsi/device_handler/scsi_dh_emc.ko
  INSTALL /lib/modules/6.11.0-rc1+/kernel/drivers/scsi/device_handler/scsi_dh_alua.ko
  INSTALL /lib/modules/6.11.0-rc1+/kernel/drivers/scsi/scsi_mod.ko
  INSTALL /lib/modules/6.11.0-rc1+/kernel/drivers/scsi/scsi_common.ko
  INSTALL /lib/modules/6.11.0-rc1+/kernel/drivers/scsi/scsi_transport_spi.ko
  INSTALL /lib/modules/6.11.0-rc1+/kernel/drivers/scsi/scsi_transport_fc.ko
  INSTALL /lib/modules/6.11.0-rc1+/kernel/drivers/scsi/scsi_transport_iscsi.ko
  INSTALL /lib/modules/6.11.0-rc1+/kernel/drivers/scsi/scsi_transport_sas.ko
  INSTALL /lib/modules/6.11.0-rc1+/kernel/drivers/scsi/libsas/libsas.ko
  INSTALL /lib/modules/6.11.0-rc1+/kernel/drivers/scsi/scsi_transport_srp.ko
  INSTALL /lib/modules/6.11.0-rc1+/kernel/drivers/scsi/libiscsi.ko
  INSTALL /lib/modules/6.11.0-rc1+/kernel/drivers/scsi/libiscsi_tcp.ko
  INSTALL /lib/modules/6.11.0-rc1+/kernel/drivers/scsi/iscsi_tcp.ko
  INSTALL /lib/modules/6.11.0-rc1+/kernel/drivers/scsi/virtio_scsi.ko
  INSTALL /lib/modules/6.11.0-rc1+/kernel/drivers/scsi/xen-scsifront.ko
  INSTALL /lib/modules/6.11.0-rc1+/kernel/drivers/scsi/hv_storvsc.ko
  INSTALL /lib/modules/6.11.0-rc1+/kernel/drivers/scsi/st.ko
  INSTALL /lib/modules/6.11.0-rc1+/kernel/drivers/scsi/sd_mod.ko
  INSTALL /lib/modules/6.11.0-rc1+/kernel/drivers/scsi/sr_mod.ko
  INSTALL /lib/modules/6.11.0-rc1+/kernel/drivers/scsi/sg.ko
  INSTALL /lib/modules/6.11.0-rc1+/kernel/drivers/scsi/ch.ko
  INSTALL /lib/modules/6.11.0-rc1+/kernel/drivers/scsi/scsi_debug.ko
  INSTALL /lib/modules/6.11.0-rc1+/kernel/drivers/nvme/host/nvme-core.ko
  INSTALL /lib/modules/6.11.0-rc1+/kernel/drivers/nvme/host/nvme.ko
  INSTALL /lib/modules/6.11.0-rc1+/kernel/drivers/nvme/host/nvme-fabrics.ko
  INSTALL /lib/modules/6.11.0-rc1+/kernel/drivers/nvme/host/nvme-rdma.ko
  INSTALL /lib/modules/6.11.0-rc1+/kernel/drivers/nvme/host/nvme-fc.ko
  INSTALL /lib/modules/6.11.0-rc1+/kernel/drivers/nvme/host/nvme-tcp.ko
  INSTALL /lib/modules/6.11.0-rc1+/kernel/drivers/nvme/target/nvmet.ko
  INSTALL /lib/modules/6.11.0-rc1+/kernel/drivers/nvme/target/nvme-loop.ko
  INSTALL /lib/modules/6.11.0-rc1+/kernel/drivers/nvme/target/nvmet-rdma.ko
  INSTALL /lib/modules/6.11.0-rc1+/kernel/drivers/nvme/target/nvmet-fc.ko
  INSTALL /lib/modules/6.11.0-rc1+/kernel/drivers/nvme/target/nvme-fcloop.ko
  INSTALL /lib/modules/6.11.0-rc1+/kernel/drivers/nvme/target/nvmet-tcp.ko
  INSTALL /lib/modules/6.11.0-rc1+/kernel/drivers/net/ethernet/amazon/ena/ena.ko
  INSTALL /lib/modules/6.11.0-rc1+/kernel/drivers/net/ethernet/cisco/enic/enic.ko
  INSTALL /lib/modules/6.11.0-rc1+/kernel/drivers/net/ethernet/emulex/benet/be2net.ko
  INSTALL /lib/modules/6.11.0-rc1+/kernel/drivers/net/ethernet/mellanox/mlx4/mlx4_core.ko
  INSTALL /lib/modules/6.11.0-rc1+/kernel/drivers/net/wireguard/wireguard.ko
  INSTALL /lib/modules/6.11.0-rc1+/kernel/drivers/net/netconsole.ko
  INSTALL /lib/modules/6.11.0-rc1+/kernel/drivers/net/tun.ko
  INSTALL /lib/modules/6.11.0-rc1+/kernel/drivers/net/veth.ko
  INSTALL /lib/modules/6.11.0-rc1+/kernel/drivers/net/virtio_net.ko
  INSTALL /lib/modules/6.11.0-rc1+/kernel/drivers/net/nlmon.ko
  INSTALL /lib/modules/6.11.0-rc1+/kernel/drivers/net/vrf.ko
  INSTALL /lib/modules/6.11.0-rc1+/kernel/drivers/net/xen-netfront.ko
  INSTALL /lib/modules/6.11.0-rc1+/kernel/drivers/net/xen-netback/xen-netback.ko
  INSTALL /lib/modules/6.11.0-rc1+/kernel/drivers/net/hyperv/hv_netvsc.ko
  INSTALL /lib/modules/6.11.0-rc1+/kernel/drivers/net/netdevsim/netdevsim.ko
  INSTALL /lib/modules/6.11.0-rc1+/kernel/drivers/net/net_failover.ko
  INSTALL /lib/modules/6.11.0-rc1+/kernel/drivers/cdrom/cdrom.ko
  INSTALL /lib/modules/6.11.0-rc1+/kernel/drivers/usb/host/ehci-hcd.ko
  INSTALL /lib/modules/6.11.0-rc1+/kernel/drivers/usb/host/ehci-pci.ko
  INSTALL /lib/modules/6.11.0-rc1+/kernel/drivers/usb/host/uhci-hcd.ko
  INSTALL /lib/modules/6.11.0-rc1+/kernel/drivers/usb/common/usb-common.ko
  INSTALL /lib/modules/6.11.0-rc1+/kernel/drivers/usb/core/usbcore.ko
  INSTALL /lib/modules/6.11.0-rc1+/kernel/drivers/input/serio/serport.ko
  INSTALL /lib/modules/6.11.0-rc1+/kernel/drivers/input/serio/serio_raw.ko
  INSTALL /lib/modules/6.11.0-rc1+/kernel/drivers/input/serio/hyperv-keyboard.ko
  INSTALL /lib/modules/6.11.0-rc1+/kernel/drivers/input/mouse/psmouse.ko
  INSTALL /lib/modules/6.11.0-rc1+/kernel/drivers/input/joydev.ko
  INSTALL /lib/modules/6.11.0-rc1+/kernel/drivers/input/evdev.ko
  INSTALL /lib/modules/6.11.0-rc1+/kernel/drivers/i2c/busses/i2c-piix4.ko
  INSTALL /lib/modules/6.11.0-rc1+/kernel/drivers/i2c/i2c-smbus.ko
  INSTALL /lib/modules/6.11.0-rc1+/kernel/drivers/watchdog/i6300esb.ko
  INSTALL /lib/modules/6.11.0-rc1+/kernel/drivers/md/raid0.ko
  INSTALL /lib/modules/6.11.0-rc1+/kernel/drivers/md/raid1.ko
  INSTALL /lib/modules/6.11.0-rc1+/kernel/drivers/md/raid10.ko
  INSTALL /lib/modules/6.11.0-rc1+/kernel/drivers/md/raid456.ko
  INSTALL /lib/modules/6.11.0-rc1+/kernel/drivers/md/bcache/bcache.ko
  INSTALL /lib/modules/6.11.0-rc1+/kernel/drivers/md/md-mod.ko
  INSTALL /lib/modules/6.11.0-rc1+/kernel/drivers/md/dm-mod.ko
  INSTALL /lib/modules/6.11.0-rc1+/kernel/drivers/md/dm-unstripe.ko
  INSTALL /lib/modules/6.11.0-rc1+/kernel/drivers/md/dm-bufio.ko
  INSTALL /lib/modules/6.11.0-rc1+/kernel/drivers/md/dm-bio-prison.ko
  INSTALL /lib/modules/6.11.0-rc1+/kernel/drivers/md/dm-crypt.ko
  INSTALL /lib/modules/6.11.0-rc1+/kernel/drivers/md/dm-delay.ko
  INSTALL /lib/modules/6.11.0-rc1+/kernel/drivers/md/dm-flakey.ko
  INSTALL /lib/modules/6.11.0-rc1+/kernel/drivers/md/dm-multipath.ko
  INSTALL /lib/modules/6.11.0-rc1+/kernel/drivers/md/dm-round-robin.ko
  INSTALL /lib/modules/6.11.0-rc1+/kernel/drivers/md/dm-queue-length.ko
  INSTALL /lib/modules/6.11.0-rc1+/kernel/drivers/md/dm-service-time.ko
  INSTALL /lib/modules/6.11.0-rc1+/kernel/drivers/md/dm-historical-service-time.ko
  INSTALL /lib/modules/6.11.0-rc1+/kernel/drivers/md/dm-io-affinity.ko
  INSTALL /lib/modules/6.11.0-rc1+/kernel/drivers/md/dm-snapshot.ko
  INSTALL /lib/modules/6.11.0-rc1+/kernel/drivers/md/persistent-data/dm-persistent-data.ko
  INSTALL /lib/modules/6.11.0-rc1+/kernel/drivers/md/dm-mirror.ko
  INSTALL /lib/modules/6.11.0-rc1+/kernel/drivers/md/dm-log.ko
  INSTALL /lib/modules/6.11.0-rc1+/kernel/drivers/md/dm-region-hash.ko
  INSTALL /lib/modules/6.11.0-rc1+/kernel/drivers/md/dm-zero.ko
  INSTALL /lib/modules/6.11.0-rc1+/kernel/drivers/md/dm-raid.ko
  INSTALL /lib/modules/6.11.0-rc1+/kernel/drivers/md/dm-thin-pool.ko
  INSTALL /lib/modules/6.11.0-rc1+/kernel/drivers/md/dm-verity.ko
  INSTALL /lib/modules/6.11.0-rc1+/kernel/drivers/md/dm-cache.ko
  INSTALL /lib/modules/6.11.0-rc1+/kernel/drivers/md/dm-cache-smq.ko
  INSTALL /lib/modules/6.11.0-rc1+/kernel/drivers/md/dm-ebs.ko
  INSTALL /lib/modules/6.11.0-rc1+/kernel/drivers/md/dm-era.ko
  INSTALL /lib/modules/6.11.0-rc1+/kernel/drivers/md/dm-clone.ko
  INSTALL /lib/modules/6.11.0-rc1+/kernel/drivers/md/dm-log-writes.ko
  INSTALL /lib/modules/6.11.0-rc1+/kernel/drivers/md/dm-integrity.ko
  INSTALL /lib/modules/6.11.0-rc1+/kernel/drivers/md/dm-zoned.ko
  INSTALL /lib/modules/6.11.0-rc1+/kernel/drivers/md/dm-writecache.ko
  INSTALL /lib/modules/6.11.0-rc1+/kernel/drivers/hv/hv_vmbus.ko
  INSTALL /lib/modules/6.11.0-rc1+/kernel/drivers/hv/hv_utils.ko
  INSTALL /lib/modules/6.11.0-rc1+/kernel/drivers/hv/hv_balloon.ko
  INSTALL /lib/modules/6.11.0-rc1+/kernel/drivers/perf/cxl_pmu.ko
  INSTALL /lib/modules/6.11.0-rc1+/kernel/drivers/parport/parport.ko
  INSTALL /lib/modules/6.11.0-rc1+/kernel/drivers/nvdimm/libnvdimm.ko
  INSTALL /lib/modules/6.11.0-rc1+/kernel/drivers/nvdimm/of_pmem.ko
  INSTALL /lib/modules/6.11.0-rc1+/kernel/drivers/nvdimm/virtio_pmem.ko
  INSTALL /lib/modules/6.11.0-rc1+/kernel/drivers/nvdimm/nd_virtio.ko
  INSTALL /lib/modules/6.11.0-rc1+/kernel/drivers/ata/libata.ko
  INSTALL /lib/modules/6.11.0-rc1+/kernel/drivers/ata/ata_piix.ko
  INSTALL /lib/modules/6.11.0-rc1+/kernel/drivers/ata/ata_generic.ko
  INSTALL /lib/modules/6.11.0-rc1+/kernel/drivers/target/target_core_mod.ko
  INSTALL /lib/modules/6.11.0-rc1+/kernel/drivers/target/target_core_iblock.ko
  INSTALL /lib/modules/6.11.0-rc1+/kernel/drivers/target/target_core_file.ko
  INSTALL /lib/modules/6.11.0-rc1+/kernel/drivers/target/target_core_pscsi.ko
  INSTALL /lib/modules/6.11.0-rc1+/kernel/drivers/target/loopback/tcm_loop.ko
  INSTALL /lib/modules/6.11.0-rc1+/kernel/drivers/target/iscsi/iscsi_target_mod.ko
  INSTALL /lib/modules/6.11.0-rc1+/kernel/drivers/infiniband/core/ib_core.ko
  INSTALL /lib/modules/6.11.0-rc1+/kernel/drivers/infiniband/core/ib_cm.ko
  INSTALL /lib/modules/6.11.0-rc1+/kernel/drivers/infiniband/core/iw_cm.ko
  INSTALL /lib/modules/6.11.0-rc1+/kernel/drivers/infiniband/core/rdma_cm.ko
  INSTALL /lib/modules/6.11.0-rc1+/kernel/drivers/infiniband/core/ib_umad.ko
  INSTALL /lib/modules/6.11.0-rc1+/kernel/drivers/infiniband/core/ib_uverbs.ko
  INSTALL /lib/modules/6.11.0-rc1+/kernel/drivers/infiniband/core/rdma_ucm.ko
  INSTALL /lib/modules/6.11.0-rc1+/kernel/drivers/infiniband/hw/mthca/ib_mthca.ko
  INSTALL /lib/modules/6.11.0-rc1+/kernel/drivers/infiniband/hw/efa/efa.ko
  INSTALL /lib/modules/6.11.0-rc1+/kernel/drivers/infiniband/hw/mlx4/mlx4_ib.ko
  INSTALL /lib/modules/6.11.0-rc1+/kernel/drivers/infiniband/hw/ocrdma/ocrdma.ko
  INSTALL /lib/modules/6.11.0-rc1+/kernel/drivers/infiniband/ulp/ipoib/ib_ipoib.ko
  INSTALL /lib/modules/6.11.0-rc1+/kernel/drivers/infiniband/ulp/srp/ib_srp.ko
  INSTALL /lib/modules/6.11.0-rc1+/kernel/drivers/infiniband/ulp/srpt/ib_srpt.ko
  INSTALL /lib/modules/6.11.0-rc1+/kernel/drivers/infiniband/ulp/iser/ib_iser.ko
  INSTALL /lib/modules/6.11.0-rc1+/kernel/drivers/infiniband/ulp/isert/ib_isert.ko
  INSTALL /lib/modules/6.11.0-rc1+/kernel/drivers/infiniband/ulp/rtrs/rtrs-core.ko
  INSTALL /lib/modules/6.11.0-rc1+/kernel/drivers/infiniband/ulp/rtrs/rtrs-client.ko
  INSTALL /lib/modules/6.11.0-rc1+/kernel/drivers/infiniband/ulp/rtrs/rtrs-server.ko
  INSTALL /lib/modules/6.11.0-rc1+/kernel/drivers/infiniband/sw/rxe/rdma_rxe.ko
  INSTALL /lib/modules/6.11.0-rc1+/kernel/drivers/infiniband/sw/siw/siw.ko
  INSTALL /lib/modules/6.11.0-rc1+/kernel/sound/soundcore.ko
  INSTALL /lib/modules/6.11.0-rc1+/kernel/sound/core/snd.ko
  INSTALL /lib/modules/6.11.0-rc1+/kernel/sound/core/snd-hwdep.ko
  INSTALL /lib/modules/6.11.0-rc1+/kernel/sound/core/snd-timer.ko
  INSTALL /lib/modules/6.11.0-rc1+/kernel/sound/core/snd-pcm.ko
  INSTALL /lib/modules/6.11.0-rc1+/kernel/sound/pci/hda/snd-hda-codec.ko
  INSTALL /lib/modules/6.11.0-rc1+/kernel/sound/pci/hda/snd-hda-codec-generic.ko
  INSTALL /lib/modules/6.11.0-rc1+/kernel/sound/pci/hda/snd-hda-intel.ko
  INSTALL /lib/modules/6.11.0-rc1+/kernel/sound/hda/snd-hda-core.ko
  INSTALL /lib/modules/6.11.0-rc1+/kernel/sound/hda/snd-intel-dspcfg.ko
  INSTALL /lib/modules/6.11.0-rc1+/kernel/sound/hda/snd-intel-sdw-acpi.ko
  INSTALL /lib/modules/6.11.0-rc1+/kernel/net/core/failover.ko
  INSTALL /lib/modules/6.11.0-rc1+/kernel/net/802/p8022.ko
  INSTALL /lib/modules/6.11.0-rc1+/kernel/net/802/psnap.ko
  INSTALL /lib/modules/6.11.0-rc1+/kernel/net/802/stp.ko
  INSTALL /lib/modules/6.11.0-rc1+/kernel/net/netfilter/nfnetlink.ko
  INSTALL /lib/modules/6.11.0-rc1+/kernel/net/netfilter/nfnetlink_acct.ko
  INSTALL /lib/modules/6.11.0-rc1+/kernel/net/netfilter/nfnetlink_queue.ko
  INSTALL /lib/modules/6.11.0-rc1+/kernel/net/netfilter/nfnetlink_log.ko
  INSTALL /lib/modules/6.11.0-rc1+/kernel/net/netfilter/nfnetlink_osf.ko
  INSTALL /lib/modules/6.11.0-rc1+/kernel/net/netfilter/nf_conntrack.ko
  INSTALL /lib/modules/6.11.0-rc1+/kernel/net/netfilter/nf_log_syslog.ko
  INSTALL /lib/modules/6.11.0-rc1+/kernel/net/netfilter/nf_nat.ko
  INSTALL /lib/modules/6.11.0-rc1+/kernel/net/netfilter/nf_synproxy_core.ko
  INSTALL /lib/modules/6.11.0-rc1+/kernel/net/netfilter/nf_conncount.ko
  INSTALL /lib/modules/6.11.0-rc1+/kernel/net/netfilter/nf_dup_netdev.ko
  INSTALL /lib/modules/6.11.0-rc1+/kernel/net/netfilter/nf_tables.ko
  INSTALL /lib/modules/6.11.0-rc1+/kernel/net/netfilter/nft_compat.ko
  INSTALL /lib/modules/6.11.0-rc1+/kernel/net/netfilter/nft_connlimit.ko
  INSTALL /lib/modules/6.11.0-rc1+/kernel/net/netfilter/nft_numgen.ko
  INSTALL /lib/modules/6.11.0-rc1+/kernel/net/netfilter/nft_ct.ko
  INSTALL /lib/modules/6.11.0-rc1+/kernel/net/netfilter/nft_limit.ko
  INSTALL /lib/modules/6.11.0-rc1+/kernel/net/netfilter/nft_nat.ko
  INSTALL /lib/modules/6.11.0-rc1+/kernel/net/netfilter/nft_queue.ko
  INSTALL /lib/modules/6.11.0-rc1+/kernel/net/netfilter/nft_quota.ko
  INSTALL /lib/modules/6.11.0-rc1+/kernel/net/netfilter/nft_reject.ko
  INSTALL /lib/modules/6.11.0-rc1+/kernel/net/netfilter/nft_reject_inet.ko
  INSTALL /lib/modules/6.11.0-rc1+/kernel/net/netfilter/nft_tunnel.ko
  INSTALL /lib/modules/6.11.0-rc1+/kernel/net/netfilter/nft_log.ko
  INSTALL /lib/modules/6.11.0-rc1+/kernel/net/netfilter/nft_masq.ko
  INSTALL /lib/modules/6.11.0-rc1+/kernel/net/netfilter/nft_redir.ko
  INSTALL /lib/modules/6.11.0-rc1+/kernel/net/netfilter/nft_hash.ko
  INSTALL /lib/modules/6.11.0-rc1+/kernel/net/netfilter/nft_socket.ko
  INSTALL /lib/modules/6.11.0-rc1+/kernel/net/netfilter/nft_osf.ko
  INSTALL /lib/modules/6.11.0-rc1+/kernel/net/netfilter/nft_tproxy.ko
  INSTALL /lib/modules/6.11.0-rc1+/kernel/net/netfilter/nft_xfrm.ko
  INSTALL /lib/modules/6.11.0-rc1+/kernel/net/netfilter/nft_synproxy.ko
  INSTALL /lib/modules/6.11.0-rc1+/kernel/net/netfilter/nft_chain_nat.ko
  INSTALL /lib/modules/6.11.0-rc1+/kernel/net/netfilter/nft_dup_netdev.ko
  INSTALL /lib/modules/6.11.0-rc1+/kernel/net/netfilter/nft_fwd_netdev.ko
  INSTALL /lib/modules/6.11.0-rc1+/kernel/net/netfilter/nf_flow_table.ko
  INSTALL /lib/modules/6.11.0-rc1+/kernel/net/netfilter/x_tables.ko
  INSTALL /lib/modules/6.11.0-rc1+/kernel/net/netfilter/xt_tcpudp.ko
  INSTALL /lib/modules/6.11.0-rc1+/kernel/net/netfilter/xt_mark.ko
  INSTALL /lib/modules/6.11.0-rc1+/kernel/net/netfilter/xt_connmark.ko
  INSTALL /lib/modules/6.11.0-rc1+/kernel/net/netfilter/xt_nat.ko
  INSTALL /lib/modules/6.11.0-rc1+/kernel/net/netfilter/xt_AUDIT.ko
  INSTALL /lib/modules/6.11.0-rc1+/kernel/net/netfilter/xt_CLASSIFY.ko
  INSTALL /lib/modules/6.11.0-rc1+/kernel/net/netfilter/xt_CONNSECMARK.ko
  INSTALL /lib/modules/6.11.0-rc1+/kernel/net/netfilter/xt_HMARK.ko
  INSTALL /lib/modules/6.11.0-rc1+/kernel/net/netfilter/xt_LED.ko
  INSTALL /lib/modules/6.11.0-rc1+/kernel/net/netfilter/xt_LOG.ko
  INSTALL /lib/modules/6.11.0-rc1+/kernel/net/netfilter/xt_NETMAP.ko
  INSTALL /lib/modules/6.11.0-rc1+/kernel/net/netfilter/xt_NFLOG.ko
  INSTALL /lib/modules/6.11.0-rc1+/kernel/net/netfilter/xt_NFQUEUE.ko
  INSTALL /lib/modules/6.11.0-rc1+/kernel/net/netfilter/xt_RATEEST.ko
  INSTALL /lib/modules/6.11.0-rc1+/kernel/net/netfilter/xt_REDIRECT.ko
  INSTALL /lib/modules/6.11.0-rc1+/kernel/net/netfilter/xt_MASQUERADE.ko
  INSTALL /lib/modules/6.11.0-rc1+/kernel/net/netfilter/xt_SECMARK.ko
  INSTALL /lib/modules/6.11.0-rc1+/kernel/net/netfilter/xt_TCPMSS.ko
  INSTALL /lib/modules/6.11.0-rc1+/kernel/net/netfilter/xt_TEE.ko
  INSTALL /lib/modules/6.11.0-rc1+/kernel/net/netfilter/xt_IDLETIMER.ko
  INSTALL /lib/modules/6.11.0-rc1+/kernel/net/netfilter/xt_addrtype.ko
  INSTALL /lib/modules/6.11.0-rc1+/kernel/net/netfilter/xt_bpf.ko
  INSTALL /lib/modules/6.11.0-rc1+/kernel/net/netfilter/xt_cluster.ko
  INSTALL /lib/modules/6.11.0-rc1+/kernel/net/netfilter/xt_comment.ko
  INSTALL /lib/modules/6.11.0-rc1+/kernel/net/netfilter/xt_connbytes.ko
  INSTALL /lib/modules/6.11.0-rc1+/kernel/net/netfilter/xt_connlabel.ko
  INSTALL /lib/modules/6.11.0-rc1+/kernel/net/netfilter/xt_connlimit.ko
  INSTALL /lib/modules/6.11.0-rc1+/kernel/net/netfilter/xt_conntrack.ko
  INSTALL /lib/modules/6.11.0-rc1+/kernel/net/netfilter/xt_cpu.ko
  INSTALL /lib/modules/6.11.0-rc1+/kernel/net/netfilter/xt_dccp.ko
  INSTALL /lib/modules/6.11.0-rc1+/kernel/net/netfilter/xt_devgroup.ko
  INSTALL /lib/modules/6.11.0-rc1+/kernel/net/netfilter/xt_dscp.ko
  INSTALL /lib/modules/6.11.0-rc1+/kernel/net/netfilter/xt_ecn.ko
  INSTALL /lib/modules/6.11.0-rc1+/kernel/net/netfilter/xt_esp.ko
  INSTALL /lib/modules/6.11.0-rc1+/kernel/net/netfilter/xt_hashlimit.ko
  INSTALL /lib/modules/6.11.0-rc1+/kernel/net/netfilter/xt_helper.ko
  INSTALL /lib/modules/6.11.0-rc1+/kernel/net/netfilter/xt_hl.ko
  INSTALL /lib/modules/6.11.0-rc1+/kernel/net/netfilter/xt_ipcomp.ko
  INSTALL /lib/modules/6.11.0-rc1+/kernel/net/netfilter/xt_iprange.ko
  INSTALL /lib/modules/6.11.0-rc1+/kernel/net/netfilter/xt_l2tp.ko
  INSTALL /lib/modules/6.11.0-rc1+/kernel/net/netfilter/xt_length.ko
  INSTALL /lib/modules/6.11.0-rc1+/kernel/net/netfilter/xt_limit.ko
  INSTALL /lib/modules/6.11.0-rc1+/kernel/net/netfilter/xt_mac.ko
  INSTALL /lib/modules/6.11.0-rc1+/kernel/net/netfilter/xt_multiport.ko
  INSTALL /lib/modules/6.11.0-rc1+/kernel/net/netfilter/xt_nfacct.ko
  INSTALL /lib/modules/6.11.0-rc1+/kernel/net/netfilter/xt_osf.ko
  INSTALL /lib/modules/6.11.0-rc1+/kernel/net/netfilter/xt_owner.ko
  INSTALL /lib/modules/6.11.0-rc1+/kernel/net/netfilter/xt_cgroup.ko
  INSTALL /lib/modules/6.11.0-rc1+/kernel/net/netfilter/xt_physdev.ko
  INSTALL /lib/modules/6.11.0-rc1+/kernel/net/netfilter/xt_pkttype.ko
  INSTALL /lib/modules/6.11.0-rc1+/kernel/net/netfilter/xt_policy.ko
  INSTALL /lib/modules/6.11.0-rc1+/kernel/net/netfilter/xt_quota.ko
  INSTALL /lib/modules/6.11.0-rc1+/kernel/net/netfilter/xt_rateest.ko
  INSTALL /lib/modules/6.11.0-rc1+/kernel/net/netfilter/xt_realm.ko
  INSTALL /lib/modules/6.11.0-rc1+/kernel/net/netfilter/xt_recent.ko
  INSTALL /lib/modules/6.11.0-rc1+/kernel/net/netfilter/xt_sctp.ko
  INSTALL /lib/modules/6.11.0-rc1+/kernel/net/netfilter/xt_socket.ko
  INSTALL /lib/modules/6.11.0-rc1+/kernel/net/netfilter/xt_state.ko
  INSTALL /lib/modules/6.11.0-rc1+/kernel/net/netfilter/xt_statistic.ko
  INSTALL /lib/modules/6.11.0-rc1+/kernel/net/netfilter/xt_string.ko
  INSTALL /lib/modules/6.11.0-rc1+/kernel/net/netfilter/xt_tcpmss.ko
  INSTALL /lib/modules/6.11.0-rc1+/kernel/net/netfilter/xt_time.ko
  INSTALL /lib/modules/6.11.0-rc1+/kernel/net/netfilter/xt_u32.ko
  INSTALL /lib/modules/6.11.0-rc1+/kernel/net/ipv4/netfilter/nf_defrag_ipv4.ko
  INSTALL /lib/modules/6.11.0-rc1+/kernel/net/ipv4/netfilter/nf_socket_ipv4.ko
  INSTALL /lib/modules/6.11.0-rc1+/kernel/net/ipv4/netfilter/nf_tproxy_ipv4.ko
  INSTALL /lib/modules/6.11.0-rc1+/kernel/net/ipv4/netfilter/nf_reject_ipv4.ko
  INSTALL /lib/modules/6.11.0-rc1+/kernel/net/ipv4/netfilter/nft_reject_ipv4.ko
  INSTALL /lib/modules/6.11.0-rc1+/kernel/net/ipv4/netfilter/nf_dup_ipv4.ko
  INSTALL /lib/modules/6.11.0-rc1+/kernel/net/ipv4/ip_tunnel.ko
  INSTALL /lib/modules/6.11.0-rc1+/kernel/net/ipv4/udp_tunnel.ko
  INSTALL /lib/modules/6.11.0-rc1+/kernel/net/xfrm/xfrm_algo.ko
  INSTALL /lib/modules/6.11.0-rc1+/kernel/net/xfrm/xfrm_user.ko
  INSTALL /lib/modules/6.11.0-rc1+/kernel/net/xfrm/xfrm_interface.ko
  INSTALL /lib/modules/6.11.0-rc1+/kernel/net/ipv6/netfilter/nf_defrag_ipv6.ko
  INSTALL /lib/modules/6.11.0-rc1+/kernel/net/ipv6/netfilter/nf_socket_ipv6.ko
  INSTALL /lib/modules/6.11.0-rc1+/kernel/net/ipv6/netfilter/nf_tproxy_ipv6.ko
  INSTALL /lib/modules/6.11.0-rc1+/kernel/net/ipv6/netfilter/nf_reject_ipv6.ko
  INSTALL /lib/modules/6.11.0-rc1+/kernel/net/ipv6/netfilter/nft_reject_ipv6.ko
  INSTALL /lib/modules/6.11.0-rc1+/kernel/net/ipv6/ip6_udp_tunnel.ko
  INSTALL /lib/modules/6.11.0-rc1+/kernel/net/9p/9pnet_xen.ko
  INSTALL /lib/modules/6.11.0-rc1+/kernel/net/9p/9pnet_virtio.ko
  INSTALL /lib/modules/6.11.0-rc1+/kernel/net/9p/9pnet_rdma.ko
  INSTALL /lib/modules/6.11.0-rc1+/kernel/net/llc/llc.ko
  INSTALL /lib/modules/6.11.0-rc1+/kernel/net/key/af_key.ko
  INSTALL /lib/modules/6.11.0-rc1+/kernel/net/bridge/bridge.ko
  INSTALL /lib/modules/6.11.0-rc1+/kernel/net/bridge/br_netfilter.ko
  INSTALL /lib/modules/6.11.0-rc1+/kernel/net/sunrpc/sunrpc.ko
  INSTALL /lib/modules/6.11.0-rc1+/kernel/net/sunrpc/auth_gss/auth_rpcgss.ko
  INSTALL /lib/modules/6.11.0-rc1+/kernel/net/sunrpc/auth_gss/rpcsec_gss_krb5.ko
  INSTALL /lib/modules/6.11.0-rc1+/kernel/net/sunrpc/xprtrdma/rpcrdma.ko
  INSTALL /lib/modules/6.11.0-rc1+/kernel/net/dns_resolver/dns_resolver.ko
  INSTALL /lib/modules/6.11.0-rc1+/kernel/net/vmw_vsock/vsock.ko
  INSTALL /lib/modules/6.11.0-rc1+/kernel/net/vmw_vsock/vsock_diag.ko
  INSTALL /lib/modules/6.11.0-rc1+/kernel/net/vmw_vsock/vmw_vsock_virtio_transport.ko
  INSTALL /lib/modules/6.11.0-rc1+/kernel/net/vmw_vsock/vmw_vsock_virtio_transport_common.ko
  INSTALL /lib/modules/6.11.0-rc1+/kernel/net/vmw_vsock/hv_sock.ko
  INSTALL /lib/modules/6.11.0-rc1+/kernel/net/vmw_vsock/vsock_loopback.ko
  DEPMOD  /lib/modules/6.11.0-rc1+
  INSTALL /boot
$ m a k e   - j 8   m o d u l e s _ i n s t a l l   i n s t a l l
  SYMLINK /lib/modules/6.11.0-rc1+/build
  INSTALL /lib/modules/6.11.0-rc1+/modules.order
  INSTALL /lib/modules/6.11.0-rc1+/modules.builtin
  INSTALL /lib/modules/6.11.0-rc1+/modules.builtin.modinfo
  INSTALL /lib/modules/6.11.0-rc1+/kernel/arch/arm64/crypto/chacha-neon.ko
  INSTALL /lib/modules/6.11.0-rc1+/kernel/arch/arm64/crypto/poly1305-neon.ko
  INSTALL /lib/modules/6.11.0-rc1+/kernel/mm/zsmalloc.ko
  INSTALL /lib/modules/6.11.0-rc1+/kernel/fs/nfs_common/nfs_acl.ko
  INSTALL /lib/modules/6.11.0-rc1+/kernel/fs/nfs_common/grace.ko
  INSTALL /lib/modules/6.11.0-rc1+/kernel/fs/nls/nls_cp437.ko
  INSTALL /lib/modules/6.11.0-rc1+/kernel/fs/nls/nls_cp737.ko
  INSTALL /lib/modules/6.11.0-rc1+/kernel/fs/nls/nls_cp775.ko
  INSTALL /lib/modules/6.11.0-rc1+/kernel/fs/nls/nls_cp850.ko
  INSTALL /lib/modules/6.11.0-rc1+/kernel/fs/nls/nls_cp852.ko
  INSTALL /lib/modules/6.11.0-rc1+/kernel/fs/nls/nls_cp855.ko
  INSTALL /lib/modules/6.11.0-rc1+/kernel/fs/nls/nls_cp857.ko
  INSTALL /lib/modules/6.11.0-rc1+/kernel/fs/nls/nls_cp860.ko
  INSTALL /lib/modules/6.11.0-rc1+/kernel/fs/nls/nls_cp861.ko
  INSTALL /lib/modules/6.11.0-rc1+/kernel/fs/nls/nls_cp862.ko
  INSTALL /lib/modules/6.11.0-rc1+/kernel/fs/nls/nls_cp863.ko
  INSTALL /lib/modules/6.11.0-rc1+/kernel/fs/nls/nls_cp864.ko
  INSTALL /lib/modules/6.11.0-rc1+/kernel/fs/nls/nls_cp865.ko
  INSTALL /lib/modules/6.11.0-rc1+/kernel/fs/nls/nls_cp866.ko
  INSTALL /lib/modules/6.11.0-rc1+/kernel/fs/nls/nls_cp869.ko
  INSTALL /lib/modules/6.11.0-rc1+/kernel/fs/nls/nls_cp874.ko
  INSTALL /lib/modules/6.11.0-rc1+/kernel/fs/nls/nls_cp932.ko
  INSTALL /lib/modules/6.11.0-rc1+/kernel/fs/nls/nls_euc-jp.ko
  INSTALL /lib/modules/6.11.0-rc1+/kernel/fs/nls/nls_cp936.ko
  INSTALL /lib/modules/6.11.0-rc1+/kernel/fs/nls/nls_cp949.ko
  INSTALL /lib/modules/6.11.0-rc1+/kernel/fs/nls/nls_cp950.ko
  INSTALL /lib/modules/6.11.0-rc1+/kernel/fs/nls/nls_cp1250.ko
  INSTALL /lib/modules/6.11.0-rc1+/kernel/fs/nls/nls_cp1251.ko
  INSTALL /lib/modules/6.11.0-rc1+/kernel/fs/nls/nls_ascii.ko
  INSTALL /lib/modules/6.11.0-rc1+/kernel/fs/nls/nls_iso8859-1.ko
  INSTALL /lib/modules/6.11.0-rc1+/kernel/fs/nls/nls_iso8859-2.ko
  INSTALL /lib/modules/6.11.0-rc1+/kernel/fs/nls/nls_iso8859-3.ko
  INSTALL /lib/modules/6.11.0-rc1+/kernel/fs/nls/nls_iso8859-4.ko
  INSTALL /lib/modules/6.11.0-rc1+/kernel/fs/nls/nls_iso8859-5.ko
  INSTALL /lib/modules/6.11.0-rc1+/kernel/fs/nls/nls_iso8859-6.ko
  INSTALL /lib/modules/6.11.0-rc1+/kernel/fs/nls/nls_iso8859-7.ko
  INSTALL /lib/modules/6.11.0-rc1+/kernel/fs/nls/nls_cp1255.ko
  INSTALL /lib/modules/6.11.0-rc1+/kernel/fs/nls/nls_iso8859-9.ko
  INSTALL /lib/modules/6.11.0-rc1+/kernel/fs/nls/nls_iso8859-13.ko
  INSTALL /lib/modules/6.11.0-rc1+/kernel/fs/nls/nls_iso8859-14.ko
  INSTALL /lib/modules/6.11.0-rc1+/kernel/fs/nls/nls_iso8859-15.ko
  INSTALL /lib/modules/6.11.0-rc1+/kernel/fs/nls/nls_koi8-r.ko
  INSTALL /lib/modules/6.11.0-rc1+/kernel/fs/nls/nls_koi8-u.ko
  INSTALL /lib/modules/6.11.0-rc1+/kernel/fs/nls/nls_koi8-ru.ko
  INSTALL /lib/modules/6.11.0-rc1+/kernel/fs/nls/nls_utf8.ko
  INSTALL /lib/modules/6.11.0-rc1+/kernel/fs/nls/mac-celtic.ko
  INSTALL /lib/modules/6.11.0-rc1+/kernel/fs/nls/mac-centeuro.ko
  INSTALL /lib/modules/6.11.0-rc1+/kernel/fs/nls/mac-croatian.ko
  INSTALL /lib/modules/6.11.0-rc1+/kernel/fs/nls/mac-cyrillic.ko
  INSTALL /lib/modules/6.11.0-rc1+/kernel/fs/nls/mac-gaelic.ko
  INSTALL /lib/modules/6.11.0-rc1+/kernel/fs/nls/mac-greek.ko
  INSTALL /lib/modules/6.11.0-rc1+/kernel/fs/nls/mac-iceland.ko
  INSTALL /lib/modules/6.11.0-rc1+/kernel/fs/nls/mac-inuit.ko
  INSTALL /lib/modules/6.11.0-rc1+/kernel/fs/nls/mac-romanian.ko
  INSTALL /lib/modules/6.11.0-rc1+/kernel/fs/nls/mac-roman.ko
  INSTALL /lib/modules/6.11.0-rc1+/kernel/fs/nls/mac-turkish.ko
  INSTALL /lib/modules/6.11.0-rc1+/kernel/fs/mbcache.ko
  INSTALL /lib/modules/6.11.0-rc1+/kernel/fs/ext4/ext4.ko
  INSTALL /lib/modules/6.11.0-rc1+/kernel/fs/ext2/ext2.ko
  INSTALL /lib/modules/6.11.0-rc1+/kernel/fs/jbd2/jbd2.ko
  INSTALL /lib/modules/6.11.0-rc1+/kernel/fs/fat/fat.ko
  INSTALL /lib/modules/6.11.0-rc1+/kernel/fs/fat/vfat.ko
  INSTALL /lib/modules/6.11.0-rc1+/kernel/fs/fat/msdos.ko
  INSTALL /lib/modules/6.11.0-rc1+/kernel/fs/exfat/exfat.ko
  INSTALL /lib/modules/6.11.0-rc1+/kernel/fs/isofs/isofs.ko
  INSTALL /lib/modules/6.11.0-rc1+/kernel/fs/nfs/nfs.ko
  INSTALL /lib/modules/6.11.0-rc1+/kernel/fs/nfs/nfsv3.ko
  INSTALL /lib/modules/6.11.0-rc1+/kernel/fs/nfs/nfsv4.ko
  INSTALL /lib/modules/6.11.0-rc1+/kernel/fs/nfs/filelayout/nfs_layout_nfsv41_files.ko
  INSTALL /lib/modules/6.11.0-rc1+/kernel/fs/nfs/blocklayout/blocklayoutdriver.ko
  INSTALL /lib/modules/6.11.0-rc1+/kernel/fs/nfs/flexfilelayout/nfs_layout_flexfiles.ko
  INSTALL /lib/modules/6.11.0-rc1+/kernel/fs/nfsd/nfsd.ko
  INSTALL /lib/modules/6.11.0-rc1+/kernel/fs/lockd/lockd.ko
  INSTALL /lib/modules/6.11.0-rc1+/kernel/fs/autofs/autofs4.ko
  INSTALL /lib/modules/6.11.0-rc1+/kernel/fs/udf/udf.ko
  INSTALL /lib/modules/6.11.0-rc1+/kernel/fs/xfs/xfs.ko
  INSTALL /lib/modules/6.11.0-rc1+/kernel/fs/9p/9p.ko
  INSTALL /lib/modules/6.11.0-rc1+/kernel/fs/btrfs/btrfs.ko
  INSTALL /lib/modules/6.11.0-rc1+/kernel/fs/f2fs/f2fs.ko
  INSTALL /lib/modules/6.11.0-rc1+/kernel/fs/efivarfs/efivarfs.ko
  INSTALL /lib/modules/6.11.0-rc1+/kernel/fs/zonefs/zonefs.ko
  INSTALL /lib/modules/6.11.0-rc1+/kernel/security/keys/encrypted-keys/encrypted-keys.ko
  INSTALL /lib/modules/6.11.0-rc1+/kernel/crypto/geniv.ko
  INSTALL /lib/modules/6.11.0-rc1+/kernel/crypto/seqiv.ko
  INSTALL /lib/modules/6.11.0-rc1+/kernel/crypto/cmac.ko
  INSTALL /lib/modules/6.11.0-rc1+/kernel/crypto/vmac.ko
  INSTALL /lib/modules/6.11.0-rc1+/kernel/crypto/xcbc.ko
  INSTALL /lib/modules/6.11.0-rc1+/kernel/crypto/crypto_null.ko
  INSTALL /lib/modules/6.11.0-rc1+/kernel/crypto/rmd160.ko
  INSTALL /lib/modules/6.11.0-rc1+/kernel/crypto/sha512_generic.ko
  INSTALL /lib/modules/6.11.0-rc1+/kernel/crypto/sha3_generic.ko
  INSTALL /lib/modules/6.11.0-rc1+/kernel/crypto/streebog_generic.ko
  INSTALL /lib/modules/6.11.0-rc1+/kernel/crypto/wp512.ko
  INSTALL /lib/modules/6.11.0-rc1+/kernel/crypto/blake2b_generic.ko
  INSTALL /lib/modules/6.11.0-rc1+/kernel/crypto/cbc.ko
  INSTALL /lib/modules/6.11.0-rc1+/kernel/crypto/pcbc.ko
  INSTALL /lib/modules/6.11.0-rc1+/kernel/crypto/cts.ko
  INSTALL /lib/modules/6.11.0-rc1+/kernel/crypto/lrw.ko
  INSTALL /lib/modules/6.11.0-rc1+/kernel/crypto/xts.ko
  INSTALL /lib/modules/6.11.0-rc1+/kernel/crypto/ctr.ko
  INSTALL /lib/modules/6.11.0-rc1+/kernel/crypto/keywrap.ko
  INSTALL /lib/modules/6.11.0-rc1+/kernel/crypto/adiantum.ko
  INSTALL /lib/modules/6.11.0-rc1+/kernel/crypto/nhpoly1305.ko
  INSTALL /lib/modules/6.11.0-rc1+/kernel/crypto/gcm.ko
  INSTALL /lib/modules/6.11.0-rc1+/kernel/crypto/ccm.ko
  INSTALL /lib/modules/6.11.0-rc1+/kernel/crypto/chacha20poly1305.ko
  INSTALL /lib/modules/6.11.0-rc1+/kernel/crypto/aegis128.ko
  INSTALL /lib/modules/6.11.0-rc1+/kernel/crypto/cryptd.ko
  INSTALL /lib/modules/6.11.0-rc1+/kernel/crypto/des_generic.ko
  INSTALL /lib/modules/6.11.0-rc1+/kernel/crypto/fcrypt.ko
  INSTALL /lib/modules/6.11.0-rc1+/kernel/crypto/blowfish_generic.ko
  INSTALL /lib/modules/6.11.0-rc1+/kernel/crypto/blowfish_common.ko
  INSTALL /lib/modules/6.11.0-rc1+/kernel/crypto/twofish_generic.ko
  INSTALL /lib/modules/6.11.0-rc1+/kernel/crypto/twofish_common.ko
  INSTALL /lib/modules/6.11.0-rc1+/kernel/crypto/serpent_generic.ko
  INSTALL /lib/modules/6.11.0-rc1+/kernel/crypto/aes_ti.ko
  INSTALL /lib/modules/6.11.0-rc1+/kernel/crypto/camellia_generic.ko
  INSTALL /lib/modules/6.11.0-rc1+/kernel/crypto/cast_common.ko
  INSTALL /lib/modules/6.11.0-rc1+/kernel/crypto/cast5_generic.ko
  INSTALL /lib/modules/6.11.0-rc1+/kernel/crypto/cast6_generic.ko
  INSTALL /lib/modules/6.11.0-rc1+/kernel/crypto/arc4.ko
  INSTALL /lib/modules/6.11.0-rc1+/kernel/crypto/tea.ko
  INSTALL /lib/modules/6.11.0-rc1+/kernel/crypto/khazad.ko
  INSTALL /lib/modules/6.11.0-rc1+/kernel/crypto/anubis.ko
  INSTALL /lib/modules/6.11.0-rc1+/kernel/crypto/seed.ko
  INSTALL /lib/modules/6.11.0-rc1+/kernel/crypto/chacha_generic.ko
  INSTALL /lib/modules/6.11.0-rc1+/kernel/crypto/poly1305_generic.ko
  INSTALL /lib/modules/6.11.0-rc1+/kernel/crypto/michael_mic.ko
  INSTALL /lib/modules/6.11.0-rc1+/kernel/crypto/crc32c_generic.ko
  INSTALL /lib/modules/6.11.0-rc1+/kernel/crypto/crc32_generic.ko
  INSTALL /lib/modules/6.11.0-rc1+/kernel/crypto/authenc.ko
  INSTALL /lib/modules/6.11.0-rc1+/kernel/crypto/authencesn.ko
  INSTALL /lib/modules/6.11.0-rc1+/kernel/crypto/lz4.ko
  INSTALL /lib/modules/6.11.0-rc1+/kernel/crypto/lz4hc.ko
  INSTALL /lib/modules/6.11.0-rc1+/kernel/crypto/xxhash_generic.ko
  INSTALL /lib/modules/6.11.0-rc1+/kernel/crypto/842.ko
  INSTALL /lib/modules/6.11.0-rc1+/kernel/crypto/ansi_cprng.ko
  INSTALL /lib/modules/6.11.0-rc1+/kernel/crypto/drbg.ko
  INSTALL /lib/modules/6.11.0-rc1+/kernel/crypto/jitterentropy_rng.ko
  INSTALL /lib/modules/6.11.0-rc1+/kernel/crypto/ghash-generic.ko
  INSTALL /lib/modules/6.11.0-rc1+/kernel/crypto/af_alg.ko
  INSTALL /lib/modules/6.11.0-rc1+/kernel/crypto/algif_hash.ko
  INSTALL /lib/modules/6.11.0-rc1+/kernel/crypto/algif_skcipher.ko
  INSTALL /lib/modules/6.11.0-rc1+/kernel/crypto/algif_rng.ko
  INSTALL /lib/modules/6.11.0-rc1+/kernel/crypto/algif_aead.ko
  INSTALL /lib/modules/6.11.0-rc1+/kernel/crypto/zstd.ko
  INSTALL /lib/modules/6.11.0-rc1+/kernel/crypto/essiv.ko
  INSTALL /lib/modules/6.11.0-rc1+/kernel/crypto/xor.ko
  INSTALL /lib/modules/6.11.0-rc1+/kernel/crypto/async_tx/async_tx.ko
  INSTALL /lib/modules/6.11.0-rc1+/kernel/crypto/async_tx/async_memcpy.ko
  INSTALL /lib/modules/6.11.0-rc1+/kernel/crypto/async_tx/async_xor.ko
  INSTALL /lib/modules/6.11.0-rc1+/kernel/crypto/async_tx/async_pq.ko
  INSTALL /lib/modules/6.11.0-rc1+/kernel/crypto/async_tx/async_raid6_recov.ko
  INSTALL /lib/modules/6.11.0-rc1+/kernel/arch/arm64/lib/xor-neon.ko
  INSTALL /lib/modules/6.11.0-rc1+/kernel/lib/crypto/libchacha.ko
  INSTALL /lib/modules/6.11.0-rc1+/kernel/lib/crypto/libarc4.ko
  INSTALL /lib/modules/6.11.0-rc1+/kernel/lib/crypto/gf128mul.ko
  INSTALL /lib/modules/6.11.0-rc1+/kernel/lib/crypto/libchacha20poly1305.ko
  INSTALL /lib/modules/6.11.0-rc1+/kernel/lib/crypto/libcurve25519-generic.ko
  INSTALL /lib/modules/6.11.0-rc1+/kernel/lib/crypto/libcurve25519.ko
  INSTALL /lib/modules/6.11.0-rc1+/kernel/lib/crypto/libdes.ko
  INSTALL /lib/modules/6.11.0-rc1+/kernel/lib/crypto/libpoly1305.ko
  INSTALL /lib/modules/6.11.0-rc1+/kernel/lib/lz4/lz4_compress.ko
  INSTALL /lib/modules/6.11.0-rc1+/kernel/lib/lz4/lz4hc_compress.ko
  INSTALL /lib/modules/6.11.0-rc1+/kernel/lib/test_firmware.ko
  INSTALL /lib/modules/6.11.0-rc1+/kernel/lib/test_sysctl.ko
  INSTALL /lib/modules/6.11.0-rc1+/kernel/lib/test_module.ko
  INSTALL /lib/modules/6.11.0-rc1+/kernel/lib/test_xarray.ko
  INSTALL /lib/modules/6.11.0-rc1+/kernel/lib/test_maple_tree.ko
  INSTALL /lib/modules/6.11.0-rc1+/kernel/lib/test_kmod.ko
  INSTALL /lib/modules/6.11.0-rc1+/kernel/lib/crc16.ko
  INSTALL /lib/modules/6.11.0-rc1+/kernel/lib/crc-itu-t.ko
  INSTALL /lib/modules/6.11.0-rc1+/kernel/lib/crc4.ko
  INSTALL /lib/modules/6.11.0-rc1+/kernel/lib/crc7.ko
  INSTALL /lib/modules/6.11.0-rc1+/kernel/lib/libcrc32c.ko
  INSTALL /lib/modules/6.11.0-rc1+/kernel/lib/crc8.ko
  INSTALL /lib/modules/6.11.0-rc1+/kernel/lib/842/842_compress.ko
  INSTALL /lib/modules/6.11.0-rc1+/kernel/lib/842/842_decompress.ko
  INSTALL /lib/modules/6.11.0-rc1+/kernel/lib/raid6/raid6_pq.ko
  INSTALL /lib/modules/6.11.0-rc1+/kernel/lib/ts_kmp.ko
  INSTALL /lib/modules/6.11.0-rc1+/kernel/lib/ts_bm.ko
  INSTALL /lib/modules/6.11.0-rc1+/kernel/lib/ts_fsm.ko
  INSTALL /lib/modules/6.11.0-rc1+/kernel/lib/lru_cache.ko
  INSTALL /lib/modules/6.11.0-rc1+/kernel/lib/rbtree_test.ko
  INSTALL /lib/modules/6.11.0-rc1+/kernel/drivers/acpi/button.ko
  INSTALL /lib/modules/6.11.0-rc1+/kernel/drivers/virtio/virtio.ko
  INSTALL /lib/modules/6.11.0-rc1+/kernel/drivers/virtio/virtio_ring.ko
  INSTALL /lib/modules/6.11.0-rc1+/kernel/drivers/virtio/virtio_pci_modern_dev.ko
  INSTALL /lib/modules/6.11.0-rc1+/kernel/drivers/virtio/virtio_pci_legacy_dev.ko
  INSTALL /lib/modules/6.11.0-rc1+/kernel/drivers/virtio/virtio_mmio.ko
  INSTALL /lib/modules/6.11.0-rc1+/kernel/drivers/virtio/virtio_pci.ko
  INSTALL /lib/modules/6.11.0-rc1+/kernel/drivers/virtio/virtio_balloon.ko
  INSTALL /lib/modules/6.11.0-rc1+/kernel/drivers/virtio/virtio_input.ko
  INSTALL /lib/modules/6.11.0-rc1+/kernel/drivers/virtio/virtio_mem.ko
  INSTALL /lib/modules/6.11.0-rc1+/kernel/drivers/xen/xen-pciback/xen-pciback.ko
  INSTALL /lib/modules/6.11.0-rc1+/kernel/drivers/xen/xen-evtchn.ko
  INSTALL /lib/modules/6.11.0-rc1+/kernel/drivers/xen/xen-gntdev.ko
  INSTALL /lib/modules/6.11.0-rc1+/kernel/drivers/xen/xen-gntalloc.ko
  INSTALL /lib/modules/6.11.0-rc1+/kernel/drivers/xen/xenfs/xenfs.ko
  INSTALL /lib/modules/6.11.0-rc1+/kernel/drivers/xen/xen-privcmd.ko
  INSTALL /lib/modules/6.11.0-rc1+/kernel/drivers/xen/pvcalls-front.ko
  INSTALL /lib/modules/6.11.0-rc1+/kernel/drivers/char/virtio_console.ko
  INSTALL /lib/modules/6.11.0-rc1+/kernel/drivers/gpu/drm/tiny/cirrus.ko
  INSTALL /lib/modules/6.11.0-rc1+/kernel/drivers/gpu/drm/drm.ko
  INSTALL /lib/modules/6.11.0-rc1+/kernel/drivers/gpu/drm/drm_shmem_helper.ko
  INSTALL /lib/modules/6.11.0-rc1+/kernel/drivers/gpu/drm/drm_ttm_helper.ko
  INSTALL /lib/modules/6.11.0-rc1+/kernel/drivers/gpu/drm/drm_kms_helper.ko
  INSTALL /lib/modules/6.11.0-rc1+/kernel/drivers/gpu/drm/ttm/ttm.ko
  INSTALL /lib/modules/6.11.0-rc1+/kernel/drivers/gpu/drm/vkms/vkms.ko
  INSTALL /lib/modules/6.11.0-rc1+/kernel/drivers/gpu/drm/qxl/qxl.ko
  INSTALL /lib/modules/6.11.0-rc1+/kernel/drivers/block/brd.ko
  INSTALL /lib/modules/6.11.0-rc1+/kernel/drivers/block/loop.ko
  INSTALL /lib/modules/6.11.0-rc1+/kernel/drivers/block/nbd.ko
  INSTALL /lib/modules/6.11.0-rc1+/kernel/drivers/block/virtio_blk.ko
  INSTALL /lib/modules/6.11.0-rc1+/kernel/drivers/block/drbd/drbd.ko
  INSTALL /lib/modules/6.11.0-rc1+/kernel/drivers/block/zram/zram.ko
  INSTALL /lib/modules/6.11.0-rc1+/kernel/drivers/block/null_blk/null_blk.ko
  INSTALL /lib/modules/6.11.0-rc1+/kernel/drivers/cxl/core/cxl_core.ko
  INSTALL /lib/modules/6.11.0-rc1+/kernel/drivers/cxl/cxl_pci.ko
  INSTALL /lib/modules/6.11.0-rc1+/kernel/drivers/cxl/cxl_mem.ko
  INSTALL /lib/modules/6.11.0-rc1+/kernel/drivers/cxl/cxl_acpi.ko
  INSTALL /lib/modules/6.11.0-rc1+/kernel/drivers/cxl/cxl_pmem.ko
  INSTALL /lib/modules/6.11.0-rc1+/kernel/drivers/cxl/cxl_port.ko
  INSTALL /lib/modules/6.11.0-rc1+/kernel/drivers/scsi/device_handler/scsi_dh_rdac.ko
  INSTALL /lib/modules/6.11.0-rc1+/kernel/drivers/scsi/device_handler/scsi_dh_hp_sw.ko
  INSTALL /lib/modules/6.11.0-rc1+/kernel/drivers/scsi/device_handler/scsi_dh_emc.ko
  INSTALL /lib/modules/6.11.0-rc1+/kernel/drivers/scsi/device_handler/scsi_dh_alua.ko
  INSTALL /lib/modules/6.11.0-rc1+/kernel/drivers/scsi/scsi_mod.ko
  INSTALL /lib/modules/6.11.0-rc1+/kernel/drivers/scsi/scsi_common.ko
  INSTALL /lib/modules/6.11.0-rc1+/kernel/drivers/scsi/scsi_transport_spi.ko
  INSTALL /lib/modules/6.11.0-rc1+/kernel/drivers/scsi/scsi_transport_fc.ko
  INSTALL /lib/modules/6.11.0-rc1+/kernel/drivers/scsi/scsi_transport_iscsi.ko
  INSTALL /lib/modules/6.11.0-rc1+/kernel/drivers/scsi/scsi_transport_sas.ko
  INSTALL /lib/modules/6.11.0-rc1+/kernel/drivers/scsi/libsas/libsas.ko
  INSTALL /lib/modules/6.11.0-rc1+/kernel/drivers/scsi/scsi_transport_srp.ko
  INSTALL /lib/modules/6.11.0-rc1+/kernel/drivers/scsi/libiscsi.ko
  INSTALL /lib/modules/6.11.0-rc1+/kernel/drivers/scsi/libiscsi_tcp.ko
  INSTALL /lib/modules/6.11.0-rc1+/kernel/drivers/scsi/iscsi_tcp.ko
  INSTALL /lib/modules/6.11.0-rc1+/kernel/drivers/scsi/virtio_scsi.ko
  INSTALL /lib/modules/6.11.0-rc1+/kernel/drivers/scsi/xen-scsifront.ko
  INSTALL /lib/modules/6.11.0-rc1+/kernel/drivers/scsi/hv_storvsc.ko
  INSTALL /lib/modules/6.11.0-rc1+/kernel/drivers/scsi/st.ko
  INSTALL /lib/modules/6.11.0-rc1+/kernel/drivers/scsi/sd_mod.ko
  INSTALL /lib/modules/6.11.0-rc1+/kernel/drivers/scsi/sr_mod.ko
  INSTALL /lib/modules/6.11.0-rc1+/kernel/drivers/scsi/sg.ko
  INSTALL /lib/modules/6.11.0-rc1+/kernel/drivers/scsi/ch.ko
  INSTALL /lib/modules/6.11.0-rc1+/kernel/drivers/scsi/scsi_debug.ko
  INSTALL /lib/modules/6.11.0-rc1+/kernel/drivers/nvme/host/nvme-core.ko
  INSTALL /lib/modules/6.11.0-rc1+/kernel/drivers/nvme/host/nvme.ko
  INSTALL /lib/modules/6.11.0-rc1+/kernel/drivers/nvme/host/nvme-fabrics.ko
  INSTALL /lib/modules/6.11.0-rc1+/kernel/drivers/nvme/host/nvme-rdma.ko
  INSTALL /lib/modules/6.11.0-rc1+/kernel/drivers/nvme/host/nvme-fc.ko
  INSTALL /lib/modules/6.11.0-rc1+/kernel/drivers/nvme/host/nvme-tcp.ko
  INSTALL /lib/modules/6.11.0-rc1+/kernel/drivers/nvme/target/nvmet.ko
  INSTALL /lib/modules/6.11.0-rc1+/kernel/drivers/nvme/target/nvme-loop.ko
  INSTALL /lib/modules/6.11.0-rc1+/kernel/drivers/nvme/target/nvmet-rdma.ko
  INSTALL /lib/modules/6.11.0-rc1+/kernel/drivers/nvme/target/nvmet-fc.ko
  INSTALL /lib/modules/6.11.0-rc1+/kernel/drivers/nvme/target/nvme-fcloop.ko
  INSTALL /lib/modules/6.11.0-rc1+/kernel/drivers/nvme/target/nvmet-tcp.ko
  INSTALL /lib/modules/6.11.0-rc1+/kernel/drivers/net/ethernet/amazon/ena/ena.ko
  INSTALL /lib/modules/6.11.0-rc1+/kernel/drivers/net/ethernet/cisco/enic/enic.ko
  INSTALL /lib/modules/6.11.0-rc1+/kernel/drivers/net/ethernet/emulex/benet/be2net.ko
  INSTALL /lib/modules/6.11.0-rc1+/kernel/drivers/net/ethernet/mellanox/mlx4/mlx4_core.ko
  INSTALL /lib/modules/6.11.0-rc1+/kernel/drivers/net/wireguard/wireguard.ko
  INSTALL /lib/modules/6.11.0-rc1+/kernel/drivers/net/netconsole.ko
  INSTALL /lib/modules/6.11.0-rc1+/kernel/drivers/net/tun.ko
  INSTALL /lib/modules/6.11.0-rc1+/kernel/drivers/net/veth.ko
  INSTALL /lib/modules/6.11.0-rc1+/kernel/drivers/net/virtio_net.ko
  INSTALL /lib/modules/6.11.0-rc1+/kernel/drivers/net/nlmon.ko
  INSTALL /lib/modules/6.11.0-rc1+/kernel/drivers/net/vrf.ko
  INSTALL /lib/modules/6.11.0-rc1+/kernel/drivers/net/xen-netfront.ko
  INSTALL /lib/modules/6.11.0-rc1+/kernel/drivers/net/xen-netback/xen-netback.ko
  INSTALL /lib/modules/6.11.0-rc1+/kernel/drivers/net/hyperv/hv_netvsc.ko
  INSTALL /lib/modules/6.11.0-rc1+/kernel/drivers/net/netdevsim/netdevsim.ko
  INSTALL /lib/modules/6.11.0-rc1+/kernel/drivers/net/net_failover.ko
  INSTALL /lib/modules/6.11.0-rc1+/kernel/drivers/cdrom/cdrom.ko
  INSTALL /lib/modules/6.11.0-rc1+/kernel/drivers/usb/host/ehci-hcd.ko
  INSTALL /lib/modules/6.11.0-rc1+/kernel/drivers/usb/host/ehci-pci.ko
  INSTALL /lib/modules/6.11.0-rc1+/kernel/drivers/usb/host/uhci-hcd.ko
  INSTALL /lib/modules/6.11.0-rc1+/kernel/drivers/usb/common/usb-common.ko
  INSTALL /lib/modules/6.11.0-rc1+/kernel/drivers/usb/core/usbcore.ko
  INSTALL /lib/modules/6.11.0-rc1+/kernel/drivers/input/serio/serport.ko
  INSTALL /lib/modules/6.11.0-rc1+/kernel/drivers/input/serio/serio_raw.ko
  INSTALL /lib/modules/6.11.0-rc1+/kernel/drivers/input/serio/hyperv-keyboard.ko
  INSTALL /lib/modules/6.11.0-rc1+/kernel/drivers/input/mouse/psmouse.ko
  INSTALL /lib/modules/6.11.0-rc1+/kernel/drivers/input/joydev.ko
  INSTALL /lib/modules/6.11.0-rc1+/kernel/drivers/input/evdev.ko
  INSTALL /lib/modules/6.11.0-rc1+/kernel/drivers/i2c/busses/i2c-piix4.ko
  INSTALL /lib/modules/6.11.0-rc1+/kernel/drivers/i2c/i2c-smbus.ko
  INSTALL /lib/modules/6.11.0-rc1+/kernel/drivers/watchdog/i6300esb.ko
  INSTALL /lib/modules/6.11.0-rc1+/kernel/drivers/md/raid0.ko
  INSTALL /lib/modules/6.11.0-rc1+/kernel/drivers/md/raid1.ko
  INSTALL /lib/modules/6.11.0-rc1+/kernel/drivers/md/raid10.ko
  INSTALL /lib/modules/6.11.0-rc1+/kernel/drivers/md/raid456.ko
  INSTALL /lib/modules/6.11.0-rc1+/kernel/drivers/md/bcache/bcache.ko
  INSTALL /lib/modules/6.11.0-rc1+/kernel/drivers/md/md-mod.ko
  INSTALL /lib/modules/6.11.0-rc1+/kernel/drivers/md/dm-mod.ko
  INSTALL /lib/modules/6.11.0-rc1+/kernel/drivers/md/dm-unstripe.ko
  INSTALL /lib/modules/6.11.0-rc1+/kernel/drivers/md/dm-bufio.ko
  INSTALL /lib/modules/6.11.0-rc1+/kernel/drivers/md/dm-bio-prison.ko
  INSTALL /lib/modules/6.11.0-rc1+/kernel/drivers/md/dm-crypt.ko
  INSTALL /lib/modules/6.11.0-rc1+/kernel/drivers/md/dm-delay.ko
  INSTALL /lib/modules/6.11.0-rc1+/kernel/drivers/md/dm-flakey.ko
  INSTALL /lib/modules/6.11.0-rc1+/kernel/drivers/md/dm-multipath.ko
  INSTALL /lib/modules/6.11.0-rc1+/kernel/drivers/md/dm-round-robin.ko
  INSTALL /lib/modules/6.11.0-rc1+/kernel/drivers/md/dm-queue-length.ko
  INSTALL /lib/modules/6.11.0-rc1+/kernel/drivers/md/dm-service-time.ko
  INSTALL /lib/modules/6.11.0-rc1+/kernel/drivers/md/dm-historical-service-time.ko
  INSTALL /lib/modules/6.11.0-rc1+/kernel/drivers/md/dm-io-affinity.ko
  INSTALL /lib/modules/6.11.0-rc1+/kernel/drivers/md/dm-snapshot.ko
  INSTALL /lib/modules/6.11.0-rc1+/kernel/drivers/md/persistent-data/dm-persistent-data.ko
  INSTALL /lib/modules/6.11.0-rc1+/kernel/drivers/md/dm-mirror.ko
  INSTALL /lib/modules/6.11.0-rc1+/kernel/drivers/md/dm-log.ko
  INSTALL /lib/modules/6.11.0-rc1+/kernel/drivers/md/dm-region-hash.ko
  INSTALL /lib/modules/6.11.0-rc1+/kernel/drivers/md/dm-zero.ko
  INSTALL /lib/modules/6.11.0-rc1+/kernel/drivers/md/dm-raid.ko
  INSTALL /lib/modules/6.11.0-rc1+/kernel/drivers/md/dm-thin-pool.ko
  INSTALL /lib/modules/6.11.0-rc1+/kernel/drivers/md/dm-verity.ko
  INSTALL /lib/modules/6.11.0-rc1+/kernel/drivers/md/dm-cache.ko
  INSTALL /lib/modules/6.11.0-rc1+/kernel/drivers/md/dm-cache-smq.ko
  INSTALL /lib/modules/6.11.0-rc1+/kernel/drivers/md/dm-ebs.ko
  INSTALL /lib/modules/6.11.0-rc1+/kernel/drivers/md/dm-era.ko
  INSTALL /lib/modules/6.11.0-rc1+/kernel/drivers/md/dm-clone.ko
  INSTALL /lib/modules/6.11.0-rc1+/kernel/drivers/md/dm-log-writes.ko
  INSTALL /lib/modules/6.11.0-rc1+/kernel/drivers/md/dm-integrity.ko
  INSTALL /lib/modules/6.11.0-rc1+/kernel/drivers/md/dm-zoned.ko
  INSTALL /lib/modules/6.11.0-rc1+/kernel/drivers/md/dm-writecache.ko
  INSTALL /lib/modules/6.11.0-rc1+/kernel/drivers/hv/hv_vmbus.ko
  INSTALL /lib/modules/6.11.0-rc1+/kernel/drivers/hv/hv_utils.ko
  INSTALL /lib/modules/6.11.0-rc1+/kernel/drivers/hv/hv_balloon.ko
  INSTALL /lib/modules/6.11.0-rc1+/kernel/drivers/perf/cxl_pmu.ko
  INSTALL /lib/modules/6.11.0-rc1+/kernel/drivers/parport/parport.ko
  INSTALL /lib/modules/6.11.0-rc1+/kernel/drivers/nvdimm/libnvdimm.ko
  INSTALL /lib/modules/6.11.0-rc1+/kernel/drivers/nvdimm/of_pmem.ko
  INSTALL /lib/modules/6.11.0-rc1+/kernel/drivers/nvdimm/virtio_pmem.ko
  INSTALL /lib/modules/6.11.0-rc1+/kernel/drivers/nvdimm/nd_virtio.ko
  INSTALL /lib/modules/6.11.0-rc1+/kernel/drivers/ata/libata.ko
  INSTALL /lib/modules/6.11.0-rc1+/kernel/drivers/ata/ata_piix.ko
  INSTALL /lib/modules/6.11.0-rc1+/kernel/drivers/ata/ata_generic.ko
  INSTALL /lib/modules/6.11.0-rc1+/kernel/drivers/target/target_core_mod.ko
  INSTALL /lib/modules/6.11.0-rc1+/kernel/drivers/target/target_core_iblock.ko
  INSTALL /lib/modules/6.11.0-rc1+/kernel/drivers/target/target_core_file.ko
  INSTALL /lib/modules/6.11.0-rc1+/kernel/drivers/target/target_core_pscsi.ko
  INSTALL /lib/modules/6.11.0-rc1+/kernel/drivers/target/loopback/tcm_loop.ko
  INSTALL /lib/modules/6.11.0-rc1+/kernel/drivers/target/iscsi/iscsi_target_mod.ko
  INSTALL /lib/modules/6.11.0-rc1+/kernel/drivers/infiniband/core/ib_core.ko
  INSTALL /lib/modules/6.11.0-rc1+/kernel/drivers/infiniband/core/ib_cm.ko
  INSTALL /lib/modules/6.11.0-rc1+/kernel/drivers/infiniband/core/iw_cm.ko
  INSTALL /lib/modules/6.11.0-rc1+/kernel/drivers/infiniband/core/rdma_cm.ko
  INSTALL /lib/modules/6.11.0-rc1+/kernel/drivers/infiniband/core/ib_umad.ko
  INSTALL /lib/modules/6.11.0-rc1+/kernel/drivers/infiniband/core/ib_uverbs.ko
  INSTALL /lib/modules/6.11.0-rc1+/kernel/drivers/infiniband/core/rdma_ucm.ko
  INSTALL /lib/modules/6.11.0-rc1+/kernel/drivers/infiniband/hw/mthca/ib_mthca.ko
  INSTALL /lib/modules/6.11.0-rc1+/kernel/drivers/infiniband/hw/efa/efa.ko
  INSTALL /lib/modules/6.11.0-rc1+/kernel/drivers/infiniband/hw/mlx4/mlx4_ib.ko
  INSTALL /lib/modules/6.11.0-rc1+/kernel/drivers/infiniband/hw/ocrdma/ocrdma.ko
  INSTALL /lib/modules/6.11.0-rc1+/kernel/drivers/infiniband/ulp/ipoib/ib_ipoib.ko
  INSTALL /lib/modules/6.11.0-rc1+/kernel/drivers/infiniband/ulp/srp/ib_srp.ko
  INSTALL /lib/modules/6.11.0-rc1+/kernel/drivers/infiniband/ulp/srpt/ib_srpt.ko
  INSTALL /lib/modules/6.11.0-rc1+/kernel/drivers/infiniband/ulp/iser/ib_iser.ko
  INSTALL /lib/modules/6.11.0-rc1+/kernel/drivers/infiniband/ulp/isert/ib_isert.ko
  INSTALL /lib/modules/6.11.0-rc1+/kernel/drivers/infiniband/ulp/rtrs/rtrs-core.ko
  INSTALL /lib/modules/6.11.0-rc1+/kernel/drivers/infiniband/ulp/rtrs/rtrs-client.ko
  INSTALL /lib/modules/6.11.0-rc1+/kernel/drivers/infiniband/ulp/rtrs/rtrs-server.ko
  INSTALL /lib/modules/6.11.0-rc1+/kernel/drivers/infiniband/sw/rxe/rdma_rxe.ko
  INSTALL /lib/modules/6.11.0-rc1+/kernel/drivers/infiniband/sw/siw/siw.ko
  INSTALL /lib/modules/6.11.0-rc1+/kernel/sound/soundcore.ko
  INSTALL /lib/modules/6.11.0-rc1+/kernel/sound/core/snd.ko
  INSTALL /lib/modules/6.11.0-rc1+/kernel/sound/core/snd-hwdep.ko
  INSTALL /lib/modules/6.11.0-rc1+/kernel/sound/core/snd-timer.ko
  INSTALL /lib/modules/6.11.0-rc1+/kernel/sound/core/snd-pcm.ko
  INSTALL /lib/modules/6.11.0-rc1+/kernel/sound/pci/hda/snd-hda-codec.ko
  INSTALL /lib/modules/6.11.0-rc1+/kernel/sound/pci/hda/snd-hda-codec-generic.ko
  INSTALL /lib/modules/6.11.0-rc1+/kernel/sound/pci/hda/snd-hda-intel.ko
  INSTALL /lib/modules/6.11.0-rc1+/kernel/sound/hda/snd-hda-core.ko
  INSTALL /lib/modules/6.11.0-rc1+/kernel/sound/hda/snd-intel-dspcfg.ko
  INSTALL /lib/modules/6.11.0-rc1+/kernel/sound/hda/snd-intel-sdw-acpi.ko
  INSTALL /lib/modules/6.11.0-rc1+/kernel/net/core/failover.ko
  INSTALL /lib/modules/6.11.0-rc1+/kernel/net/802/p8022.ko
  INSTALL /lib/modules/6.11.0-rc1+/kernel/net/802/psnap.ko
  INSTALL /lib/modules/6.11.0-rc1+/kernel/net/802/stp.ko
  INSTALL /lib/modules/6.11.0-rc1+/kernel/net/netfilter/nfnetlink.ko
  INSTALL /lib/modules/6.11.0-rc1+/kernel/net/netfilter/nfnetlink_acct.ko
  INSTALL /lib/modules/6.11.0-rc1+/kernel/net/netfilter/nfnetlink_queue.ko
  INSTALL /lib/modules/6.11.0-rc1+/kernel/net/netfilter/nfnetlink_log.ko
  INSTALL /lib/modules/6.11.0-rc1+/kernel/net/netfilter/nfnetlink_osf.ko
  INSTALL /lib/modules/6.11.0-rc1+/kernel/net/netfilter/nf_conntrack.ko
  INSTALL /lib/modules/6.11.0-rc1+/kernel/net/netfilter/nf_log_syslog.ko
  INSTALL /lib/modules/6.11.0-rc1+/kernel/net/netfilter/nf_nat.ko
  INSTALL /lib/modules/6.11.0-rc1+/kernel/net/netfilter/nf_synproxy_core.ko
  INSTALL /lib/modules/6.11.0-rc1+/kernel/net/netfilter/nf_conncount.ko
  INSTALL /lib/modules/6.11.0-rc1+/kernel/net/netfilter/nf_dup_netdev.ko
  INSTALL /lib/modules/6.11.0-rc1+/kernel/net/netfilter/nf_tables.ko
  INSTALL /lib/modules/6.11.0-rc1+/kernel/net/netfilter/nft_compat.ko
  INSTALL /lib/modules/6.11.0-rc1+/kernel/net/netfilter/nft_connlimit.ko
  INSTALL /lib/modules/6.11.0-rc1+/kernel/net/netfilter/nft_numgen.ko
  INSTALL /lib/modules/6.11.0-rc1+/kernel/net/netfilter/nft_ct.ko
  INSTALL /lib/modules/6.11.0-rc1+/kernel/net/netfilter/nft_limit.ko
  INSTALL /lib/modules/6.11.0-rc1+/kernel/net/netfilter/nft_nat.ko
  INSTALL /lib/modules/6.11.0-rc1+/kernel/net/netfilter/nft_queue.ko
  INSTALL /lib/modules/6.11.0-rc1+/kernel/net/netfilter/nft_quota.ko
  INSTALL /lib/modules/6.11.0-rc1+/kernel/net/netfilter/nft_reject.ko
  INSTALL /lib/modules/6.11.0-rc1+/kernel/net/netfilter/nft_reject_inet.ko
  INSTALL /lib/modules/6.11.0-rc1+/kernel/net/netfilter/nft_tunnel.ko
  INSTALL /lib/modules/6.11.0-rc1+/kernel/net/netfilter/nft_log.ko
  INSTALL /lib/modules/6.11.0-rc1+/kernel/net/netfilter/nft_masq.ko
  INSTALL /lib/modules/6.11.0-rc1+/kernel/net/netfilter/nft_redir.ko
  INSTALL /lib/modules/6.11.0-rc1+/kernel/net/netfilter/nft_hash.ko
  INSTALL /lib/modules/6.11.0-rc1+/kernel/net/netfilter/nft_socket.ko
  INSTALL /lib/modules/6.11.0-rc1+/kernel/net/netfilter/nft_osf.ko
  INSTALL /lib/modules/6.11.0-rc1+/kernel/net/netfilter/nft_tproxy.ko
  INSTALL /lib/modules/6.11.0-rc1+/kernel/net/netfilter/nft_xfrm.ko
  INSTALL /lib/modules/6.11.0-rc1+/kernel/net/netfilter/nft_synproxy.ko
  INSTALL /lib/modules/6.11.0-rc1+/kernel/net/netfilter/nft_chain_nat.ko
  INSTALL /lib/modules/6.11.0-rc1+/kernel/net/netfilter/nft_dup_netdev.ko
  INSTALL /lib/modules/6.11.0-rc1+/kernel/net/netfilter/nft_fwd_netdev.ko
  INSTALL /lib/modules/6.11.0-rc1+/kernel/net/netfilter/nf_flow_table.ko
  INSTALL /lib/modules/6.11.0-rc1+/kernel/net/netfilter/x_tables.ko
  INSTALL /lib/modules/6.11.0-rc1+/kernel/net/netfilter/xt_tcpudp.ko
  INSTALL /lib/modules/6.11.0-rc1+/kernel/net/netfilter/xt_mark.ko
  INSTALL /lib/modules/6.11.0-rc1+/kernel/net/netfilter/xt_connmark.ko
  INSTALL /lib/modules/6.11.0-rc1+/kernel/net/netfilter/xt_nat.ko
  INSTALL /lib/modules/6.11.0-rc1+/kernel/net/netfilter/xt_AUDIT.ko
  INSTALL /lib/modules/6.11.0-rc1+/kernel/net/netfilter/xt_CLASSIFY.ko
  INSTALL /lib/modules/6.11.0-rc1+/kernel/net/netfilter/xt_CONNSECMARK.ko
  INSTALL /lib/modules/6.11.0-rc1+/kernel/net/netfilter/xt_HMARK.ko
  INSTALL /lib/modules/6.11.0-rc1+/kernel/net/netfilter/xt_LED.ko
  INSTALL /lib/modules/6.11.0-rc1+/kernel/net/netfilter/xt_LOG.ko
  INSTALL /lib/modules/6.11.0-rc1+/kernel/net/netfilter/xt_NETMAP.ko
  INSTALL /lib/modules/6.11.0-rc1+/kernel/net/netfilter/xt_NFLOG.ko
  INSTALL /lib/modules/6.11.0-rc1+/kernel/net/netfilter/xt_NFQUEUE.ko
  INSTALL /lib/modules/6.11.0-rc1+/kernel/net/netfilter/xt_RATEEST.ko
  INSTALL /lib/modules/6.11.0-rc1+/kernel/net/netfilter/xt_REDIRECT.ko
  INSTALL /lib/modules/6.11.0-rc1+/kernel/net/netfilter/xt_MASQUERADE.ko
  INSTALL /lib/modules/6.11.0-rc1+/kernel/net/netfilter/xt_SECMARK.ko
  INSTALL /lib/modules/6.11.0-rc1+/kernel/net/netfilter/xt_TCPMSS.ko
  INSTALL /lib/modules/6.11.0-rc1+/kernel/net/netfilter/xt_TEE.ko
  INSTALL /lib/modules/6.11.0-rc1+/kernel/net/netfilter/xt_IDLETIMER.ko
  INSTALL /lib/modules/6.11.0-rc1+/kernel/net/netfilter/xt_addrtype.ko
  INSTALL /lib/modules/6.11.0-rc1+/kernel/net/netfilter/xt_bpf.ko
  INSTALL /lib/modules/6.11.0-rc1+/kernel/net/netfilter/xt_cluster.ko
  INSTALL /lib/modules/6.11.0-rc1+/kernel/net/netfilter/xt_comment.ko
  INSTALL /lib/modules/6.11.0-rc1+/kernel/net/netfilter/xt_connbytes.ko
  INSTALL /lib/modules/6.11.0-rc1+/kernel/net/netfilter/xt_connlabel.ko
  INSTALL /lib/modules/6.11.0-rc1+/kernel/net/netfilter/xt_connlimit.ko
  INSTALL /lib/modules/6.11.0-rc1+/kernel/net/netfilter/xt_conntrack.ko
  INSTALL /lib/modules/6.11.0-rc1+/kernel/net/netfilter/xt_cpu.ko
  INSTALL /lib/modules/6.11.0-rc1+/kernel/net/netfilter/xt_dccp.ko
  INSTALL /lib/modules/6.11.0-rc1+/kernel/net/netfilter/xt_devgroup.ko
  INSTALL /lib/modules/6.11.0-rc1+/kernel/net/netfilter/xt_dscp.ko
  INSTALL /lib/modules/6.11.0-rc1+/kernel/net/netfilter/xt_ecn.ko
  INSTALL /lib/modules/6.11.0-rc1+/kernel/net/netfilter/xt_esp.ko
  INSTALL /lib/modules/6.11.0-rc1+/kernel/net/netfilter/xt_hashlimit.ko
  INSTALL /lib/modules/6.11.0-rc1+/kernel/net/netfilter/xt_helper.ko
  INSTALL /lib/modules/6.11.0-rc1+/kernel/net/netfilter/xt_hl.ko
  INSTALL /lib/modules/6.11.0-rc1+/kernel/net/netfilter/xt_ipcomp.ko
  INSTALL /lib/modules/6.11.0-rc1+/kernel/net/netfilter/xt_iprange.ko
  INSTALL /lib/modules/6.11.0-rc1+/kernel/net/netfilter/xt_l2tp.ko
  INSTALL /lib/modules/6.11.0-rc1+/kernel/net/netfilter/xt_length.ko
  INSTALL /lib/modules/6.11.0-rc1+/kernel/net/netfilter/xt_limit.ko
  INSTALL /lib/modules/6.11.0-rc1+/kernel/net/netfilter/xt_mac.ko
  INSTALL /lib/modules/6.11.0-rc1+/kernel/net/netfilter/xt_multiport.ko
  INSTALL /lib/modules/6.11.0-rc1+/kernel/net/netfilter/xt_nfacct.ko
  INSTALL /lib/modules/6.11.0-rc1+/kernel/net/netfilter/xt_osf.ko
  INSTALL /lib/modules/6.11.0-rc1+/kernel/net/netfilter/xt_owner.ko
  INSTALL /lib/modules/6.11.0-rc1+/kernel/net/netfilter/xt_cgroup.ko
  INSTALL /lib/modules/6.11.0-rc1+/kernel/net/netfilter/xt_physdev.ko
  INSTALL /lib/modules/6.11.0-rc1+/kernel/net/netfilter/xt_pkttype.ko
  INSTALL /lib/modules/6.11.0-rc1+/kernel/net/netfilter/xt_policy.ko
  INSTALL /lib/modules/6.11.0-rc1+/kernel/net/netfilter/xt_quota.ko
  INSTALL /lib/modules/6.11.0-rc1+/kernel/net/netfilter/xt_rateest.ko
  INSTALL /lib/modules/6.11.0-rc1+/kernel/net/netfilter/xt_realm.ko
  INSTALL /lib/modules/6.11.0-rc1+/kernel/net/netfilter/xt_recent.ko
  INSTALL /lib/modules/6.11.0-rc1+/kernel/net/netfilter/xt_sctp.ko
  INSTALL /lib/modules/6.11.0-rc1+/kernel/net/netfilter/xt_socket.ko
  INSTALL /lib/modules/6.11.0-rc1+/kernel/net/netfilter/xt_state.ko
  INSTALL /lib/modules/6.11.0-rc1+/kernel/net/netfilter/xt_statistic.ko
  INSTALL /lib/modules/6.11.0-rc1+/kernel/net/netfilter/xt_string.ko
  INSTALL /lib/modules/6.11.0-rc1+/kernel/net/netfilter/xt_tcpmss.ko
  INSTALL /lib/modules/6.11.0-rc1+/kernel/net/netfilter/xt_time.ko
  INSTALL /lib/modules/6.11.0-rc1+/kernel/net/netfilter/xt_u32.ko
  INSTALL /lib/modules/6.11.0-rc1+/kernel/net/ipv4/netfilter/nf_defrag_ipv4.ko
  INSTALL /lib/modules/6.11.0-rc1+/kernel/net/ipv4/netfilter/nf_socket_ipv4.ko
  INSTALL /lib/modules/6.11.0-rc1+/kernel/net/ipv4/netfilter/nf_tproxy_ipv4.ko
  INSTALL /lib/modules/6.11.0-rc1+/kernel/net/ipv4/netfilter/nf_reject_ipv4.ko
  INSTALL /lib/modules/6.11.0-rc1+/kernel/net/ipv4/netfilter/nft_reject_ipv4.ko
  INSTALL /lib/modules/6.11.0-rc1+/kernel/net/ipv4/netfilter/nf_dup_ipv4.ko
  INSTALL /lib/modules/6.11.0-rc1+/kernel/net/ipv4/ip_tunnel.ko
  INSTALL /lib/modules/6.11.0-rc1+/kernel/net/ipv4/udp_tunnel.ko
  INSTALL /lib/modules/6.11.0-rc1+/kernel/net/xfrm/xfrm_algo.ko
  INSTALL /lib/modules/6.11.0-rc1+/kernel/net/xfrm/xfrm_user.ko
  INSTALL /lib/modules/6.11.0-rc1+/kernel/net/xfrm/xfrm_interface.ko
  INSTALL /lib/modules/6.11.0-rc1+/kernel/net/ipv6/netfilter/nf_defrag_ipv6.ko
  INSTALL /lib/modules/6.11.0-rc1+/kernel/net/ipv6/netfilter/nf_socket_ipv6.ko
  INSTALL /lib/modules/6.11.0-rc1+/kernel/net/ipv6/netfilter/nf_tproxy_ipv6.ko
  INSTALL /lib/modules/6.11.0-rc1+/kernel/net/ipv6/netfilter/nf_reject_ipv6.ko
  INSTALL /lib/modules/6.11.0-rc1+/kernel/net/ipv6/netfilter/nft_reject_ipv6.ko
  INSTALL /lib/modules/6.11.0-rc1+/kernel/net/ipv6/ip6_udp_tunnel.ko
  INSTALL /lib/modules/6.11.0-rc1+/kernel/net/9p/9pnet_xen.ko
  INSTALL /lib/modules/6.11.0-rc1+/kernel/net/9p/9pnet_virtio.ko
  INSTALL /lib/modules/6.11.0-rc1+/kernel/net/9p/9pnet_rdma.ko
  INSTALL /lib/modules/6.11.0-rc1+/kernel/net/llc/llc.ko
  INSTALL /lib/modules/6.11.0-rc1+/kernel/net/key/af_key.ko
  INSTALL /lib/modules/6.11.0-rc1+/kernel/net/bridge/bridge.ko
  INSTALL /lib/modules/6.11.0-rc1+/kernel/net/bridge/br_netfilter.ko
  INSTALL /lib/modules/6.11.0-rc1+/kernel/net/sunrpc/sunrpc.ko
  INSTALL /lib/modules/6.11.0-rc1+/kernel/net/sunrpc/auth_gss/auth_rpcgss.ko
  INSTALL /lib/modules/6.11.0-rc1+/kernel/net/sunrpc/auth_gss/rpcsec_gss_krb5.ko
  INSTALL /lib/modules/6.11.0-rc1+/kernel/net/sunrpc/xprtrdma/rpcrdma.ko
  INSTALL /lib/modules/6.11.0-rc1+/kernel/net/dns_resolver/dns_resolver.ko
  INSTALL /lib/modules/6.11.0-rc1+/kernel/net/vmw_vsock/vsock.ko
  INSTALL /lib/modules/6.11.0-rc1+/kernel/net/vmw_vsock/vsock_diag.ko
  INSTALL /lib/modules/6.11.0-rc1+/kernel/net/vmw_vsock/vmw_vsock_virtio_transport.ko
  INSTALL /lib/modules/6.11.0-rc1+/kernel/net/vmw_vsock/vmw_vsock_virtio_transport_common.ko
  INSTALL /lib/modules/6.11.0-rc1+/kernel/net/vmw_vsock/hv_sock.ko
  INSTALL /lib/modules/6.11.0-rc1+/kernel/net/vmw_vsock/vsock_loopback.ko
  DEPMOD  /lib/modules/6.11.0-rc1+
  INSTALL /boot
TASK:  [kci-18051236464-20-xfs-reflink-4k,kci-18051236464-20-xfs-reflink-4k-dev]
⠀⠀⊘ [kci-18051236464-20-xfs-reflink-4k]
⠀⠀⊘ [kci-18051236464-20-xfs-reflink-4k-dev]
TASK: Ensure we have GRUB_DEFAULT=saved [kci-18051236464-20-xfs-reflink-4k,kci-18051236464-20-xfs-reflink-4k-dev]
⠀⠀✓ [kci-18051236464-20-xfs-reflink-4k-dev]
⠀⠀✓ [kci-18051236464-20-xfs-reflink-4k]
TASK: Use GRUB_DISABLE_SUBMENU=y to enable grub-set-default use with one digit [kci-18051236464-20-xfs-reflink-4k,kci-18051236464-20-xfs-reflink-4k-dev]
⠀⠀✓ [kci-18051236464-20-xfs-reflink-4k]
⠀⠀✓ [kci-18051236464-20-xfs-reflink-4k-dev]
TASK: Run update-grub [kci-18051236464-20-xfs-reflink-4k,kci-18051236464-20-xfs-reflink-4k-dev]
⠀⠀⊘ [kci-18051236464-20-xfs-reflink-4k]
⠀⠀⊘ [kci-18051236464-20-xfs-reflink-4k-dev]
TASK: Run update-grub [kci-18051236464-20-xfs-reflink-4k,kci-18051236464-20-xfs-reflink-4k-dev]
⠀⠀⊘ [kci-18051236464-20-xfs-reflink-4k]
⠀⠀⊘ [kci-18051236464-20-xfs-reflink-4k-dev]
TASK: Disable Grub menu auto-hide [kci-18051236464-20-xfs-reflink-4k,kci-18051236464-20-xfs-reflink-4k-dev]
⠀⠀✓ [kci-18051236464-20-xfs-reflink-4k]
⠀⠀✓ [kci-18051236464-20-xfs-reflink-4k-dev]
TASK: Determine if system was booted using UEFI [kci-18051236464-20-xfs-reflink-4k,kci-18051236464-20-xfs-reflink-4k-dev]
⠀⠀✓ [kci-18051236464-20-xfs-reflink-4k-dev]
⠀⠀✓ [kci-18051236464-20-xfs-reflink-4k]
TASK: Use /etc/grub2.cfg as the grub configuration file [kci-18051236464-20-xfs-reflink-4k,kci-18051236464-20-xfs-reflink-4k-dev]
⠀⠀⊘ [kci-18051236464-20-xfs-reflink-4k]
⠀⠀⊘ [kci-18051236464-20-xfs-reflink-4k-dev]
TASK: Use /etc/grub2-efi.cfg as the configuration file [kci-18051236464-20-xfs-reflink-4k,kci-18051236464-20-xfs-reflink-4k-dev]
⠀⠀✓ [kci-18051236464-20-xfs-reflink-4k]
⠀⠀✓ [kci-18051236464-20-xfs-reflink-4k-dev]
TASK:  [kci-18051236464-20-xfs-reflink-4k,kci-18051236464-20-xfs-reflink-4k-dev]
⠀⠀✓ [kci-18051236464-20-xfs-reflink-4k]
⠀⠀✓ [kci-18051236464-20-xfs-reflink-4k-dev]
TASK: Set the pathname used to extract the kernel release [kci-18051236464-20-xfs-reflink-4k,kci-18051236464-20-xfs-reflink-4k-dev]
⠀⠀✓ [kci-18051236464-20-xfs-reflink-4k]
⠀⠀✓ [kci-18051236464-20-xfs-reflink-4k-dev]
TASK:  [kci-18051236464-20-xfs-reflink-4k,kci-18051236464-20-xfs-reflink-4k-dev]
⠀⠀✓ [kci-18051236464-20-xfs-reflink-4k]
⠀⠀✓ [kci-18051236464-20-xfs-reflink-4k-dev]
TASK:  [kci-18051236464-20-xfs-reflink-4k,kci-18051236464-20-xfs-reflink-4k-dev]
⠀⠀✓ [kci-18051236464-20-xfs-reflink-4k]
⠀⠀✓ [kci-18051236464-20-xfs-reflink-4k-dev]
TASK:  [kci-18051236464-20-xfs-reflink-4k,kci-18051236464-20-xfs-reflink-4k-dev]
⠀⠀✓ [kci-18051236464-20-xfs-reflink-4k]
⠀⠀✓ [kci-18051236464-20-xfs-reflink-4k-dev]
TASK:  [kci-18051236464-20-xfs-reflink-4k,kci-18051236464-20-xfs-reflink-4k-dev]
⠀⠀⊘ [kci-18051236464-20-xfs-reflink-4k]
⠀⠀⊘ [kci-18051236464-20-xfs-reflink-4k-dev]
TASK:  [kci-18051236464-20-xfs-reflink-4k,kci-18051236464-20-xfs-reflink-4k-dev]
⠀⠀⊘ [host]
⠀⠀⊘ [host]
TASK:  [kci-18051236464-20-xfs-reflink-4k,kci-18051236464-20-xfs-reflink-4k-dev]
⠀⠀⊘ [host]
⠀⠀⊘ [host]
TASK:  [kci-18051236464-20-xfs-reflink-4k,kci-18051236464-20-xfs-reflink-4k-dev]
⠀⠀⊘ [host]
⠀⠀⊘ [host]
TASK: Set default kernelrelease if not determined [kci-18051236464-20-xfs-reflink-4k,kci-18051236464-20-xfs-reflink-4k-dev]
⠀⠀⊘ [kci-18051236464-20-xfs-reflink-4k]
⠀⠀⊘ [kci-18051236464-20-xfs-reflink-4k-dev]
TASK:  [kci-18051236464-20-xfs-reflink-4k,kci-18051236464-20-xfs-reflink-4k-dev]
⠀⠀⊘ [kci-18051236464-20-xfs-reflink-4k]
⠀⠀⊘ [kci-18051236464-20-xfs-reflink-4k-dev]
TASK:  [kci-18051236464-20-xfs-reflink-4k,kci-18051236464-20-xfs-reflink-4k-dev]
⠀⠀⊘ [kci-18051236464-20-xfs-reflink-4k]
⠀⠀⊘ [kci-18051236464-20-xfs-reflink-4k-dev]
TASK:  [kci-18051236464-20-xfs-reflink-4k,kci-18051236464-20-xfs-reflink-4k-dev]
[WARNING]: Unable to find '/data/vfs/include/config/kernel.release' in expected
paths (use -vvvvv to see paths)
[WARNING]: Failure using method (v2_runner_on_skipped) in callback plugin
(<ansible_collections.community.general.plugins.callback.diy.CallbackModule
object at 0xffff7dc036a0>): An unhandled exception occurred while templating
'{'playbook': {'entries': [Bootlinux], 'file_name': 'playbooks/bootlinux.yml',
'basedir': '/data1-xfs/dagomez/kdevops/playbooks'}, 'play':
{'any_errors_fatal': False, 'become': False, 'become_flags': None,
'become_method': 'sudo', 'become_user': None, 'check_mode': False,
'collections': [], 'connection': 'ssh', 'debugger': None, 'diff': False,
'environment': None, 'fact_path': None, 'finalized': True, 'force_handlers':
False, 'gather_facts': None, 'gather_subset': None, 'gather_timeout': None,
'handlers': [], 'hosts': ['all'], 'ignore_errors': None, 'ignore_unreachable':
None, 'included_conditional': None, 'included_path': None,
'max_fail_percentage': None, 'module_defaults': None, 'name': 'Bootlinux',
'no_log': False, 'only_tags': {'all'}, 'order': None, 'port': None,
'post_tasks': [], 'pre_tasks': [], 'remote_user': None, 'removed_hosts': [],
'roles': [bootlinux], 'run_once': None, 'serial': [], 'skip_tags': set(),
'squashed': False, 'strategy': 'linear', 'tags': [], 'tasks': [], 'uuid':
'd85ed3e1-3e79-48eb-f19c-000000000004', 'validated': True, 'vars_files': [],
'vars_prompt': []}, 'task': {'action': 'ansible.builtin.set_fact',
'any_errors_fatal': False, 'args': {'kernelrelease': "{{
lookup('ansible.builtin.file', kernelrelease_file) | trim }}"}, 'async': 0,
'async_val': 0, 'become': False, 'become_flags': None, 'become_method': 'sudo',
'become_user': None, 'changed_when': [], 'check_mode': False, 'collections':
[], 'connection': 'ssh', 'debugger': None, 'delay': 5, 'delegate_facts': None,
'delegate_to': None, 'diff': False, 'environment': [], 'failed_when': [],
'finalized': False, 'ignore_errors': None, 'ignore_unreachable': None, 'loop':
None, 'loop_control': <ansible.playbook.loop_control.LoopControl object at
0xffff7cc55130>, 'loop_with': None, 'module_defaults': [], 'name': 'Get the
kernel release of packaged kernel to be installed', 'no_log': False, 'notify':
None, 'parent': BLOCK(uuid=d85ed3e1-3e79-48eb-f19c-000000000098)(id=28147277639
7104)(parent=TASK: bootlinux : Set the default kernel if necessary), 'poll':
15, 'port': None, 'register': None, 'remote_user': None, 'retries': 3, 'role':
bootlinux, 'run_once': None, 'squashed': False, 'tags': ['saved'], 'untagged':
frozenset({'untagged'}), 'until': [], 'uuid':
'd85ed3e1-3e79-48eb-f19c-00000000009b', 'validated': True, 'when':
['workflow_linux_packaged|bool', 'kernel_release_file.stat.exists']}, 'result':
{'host': kci-18051236464-20-xfs-reflink-4k, 'task': TASK: bootlinux : Get the
kernel release of packaged kernel to be installed, 'task_name': 'Get the kernel
release of packaged kernel to be installed', 'is_changed': False, 'is_failed':
False, 'is_skipped': False, 'is_unreachable': False, 'output': {'changed':
False, 'skip_reason': 'Conditional result was False', '_ansible_no_log':
False}}, 'top_level_var_names': ['kdevops_bootlinux', 'infer_uid_and_group',
'data_path', 'data_user', 'data_group', 'data_device', 'data_fstype',
'data_label', 'data_fs_opts', 'target_linux_admin_name',
'target_linux_admin_email', 'target_linux_git', 'target_linux_shallow_depth',
'target_linux_tree', 'target_linux_dir_path', 'kdevops_baseline_and_dev',
'target_linux_ref', 'target_linux_delta_file', 'target_linux_config', 'make',
'target_linux_make_cmd', 'bootlinux_make_params',
'bootlinux_build_environment', 'target_linux_make_install_cmd',
'uninstall_kernel_enable', 'bootlinux_b4_am_this_host', 'bootlinux_9p',
'bootlinux_targets', 'bootlinux_builder', 'kdevops_workflow_enable_cxl',
'bootlinux_cxl_test', 'bootlinux_tree_set_by_cli', 'bootlinux_artifacts_dir',
'kernel_packages', 'workflow_linux_packaged', 'bootlinux_ab_same_ref',
'bootlinux_ab_different_ref', 'bootlinux_dev_tree', 'target_linux_dev_ref',
'target_linux_dev_kernelrelease', 'target_linux_dev_localversion',
'bootlinux_tree_custom_kernelrelease', 'bootlinux_tree_custom_localversion',
'bootlinux_is_dev_node', 'bootlinux_debug_ref',
'bootlinux_use_config_fragments', 'bootlinux_fragment_tiny',
'bootlinux_fragment_nopm', 'bootlinux_fragment_debug',
'bootlinux_fragment_hardening', 'bootlinux_fragment_kvm_guest',
'bootlinux_fragment_xen', 'bootlinux_fragment_rust',
'bootlinux_fragment_64bit', 'bootlinux_fragment_systemd',
'bootlinux_fragment_distro', 'bootlinux_fragment_storage',
'bootlinux_fragment_virtio_fs', 'bootlinux_fragment_numa',
'bootlinux_fragment_modules', 'bootlinux_fragment_initramfs',
'bootlinux_fragment_ebpf', 'bootlinux_fragment_gdb',
'bootlinux_fragment_vm_debug', 'bootlinux_fragment_localversion',
'bootlinux_fragment_blktrace', 'bootlinux_fragment_ksm',
'bootlinux_fragment_arm64_4k_pages', 'bootlinux_fragment_arm64_16k_pages',
'bootlinux_fragment_arm64_64k_pages', 'bootlinux_fragment_buffer_head',
'bootlinux_fragment_ebpf_errorinj', 'bootlinux_fragment_localauto',
'bootlinux_fragment_moby', 'bootlinux_fragment_modules_blk',
'bootlinux_fragment_x86', 'bootlinux_fragment_xarray',
'bootlinux_fragment_xarray_no_multi', 'ansible_python_interpreter',
'data_home_dir', 'num_jobs', 'sparsefiles_device', 'sparsefiles_path',
'sparsefiles_fstype', 'sparsefiles_label', 'sparsefiles_fs_opts', 'pkg_libaio',
'inventory_file', 'inventory_dir', 'inventory_hostname',
'inventory_hostname_short', 'group_names', 'ansible_facts', 'ansible_fips',
'ansible_system_capabilities_enforced', 'ansible_system_capabilities',
'ansible_user_id', 'ansible_user_uid', 'ansible_user_gid',
'ansible_user_gecos', 'ansible_user_dir', 'ansible_user_shell',
'ansible_real_user_id', 'ansible_effective_user_id', 'ansible_real_group_id',
'ansible_effective_group_id', 'ansible_ssh_host_key_rsa_public',
'ansible_ssh_host_key_rsa_public_keytype', 'ansible_ssh_host_key_ecdsa_public',
'ansible_ssh_host_key_ecdsa_public_keytype',
'ansible_ssh_host_key_ed25519_public',
'ansible_ssh_host_key_ed25519_public_keytype', 'ansible_apparmor',
'ansible_virtualization_role', 'ansible_virtualization_type',
'ansible_virtualization_tech_guest', 'ansible_virtualization_tech_host',
'ansible_is_chroot', 'ansible_dns', 'ansible_system', 'ansible_kernel',
'ansible_kernel_version', 'ansible_machine', 'ansible_python_version',
'ansible_fqdn', 'ansible_hostname', 'ansible_nodename', 'ansible_domain',
'ansible_userspace_bits', 'ansible_architecture', 'ansible_machine_id',
'ansible_hostnqn', 'ansible_date_time', 'ansible_distribution',
'ansible_distribution_release', 'ansible_distribution_version',
'ansible_distribution_major_version', 'ansible_distribution_file_path',
'ansible_distribution_file_variety', 'ansible_distribution_file_parsed',
'ansible_os_family', 'ansible_processor', 'ansible_processor_count',
'ansible_processor_cores', 'ansible_processor_threads_per_core',
'ansible_processor_vcpus', 'ansible_processor_nproc', 'ansible_memtotal_mb',
'ansible_memfree_mb', 'ansible_swaptotal_mb', 'ansible_swapfree_mb',
'ansible_memory_mb', 'ansible_bios_date', 'ansible_bios_vendor',
'ansible_bios_version', 'ansible_board_asset_tag', 'ansible_board_name',
'ansible_board_serial', 'ansible_board_vendor', 'ansible_board_version',
'ansible_chassis_asset_tag', 'ansible_chassis_serial',
'ansible_chassis_vendor', 'ansible_chassis_version', 'ansible_form_factor',
'ansible_product_name', 'ansible_product_serial', 'ansible_product_uuid',
'ansible_product_version', 'ansible_system_vendor', 'ansible_devices',
'ansible_device_links', 'ansible_uptime_seconds', 'ansible_lvm',
'ansible_mounts', 'ansible_cmdline', 'ansible_proc_cmdline',
'ansible_fibre_channel_wwn', 'ansible_python', 'ansible_env',
'ansible_iscsi_iqn', 'ansible_lsb', 'ansible_local',
'ansible_selinux_python_present', 'ansible_selinux', 'ansible_loadavg',
'ansible_service_mgr', 'ansible_interfaces', 'ansible_lo', 'ansible_enp1s0',
'ansible_default_ipv4', 'ansible_default_ipv6', 'ansible_all_ipv4_addresses',
'ansible_all_ipv6_addresses', 'ansible_pkg_mgr', 'gather_subset',
'module_setup', 'getent_passwd', 'getent_group', 'kdevops_first_run',
'distro_redhat_based', 'distro_centos', 'target_arch_x86_64',
'target_arch_arm64', 'target_arch_ppc64le', 'kdevops_ssh_config_prefix',
'install_only_git_daemon', 'kdevops_enable_guestfs', 'guestfs_storage_dir',
'guestfs_base_image_dir', 'kdevops_use_declared_hosts', 'libvirt_uri_system',
'libvirt_uri_path', 'libvirt_storage_pool_path', 'qemu_bin_path', 'qemu_build',
'libvirt_image_size', 'libvirt_machine_type_string',
'libvirt_extra_storage_drive_count', 'libvirt_extra_storage_drive_nvme',
'libvirt_extra_storage_drive_virtio', 'libvirt_extra_storage_drive_ide',
'libvirt_extra_storage_drive_scsi', 'libvirt_storage_pool_create',
'libvirt_enable_gdb', 'kdevops_storage_pool_user', 'kdevops_storage_pool_path',
'bootlinux_compiler_gcc', 'bootlinux_compiler_clang',
'bootlinux_reproducible_builds', 'bootlinux_clean_before_build',
'bootlinux_ccache', 'bootlinux_ccache_system_wide',
'bootlinux_ccache_kdevops_managed', 'bootlinux_tree', 'kdevops_workflow_name',
'kdevops_workflow_enable_sysbench', 'sysbench_db_type_postgresql',
'sysbench_test_atomics', 'sysbench_test_atomics_tps_variability',
'sysbench_disable_full_page_writes_auto',
'sysbench_disable_full_page_writes_always',
'sysbench_test_atomics_xfs_16k_4ks_lbs',
'sysbench_test_atomics_xfs_32k_4ks_lbs',
'sysbench_test_atomics_xfs_64k_4ks_lbs',
'sysbench_test_atomics_ext4_4k_4ks_bigalloc_16k',
'sysbench_test_atomics_ext4_4k_4ks_bigalloc_32k',
'sysbench_test_atomics_ext4_4k_4ks_bigalloc_64k', 'sysbench_device_baseline',
'sysbench_device_dev', 'sysbench_label', 'sysbench_mnt', 'sysbench_fs_xfs',
'sysbench_supported_filesystem_xfs', 'sysbench_xfs_sector_size_512',
'sysbench_xfs_sector_size_4k', 'sysbench_xfs_sector_size_16k',
'sysbench_xfs_sector_size_32k', 'sysbench_xfs_sector_size',
'sysbench_xfs_section_reflink_4k', 'sysbench_xfs_section_reflink_4k_cmd',
'sysbench_xfs_section_reflink_4k_db_page_size',
'sysbench_xfs_section_reflink_8k', 'sysbench_xfs_section_reflink_16k',
'sysbench_xfs_section_reflink_32k', 'sysbench_xfs_section_reflink_64k',
'sysbench_fs_ext4', 'sysbench_docker', 'sysbench_native',
'sysbench_local_db_port', 'sysbench_type_postgresql_native',
'sysbench_postgresql_version_rel_17', 'sysbench_postgresql_version_rel_16',
'sysbench_postgresql_version_rel_15', 'sysbench_postgresql_ref_string',
'sysbench_postgresql_repo_path', 'sysbench_postgresql_blocksize',
'sysbench_postgresql_wal_blocksize', 'sysbench_postgresql_user',
'sysbench_postgresql_logfile', 'sysbench_postgresql_pgdata',
'sysbench_postgresql_controldata_logfile', 'sysbench_postgresql_configuration',
'sysbench_db_type', 'sysbench_db_name', 'sysbench_db_username',
'sysbench_root_db_password', 'sysbench_db_password',
'sysbench_report_interval', 'sysbench_oltp_table_size',
'sysbench_oltp_table_count', 'sysbench_threads', 'sysbench_test_duration',
'sysbench_telemetry_path', 'kdevops_workflow_enable_ssd_steady_state',
'enable_monitoring', 'kdevops_hosts_prefix', 'kdevops_host_prefix',
'ansible_cfg_callback_plugin_string',
'ansible_cfg_callback_plugin_check_mode_markers',
'ansible_cfg_callback_plugin_display_failed_stderr',
'ansible_cfg_callback_plugin_display_ok_hosts',
'ansible_cfg_callback_plugin_display_skipped_hosts',
'ansible_cfg_callback_plugin_show_custom_stats',
'ansible_cfg_callback_plugin_show_per_host_start',
'ansible_cfg_callback_plugin_show_task_path_on_failure',
'ansible_cfg_callback_plugin_profile_tasks',
'ansible_cfg_deprecation_warnings', 'ansible_cfg_interpreter_python_string',
'ansible_cfg_forks', 'ansible_cfg_task_debugger', 'kdevops_version',
'topdir_path_sha256sum', 'ansible_cfg_file', 'ansible_cfg_inventory',
'pcie_passthrough_enable', 'pcie_passthrough_target_type_each_per_device',
'pcie_passthrough_target_type', 'guestfs_path', 'virtbuilder_os_version',
'libvirt_provider', 'kdevops_storage_pool_group', 'storage_pool_group',
'devconfig_enable_systemd_timesyncd', 'devconfig_enable_systemd_timesyncd_ntp',
'devconfig_enable_systemd_timesyncd_ntp_google_debian',
'devconfig_systemd_journal_remote_url',
'devconfig_enable_systemd_journal_remote',
'devconfig_systemd_journal_use_http', 'kdevops_git', 'kdevops_git_version',
'kdevops_data', 'kdevops_dir', 'target_linux_kernelrelease',
'target_linux_localversion', 'bootlinux_9p_host_path', 'bootlinux_9p_msize',
'bootlinux_9p_fsdev', 'bootlinux_9p_security_model', 'bootlinux_9p_driver',
'bootlinux_9p_mount_tag', 'devconfig_enable_console', 'devconfig_grub_timeout',
'sshconfig', 'kdevops_ssh_config', 'kdevops_ansible_provision_playbook',
'kdevops_devconfig_custom_repos', 'kdevops_devconfig_custom_packages',
'topdir_path', 'kdevops_playbooks_dir', 'kdevops_hosts_template',
'kdevops_hosts_template_full_path', 'kdevops_playbooks_dir_full_path',
'kdevops_genhosts_templates_dir', 'kdevops_python_interpreter',
'kdevops_python_old_interpreter', 'kdevops_workflows_dedicated_workflow',
'kdevops_nodes', 'kdevops_nodes_template', 'kdevops_nodes_template_full_path',
'libvirt_vcpus_count', 'libvirt_mem_mb', 'libvirt_uri', 'libvirt_system_uri',
'libvirt_host_passthrough', 'libvirt_qemu_group',
'libvirt_extra_storage_aio_mode', 'libvirt_extra_storage_aio_cache_mode',
'libvirt_extra_storage_nvme_logical_block_size', 'libvirt_extra_drive_format',
'libvirt_override_machine_type', 'libvirt_machine_type',
'devconfig_custom_yum_repofile', 'devconfig_kernel_console',
'devconfig_grub_console', 'devconfig_systemd_watchdog_runtime_timeout',
'devconfig_systemd_watchdog_reboot_timeout',
'devconfig_systemd_watchdog_kexec_timeout', 'pcie_passthrough_devices',
'search_list', 'linux_next_configs', 'config_file_names', 'linux_config',
'result', 'clang_result', 'rpmbuild_result', 'username_on_target',
'target_user', 'getent_running_user', 'getent_on_group', 'user_primary_gid',
'getent_primary_group', 'terraform_output', 'mountpoint_stat',
'fstab_grep_stat', 'label_grep', 'stat_result', 'create_data_fs',
'part_mounts', 'target_directory_stat', 'configure_done', 'nproc_9p',
'cc_test_result', 'target_linux_kernelversion', 'snaik_oil_file_9p',
'uname_cmd_before', 'found_uninstall_kfiles', 'grub_update', 'efi_boot',
'grub_config_file', 'grub_default_saved_cmd', 'found_rpms', 'install_done',
'grub_disable_submenu_cmd', 'kernelrelease_file', 'kernel_release_file',
'slurped_kernel_release', 'kernelrelease', 'grub_boot_number_cmd',
'playbook_dir', 'ansible_playbook_python', 'ansible_config_file',
'ansible_role_names', 'ansible_play_role_names',
'ansible_dependent_role_names', 'role_names', 'ansible_play_name', 'role_name',
'role_path', 'role_uuid', 'ansible_collection_name', 'ansible_role_name',
'groups', 'ansible_play_hosts_all', 'ansible_play_hosts', 'ansible_play_batch',
'play_hosts', 'omit', 'ansible_version', 'ansible_check_mode',
'ansible_diff_mode', 'ansible_forks', 'ansible_inventory_sources',
'ansible_skip_tags', 'ansible_limit', 'ansible_run_tags', 'ansible_verbosity',
'hostvars', 'environment', 'vars', 'ansible_callback_diy', 'changed',
'skip_reason', '_ansible_no_log']}'. Error was a <class
'ansible.errors.AnsibleError'>, original message: An unhandled exception
occurred while running the lookup plugin 'ansible.builtin.file'. Error was a
<class 'ansible.errors.AnsibleError'>, original message: could not locate file
in lookup: /data/vfs/include/config/kernel.release. could not locate file in
lookup: /data/vfs/include/config/kernel.release
[WARNING]: Failure using method (v2_runner_on_skipped) in callback plugin
(<ansible_collections.community.general.plugins.callback.diy.CallbackModule
object at 0xffff7dc036a0>): An unhandled exception occurred while templating
'{'playbook': {'entries': [Bootlinux], 'file_name': 'playbooks/bootlinux.yml',
'basedir': '/data1-xfs/dagomez/kdevops/playbooks'}, 'play':
{'any_errors_fatal': False, 'become': False, 'become_flags': None,
'become_method': 'sudo', 'become_user': None, 'check_mode': False,
'collections': [], 'connection': 'ssh', 'debugger': None, 'diff': False,
'environment': None, 'fact_path': None, 'finalized': True, 'force_handlers':
False, 'gather_facts': None, 'gather_subset': None, 'gather_timeout': None,
'handlers': [], 'hosts': ['all'], 'ignore_errors': None, 'ignore_unreachable':
None, 'included_conditional': None, 'included_path': None,
'max_fail_percentage': None, 'module_defaults': None, 'name': 'Bootlinux',
'no_log': False, 'only_tags': {'all'}, 'order': None, 'port': None,
'post_tasks': [], 'pre_tasks': [], 'remote_user': None, 'removed_hosts': [],
'roles': [bootlinux], 'run_once': None, 'serial': [], 'skip_tags': set(),
'squashed': False, 'strategy': 'linear', 'tags': [], 'tasks': [], 'uuid':
'd85ed3e1-3e79-48eb-f19c-000000000004', 'validated': True, 'vars_files': [],
'vars_prompt': []}, 'task': {'action': 'ansible.builtin.set_fact',
'any_errors_fatal': False, 'args': {'kernelrelease': "{{
lookup('ansible.builtin.file', kernelrelease_file) | trim }}"}, 'async': 0,
'async_val': 0, 'become': False, 'become_flags': None, 'become_method': 'sudo',
'become_user': None, 'changed_when': [], 'check_mode': False, 'collections':
[], 'connection': 'ssh', 'debugger': None, 'delay': 5, 'delegate_facts': None,
'delegate_to': None, 'diff': False, 'environment': [], 'failed_when': [],
'finalized': False, 'ignore_errors': None, 'ignore_unreachable': None, 'loop':
None, 'loop_control': <ansible.playbook.loop_control.LoopControl object at
0xffff7cc55130>, 'loop_with': None, 'module_defaults': [], 'name': 'Get the
kernel release of packaged kernel to be installed', 'no_log': False, 'notify':
None, 'parent': BLOCK(uuid=d85ed3e1-3e79-48eb-f19c-000000000098)(id=28147277639
7104)(parent=TASK: bootlinux : Set the default kernel if necessary), 'poll':
15, 'port': None, 'register': None, 'remote_user': None, 'retries': 3, 'role':
bootlinux, 'run_once': None, 'squashed': False, 'tags': ['saved'], 'untagged':
frozenset({'untagged'}), 'until': [], 'uuid':
'd85ed3e1-3e79-48eb-f19c-00000000009b', 'validated': True, 'when':
['workflow_linux_packaged|bool', 'kernel_release_file.stat.exists']}, 'result':
{'host': kci-18051236464-20-xfs-reflink-4k-dev, 'task': TASK: bootlinux : Get
the kernel release of packaged kernel to be installed, 'task_name': 'Get the
kernel release of packaged kernel to be installed', 'is_changed': False,
'is_failed': False, 'is_skipped': False, 'is_unreachable': False, 'output':
{'changed': False, 'skip_reason': 'Conditional result was False',
'_ansible_no_log': False}}, 'top_level_var_names': ['kdevops_bootlinux',
'infer_uid_and_group', 'data_path', 'data_user', 'data_group', 'data_device',
'data_fstype', 'data_label', 'data_fs_opts', 'target_linux_admin_name',
'target_linux_admin_email', 'target_linux_git', 'target_linux_shallow_depth',
'target_linux_tree', 'target_linux_dir_path', 'kdevops_baseline_and_dev',
'target_linux_ref', 'target_linux_delta_file', 'target_linux_config', 'make',
'target_linux_make_cmd', 'bootlinux_make_params',
'bootlinux_build_environment', 'target_linux_make_install_cmd',
'uninstall_kernel_enable', 'bootlinux_b4_am_this_host', 'bootlinux_9p',
'bootlinux_targets', 'bootlinux_builder', 'kdevops_workflow_enable_cxl',
'bootlinux_cxl_test', 'bootlinux_tree_set_by_cli', 'bootlinux_artifacts_dir',
'kernel_packages', 'workflow_linux_packaged', 'bootlinux_ab_same_ref',
'bootlinux_ab_different_ref', 'bootlinux_dev_tree', 'target_linux_dev_ref',
'target_linux_dev_kernelrelease', 'target_linux_dev_localversion',
'bootlinux_tree_custom_kernelrelease', 'bootlinux_tree_custom_localversion',
'bootlinux_is_dev_node', 'bootlinux_debug_ref',
'bootlinux_use_config_fragments', 'bootlinux_fragment_tiny',
'bootlinux_fragment_nopm', 'bootlinux_fragment_debug',
'bootlinux_fragment_hardening', 'bootlinux_fragment_kvm_guest',
'bootlinux_fragment_xen', 'bootlinux_fragment_rust',
'bootlinux_fragment_64bit', 'bootlinux_fragment_systemd',
'bootlinux_fragment_distro', 'bootlinux_fragment_storage',
'bootlinux_fragment_virtio_fs', 'bootlinux_fragment_numa',
'bootlinux_fragment_modules', 'bootlinux_fragment_initramfs',
'bootlinux_fragment_ebpf', 'bootlinux_fragment_gdb',
'bootlinux_fragment_vm_debug', 'bootlinux_fragment_localversion',
'bootlinux_fragment_blktrace', 'bootlinux_fragment_ksm',
'bootlinux_fragment_arm64_4k_pages', 'bootlinux_fragment_arm64_16k_pages',
'bootlinux_fragment_arm64_64k_pages', 'bootlinux_fragment_buffer_head',
'bootlinux_fragment_ebpf_errorinj', 'bootlinux_fragment_localauto',
'bootlinux_fragment_moby', 'bootlinux_fragment_modules_blk',
'bootlinux_fragment_x86', 'bootlinux_fragment_xarray',
'bootlinux_fragment_xarray_no_multi', 'ansible_python_interpreter',
'data_home_dir', 'num_jobs', 'sparsefiles_device', 'sparsefiles_path',
'sparsefiles_fstype', 'sparsefiles_label', 'sparsefiles_fs_opts', 'pkg_libaio',
'inventory_file', 'inventory_dir', 'inventory_hostname',
'inventory_hostname_short', 'group_names', 'ansible_facts',
'ansible_ssh_host_key_rsa_public', 'ansible_ssh_host_key_rsa_public_keytype',
'ansible_ssh_host_key_ecdsa_public',
'ansible_ssh_host_key_ecdsa_public_keytype',
'ansible_ssh_host_key_ed25519_public',
'ansible_ssh_host_key_ed25519_public_keytype', 'ansible_dns', 'ansible_system',
'ansible_kernel', 'ansible_kernel_version', 'ansible_machine',
'ansible_python_version', 'ansible_fqdn', 'ansible_hostname',
'ansible_nodename', 'ansible_domain', 'ansible_userspace_bits',
'ansible_architecture', 'ansible_machine_id', 'ansible_distribution',
'ansible_distribution_release', 'ansible_distribution_version',
'ansible_distribution_major_version', 'ansible_distribution_file_path',
'ansible_distribution_file_variety', 'ansible_distribution_file_parsed',
'ansible_os_family', 'ansible_is_chroot', 'ansible_user_id',
'ansible_user_uid', 'ansible_user_gid', 'ansible_user_gecos',
'ansible_user_dir', 'ansible_user_shell', 'ansible_real_user_id',
'ansible_effective_user_id', 'ansible_real_group_id',
'ansible_effective_group_id', 'ansible_fibre_channel_wwn', 'ansible_apparmor',
'ansible_loadavg', 'ansible_env', 'ansible_python',
'ansible_virtualization_role', 'ansible_virtualization_type',
'ansible_virtualization_tech_guest', 'ansible_virtualization_tech_host',
'ansible_fips', 'ansible_local', 'ansible_system_capabilities_enforced',
'ansible_system_capabilities', 'ansible_date_time', 'ansible_hostnqn',
'ansible_selinux_python_present', 'ansible_selinux', 'ansible_iscsi_iqn',
'ansible_cmdline', 'ansible_proc_cmdline', 'ansible_lsb', 'ansible_processor',
'ansible_processor_count', 'ansible_processor_cores',
'ansible_processor_threads_per_core', 'ansible_processor_vcpus',
'ansible_processor_nproc', 'ansible_memtotal_mb', 'ansible_memfree_mb',
'ansible_swaptotal_mb', 'ansible_swapfree_mb', 'ansible_memory_mb',
'ansible_bios_date', 'ansible_bios_vendor', 'ansible_bios_version',
'ansible_board_asset_tag', 'ansible_board_name', 'ansible_board_serial',
'ansible_board_vendor', 'ansible_board_version', 'ansible_chassis_asset_tag',
'ansible_chassis_serial', 'ansible_chassis_vendor', 'ansible_chassis_version',
'ansible_form_factor', 'ansible_product_name', 'ansible_product_serial',
'ansible_product_uuid', 'ansible_product_version', 'ansible_system_vendor',
'ansible_devices', 'ansible_device_links', 'ansible_uptime_seconds',
'ansible_lvm', 'ansible_mounts', 'ansible_service_mgr', 'ansible_interfaces',
'ansible_enp1s0', 'ansible_lo', 'ansible_default_ipv4', 'ansible_default_ipv6',
'ansible_all_ipv4_addresses', 'ansible_all_ipv6_addresses', 'ansible_pkg_mgr',
'gather_subset', 'module_setup', 'getent_passwd', 'getent_group',
'kdevops_first_run', 'distro_redhat_based', 'distro_centos',
'target_arch_x86_64', 'target_arch_arm64', 'target_arch_ppc64le',
'kdevops_ssh_config_prefix', 'install_only_git_daemon',
'kdevops_enable_guestfs', 'guestfs_storage_dir', 'guestfs_base_image_dir',
'kdevops_use_declared_hosts', 'libvirt_uri_system', 'libvirt_uri_path',
'libvirt_storage_pool_path', 'qemu_bin_path', 'qemu_build',
'libvirt_image_size', 'libvirt_machine_type_string',
'libvirt_extra_storage_drive_count', 'libvirt_extra_storage_drive_nvme',
'libvirt_extra_storage_drive_virtio', 'libvirt_extra_storage_drive_ide',
'libvirt_extra_storage_drive_scsi', 'libvirt_storage_pool_create',
'libvirt_enable_gdb', 'kdevops_storage_pool_user', 'kdevops_storage_pool_path',
'bootlinux_compiler_gcc', 'bootlinux_compiler_clang',
'bootlinux_reproducible_builds', 'bootlinux_clean_before_build',
'bootlinux_ccache', 'bootlinux_ccache_system_wide',
'bootlinux_ccache_kdevops_managed', 'bootlinux_tree', 'kdevops_workflow_name',
'kdevops_workflow_enable_sysbench', 'sysbench_db_type_postgresql',
'sysbench_test_atomics', 'sysbench_test_atomics_tps_variability',
'sysbench_disable_full_page_writes_auto',
'sysbench_disable_full_page_writes_always',
'sysbench_test_atomics_xfs_16k_4ks_lbs',
'sysbench_test_atomics_xfs_32k_4ks_lbs',
'sysbench_test_atomics_xfs_64k_4ks_lbs',
'sysbench_test_atomics_ext4_4k_4ks_bigalloc_16k',
'sysbench_test_atomics_ext4_4k_4ks_bigalloc_32k',
'sysbench_test_atomics_ext4_4k_4ks_bigalloc_64k', 'sysbench_device_baseline',
'sysbench_device_dev', 'sysbench_label', 'sysbench_mnt', 'sysbench_fs_xfs',
'sysbench_supported_filesystem_xfs', 'sysbench_xfs_sector_size_512',
'sysbench_xfs_sector_size_4k', 'sysbench_xfs_sector_size_16k',
'sysbench_xfs_sector_size_32k', 'sysbench_xfs_sector_size',
'sysbench_xfs_section_reflink_4k', 'sysbench_xfs_section_reflink_4k_cmd',
'sysbench_xfs_section_reflink_4k_db_page_size',
'sysbench_xfs_section_reflink_8k', 'sysbench_xfs_section_reflink_16k',
'sysbench_xfs_section_reflink_32k', 'sysbench_xfs_section_reflink_64k',
'sysbench_fs_ext4', 'sysbench_docker', 'sysbench_native',
'sysbench_local_db_port', 'sysbench_type_postgresql_native',
'sysbench_postgresql_version_rel_17', 'sysbench_postgresql_version_rel_16',
'sysbench_postgresql_version_rel_15', 'sysbench_postgresql_ref_string',
'sysbench_postgresql_repo_path', 'sysbench_postgresql_blocksize',
'sysbench_postgresql_wal_blocksize', 'sysbench_postgresql_user',
'sysbench_postgresql_logfile', 'sysbench_postgresql_pgdata',
'sysbench_postgresql_controldata_logfile', 'sysbench_postgresql_configuration',
'sysbench_db_type', 'sysbench_db_name', 'sysbench_db_username',
'sysbench_root_db_password', 'sysbench_db_password',
'sysbench_report_interval', 'sysbench_oltp_table_size',
'sysbench_oltp_table_count', 'sysbench_threads', 'sysbench_test_duration',
'sysbench_telemetry_path', 'kdevops_workflow_enable_ssd_steady_state',
'enable_monitoring', 'kdevops_hosts_prefix', 'kdevops_host_prefix',
'ansible_cfg_callback_plugin_string',
'ansible_cfg_callback_plugin_check_mode_markers',
'ansible_cfg_callback_plugin_display_failed_stderr',
'ansible_cfg_callback_plugin_display_ok_hosts',
'ansible_cfg_callback_plugin_display_skipped_hosts',
'ansible_cfg_callback_plugin_show_custom_stats',
'ansible_cfg_callback_plugin_show_per_host_start',
'ansible_cfg_callback_plugin_show_task_path_on_failure',
'ansible_cfg_callback_plugin_profile_tasks',
'ansible_cfg_deprecation_warnings', 'ansible_cfg_interpreter_python_string',
'ansible_cfg_forks', 'ansible_cfg_task_debugger', 'kdevops_version',
'topdir_path_sha256sum', 'ansible_cfg_file', 'ansible_cfg_inventory',
'pcie_passthrough_enable', 'pcie_passthrough_target_type_each_per_device',
'pcie_passthrough_target_type', 'guestfs_path', 'virtbuilder_os_version',
'libvirt_provider', 'kdevops_storage_pool_group', 'storage_pool_group',
'devconfig_enable_systemd_timesyncd', 'devconfig_enable_systemd_timesyncd_ntp',
'devconfig_enable_systemd_timesyncd_ntp_google_debian',
'devconfig_systemd_journal_remote_url',
'devconfig_enable_systemd_journal_remote',
'devconfig_systemd_journal_use_http', 'kdevops_git', 'kdevops_git_version',
'kdevops_data', 'kdevops_dir', 'target_linux_kernelrelease',
'target_linux_localversion', 'bootlinux_9p_host_path', 'bootlinux_9p_msize',
'bootlinux_9p_fsdev', 'bootlinux_9p_security_model', 'bootlinux_9p_driver',
'bootlinux_9p_mount_tag', 'devconfig_enable_console', 'devconfig_grub_timeout',
'sshconfig', 'kdevops_ssh_config', 'kdevops_ansible_provision_playbook',
'kdevops_devconfig_custom_repos', 'kdevops_devconfig_custom_packages',
'topdir_path', 'kdevops_playbooks_dir', 'kdevops_hosts_template',
'kdevops_hosts_template_full_path', 'kdevops_playbooks_dir_full_path',
'kdevops_genhosts_templates_dir', 'kdevops_python_interpreter',
'kdevops_python_old_interpreter', 'kdevops_workflows_dedicated_workflow',
'kdevops_nodes', 'kdevops_nodes_template', 'kdevops_nodes_template_full_path',
'libvirt_vcpus_count', 'libvirt_mem_mb', 'libvirt_uri', 'libvirt_system_uri',
'libvirt_host_passthrough', 'libvirt_qemu_group',
'libvirt_extra_storage_aio_mode', 'libvirt_extra_storage_aio_cache_mode',
'libvirt_extra_storage_nvme_logical_block_size', 'libvirt_extra_drive_format',
'libvirt_override_machine_type', 'libvirt_machine_type',
'devconfig_custom_yum_repofile', 'devconfig_kernel_console',
'devconfig_grub_console', 'devconfig_systemd_watchdog_runtime_timeout',
'devconfig_systemd_watchdog_reboot_timeout',
'devconfig_systemd_watchdog_kexec_timeout', 'pcie_passthrough_devices',
'search_list', 'linux_next_configs', 'config_file_names', 'linux_config',
'result', 'clang_result', 'rpmbuild_result', 'username_on_target',
'target_user', 'getent_running_user', 'getent_on_group', 'user_primary_gid',
'getent_primary_group', 'terraform_output', 'mountpoint_stat',
'fstab_grep_stat', 'label_grep', 'stat_result', 'create_data_fs',
'part_mounts', 'target_directory_stat', 'configure_done', 'nproc_9p',
'cc_test_result', 'target_linux_kernelversion', 'snaik_oil_file_9p',
'uname_cmd_before', 'found_uninstall_kfiles', 'grub_update', 'efi_boot',
'grub_config_file', 'grub_default_saved_cmd', 'found_rpms', 'install_done',
'grub_disable_submenu_cmd', 'kernelrelease_file', 'kernel_release_file',
'slurped_kernel_release', 'kernelrelease', 'grub_boot_number_cmd',
'playbook_dir', 'ansible_playbook_python', 'ansible_config_file',
'ansible_role_names', 'ansible_play_role_names',
'ansible_dependent_role_names', 'role_names', 'ansible_play_name', 'role_name',
'role_path', 'role_uuid', 'ansible_collection_name', 'ansible_role_name',
'groups', 'ansible_play_hosts_all', 'ansible_play_hosts', 'ansible_play_batch',
'play_hosts', 'omit', 'ansible_version', 'ansible_check_mode',
'ansible_diff_mode', 'ansible_forks', 'ansible_inventory_sources',
'ansible_skip_tags', 'ansible_limit', 'ansible_run_tags', 'ansible_verbosity',
'hostvars', 'environment', 'vars', 'ansible_callback_diy', 'changed',
'skip_reason', '_ansible_no_log']}'. Error was a <class
'ansible.errors.AnsibleError'>, original message: An unhandled exception
occurred while running the lookup plugin 'ansible.builtin.file'. Error was a
<class 'ansible.errors.AnsibleError'>, original message: could not locate file
in lookup: /data/vfs/include/config/kernel.release. could not locate file in
lookup: /data/vfs/include/config/kernel.release
TASK: Reboot into Linux vfs [kci-18051236464-20-xfs-reflink-4k,kci-18051236464-20-xfs-reflink-4k-dev]
⠀⠀✓ [kci-18051236464-20-xfs-reflink-4k-dev]
⠀⠀✓ [kci-18051236464-20-xfs-reflink-4k]
TASK: Run uname [kci-18051236464-20-xfs-reflink-4k,kci-18051236464-20-xfs-reflink-4k-dev]
$ uname -r
6.11.0-rc1+
$ uname -r
6.11.0-rc1+
TASK:  [kci-18051236464-20-xfs-reflink-4k,kci-18051236464-20-xfs-reflink-4k-dev]
⠀⠀✓ [kci-18051236464-20-xfs-reflink-4k]
⠀⠀✓ [kci-18051236464-20-xfs-reflink-4k-dev]
PLAYBOOK SUMMARY
================
STATUS        OK  CHANGED  FAILED  HOST
OK            69       27       0  kci-18051236464-20-xfs-reflink-4k
OK            55       17       0  kci-18051236464-20-xfs-reflink-4k-dev

TASKS RECAP ********************************************************************
Friday 03 October 2025  14:09:38 -0400 (0:05:59.108)       0:05:59.108 ******** 
=============================================================================== 
bootlinux : Build vfs on the control node using 128 threads ------------ 92.55s
bootlinux : Git clone vfs on the control node -------------------------- 73.70s
bootlinux : Install vfs on the target nodes ---------------------------- 51.60s
bootlinux : Reboot into Linux vfs -------------------------------------- 25.35s
bootlinux : Install minimal build tools for kernel installation (dnf) -- 20.63s
bootlinux : Install packages we care about ----------------------------- 15.24s
bootlinux : Install btrfs-progs ---------------------------------------- 10.78s
create_partition : Install partition creation base tools ---------------- 9.38s
bootlinux : Clean kernel source before configuration (make mrproper) on the control node --- 5.65s
bootlinux : Configure kernel with oldconfig (9P build - monolithic config only) --- 5.30s
create_partition : Install btrfs-progs ---------------------------------- 4.18s
bootlinux : Run update-grub --------------------------------------------- 2.42s
bootlinux : Run update-grub --------------------------------------------- 2.40s
Gathering Facts --------------------------------------------------------- 2.29s
bootlinux : Remove packages that mess with initramfs -------------------- 1.41s
bootlinux : Run uname before -------------------------------------------- 1.40s
create_partition : Wipe old filesystem if /dev/disk/by-id/nvme-QEMU_NVMe_Ctrl_kdevops0 was not on /etc/fstab --- 1.21s
create_partition : Create filesystem if /dev/disk/by-id/nvme-QEMU_NVMe_Ctrl_kdevops0 has no partitions and is not mounted --- 1.20s
bootlinux : Ensure we can get the GRUB prompt on reboot ----------------- 1.15s
create_partition : Mount data filesystem if /data is not mounted -------- 1.08s
----------------------------------------

